case_id,article_id,relation,assertion_status,head_kind,head_start,head_end,head_cui,head_entity_type,head_text,tail_start,tail_end,tail_cui,tail_entity_type,tail_text,trigger_text,trigger_start,trigger_end,trigger_category,sent_start,sent_end,token_gap,same_clause,score,rule_path
PMC10106591_01,PMC10106591,COORDINATE_WITH,affirmed,Concept,115,125,C0008031,Symptom,chest pain,130,145,C0232292,Symptom,chest tightness,,,,,0,189,1,False,1.2,pair.no_trigger|pair.dist_1_3|pair.cross_clause|pair.type_prior|pair.coordinate
PMC10106591_01,PMC10106591,HAS_SYMPTOM,affirmed,Person,,,,Person,,212,222,C0008031,Symptom,chest pain,reported,194,202,PRESENT,190,439,4,False,2.727,score.trigger_weight|pair.dist_4_10|pair.cross_clause|pair.patient_anchor
PMC10106591_01,PMC10106591,HAS_SYMPTOM,affirmed,Concept,212,222,C0008031,Symptom,chest pain,293,310,C0151826,Symptom,retrosternal pain,started,228,235,TREAT,190,439,11,True,1.727,score.trigger_weight|pair.dist_gt_10|pair.same_clause|pair.type_prior
PMC10106591_01,PMC10106591,HAS_SYMPTOM,negated,Concept,374,380,C0729889,BodyPart,throat,389,408,C0013404,Symptom,shortness of breath,,,,,190,439,1,True,1.0,pair.no_trigger|pair.dist_1_3|pair.same_clause
PMC10106591_01,PMC10106591,COORDINATE_WITH,affirmed,Concept,410,422,C0030252,Finding,palpitations,427,438,C0700590,Finding,diaphoresis,,,,,190,439,1,False,1.2,pair.no_trigger|pair.dist_1_3|pair.cross_clause|pair.type_prior|pair.coordinate
PMC10106591_01,PMC10106591,HAS_DIAGNOSIS,historical,Concept,582,597,C0262926,Finding,medical history,607,619,C0020538,Diagnosis,hypertension,included,598,606,,578,698,1,True,4.207,score.trigger_weight|pair.dist_1_3|pair.same_clause|pair.type_prior
PMC10106591_01,PMC10106591,HAS_FINDING,affirmed,Person,,,,Person,,717,743,C0235401,Finding,abnormal glucose tolerance,reported,708,716,PRESENT,699,762,3,False,3.527,score.trigger_weight|pair.dist_1_3|pair.cross_clause|pair.patient_anchor
PMC10106591_01,PMC10106591,REVEALED_BY,affirmed,Person,,,,Person,,868,888,C0442816,Finding,within normal limits,revealed,838,846,REVEAL,802,1042,9,False,2.727,score.trigger_weight|pair.dist_4_10|pair.cross_clause|pair.patient_anchor
PMC10106591_01,PMC10106591,HAS_FINDING,affirmed,Concept,890,904,C1271104,Finding,blood pressure,918,922,C3842090,Finding,1 mm,,,,,802,1042,3,True,1.2,pair.no_trigger|pair.dist_1_3|pair.same_clause|pair.type_prior
PMC10106591_01,PMC10106591,HAS_FINDING,affirmed,Concept,940,945,C0018787,BodyPart,heart,952,954,C0332167,Finding,HR,,,,,802,1042,1,True,1.0,pair.no_trigger|pair.dist_1_3|pair.same_clause
PMC10106591_01,PMC10106591,REVEALED_BY,affirmed,Concept,1055,1064,C4522268,Finding,pulmonary,1086,1105,C0577821,Finding,normal heart sounds,revealed,1077,1085,REVEAL,1043,1153,2,True,4.227,score.trigger_weight|pair.dist_1_3|pair.same_clause|pair.type_prior
PMC10106591_01,PMC10106591,HAS_FINDING,negated,Concept,1086,1105,C0577821,Finding,normal heart sounds,1114,1120,C0018808,Finding,murmur,,,,,1043,1153,1,True,1.2,pair.no_trigger|pair.dist_1_3|pair.same_clause|pair.type_prior
PMC10106591_01,PMC10106591,REVEALED_BY,affirmed,Concept,1140,1152,C0004339,Exam,auscultation,1131,1136,C0024109,BodyPart,lungs,,,,,1043,1153,1,True,1.0,pair.no_trigger|pair.dist_1_3|pair.same_clause|orient.swapped
PMC10106591_01,PMC10106591,HAS_FINDING,affirmed,Concept,1312,1315,C1623258,Exam,ECG,1342,1361,C0232202,Finding,normal sinus rhythm,performed at,1317,1329,TREAT,1289,1662,4,True,3.854,score.trigger_weight|pair.dist_4_10|pair.same_clause|pair.type_prior
PMC10106591_01,PMC10106591,HAS_FINDING,affirmed,Concept,1408,1424,C0013516,Exam,echocardiography,1461,1470,C0205400,Finding,thickened,completed in,1425,1437,,1289,1662,7,True,3.494,score.trigger_weight|pair.dist_4_10|pair.same_clause|pair.type_prior
PMC10106591_01,PMC10106591,LOCATED_IN,affirmed,Concept,1461,1470,C0205400,Finding,thickened,1471,1489,C0225870,BodyPart,ventricular septum,,,,,1289,1662,0,True,1.23,pair.no_trigger|pair.dist_0|pair.same_clause|pair.type_prior
PMC10106591_01,PMC10106591,REVEALED_BY,affirmed,Concept,1583,1612,C0042508,Exam,ventricular ejection fraction,1570,1577,C0392756,Finding,reduced,,,,,1289,1662,1,True,1.0,pair.no_trigger|pair.dist_1_3|pair.same_clause|orient.swapped
PMC10106591_01,PMC10106591,TREATED_WITH,affirmed,Concept,1985,2004,C1968319,Treatment,clopidogrel (300 mg,2025,2045,C0085532,Exam,coronary angiography,prescribed,2010,2020,TREAT,1892,2120,3,False,2.027,score.trigger_weight|pair.dist_1_3|pair.cross_clause
PMC10106591_01,PMC10106591,TREATED_WITH,affirmed,Concept,1966,1981,C0983862,Treatment,aspirin (300 mg,1985,2004,C1968319,Treatment,clopidogrel (300 mg,,,,,1892,2120,0,True,1.0,pair.no_trigger|pair.dist_0|pair.same_clause|pair.type_prior
PMC10106591_01,PMC10106591,REVEALED_BY,affirmed,Concept,2282,2285,C1623258,Exam,ECG,2246,2256,C0008031,Symptom,chest pain,recurred,2257,2265,,2204,2430,0,False,1.307,score.trigger_weight|pair.dist_1_3|pair.cross_clause|orient.swapped
PMC10106591_01,PMC10106591,REVEALED_BY,affirmed,Concept,2282,2285,C1623258,Exam,ECG,2295,2315,C0520886,Finding,ST-segment elevation,revealed,2286,2294,REVEAL,2204,2430,1,True,5.027,score.trigger_weight|pair.dist_1_3|pair.same_clause|pair.type_prior
PMC10106591_01,PMC10106591,CAUSED_BY,affirmed,Concept,2295,2315,C0520886,Finding,ST-segment elevation,2350,2352,C0332167,Finding,HR,lead,2319,2323,CAUSE,2204,2430,7,False,1.427,score.trigger_weight|pair.dist_4_10|pair.cross_clause|pair.type_prior
PMC10106591_01,PMC10106591,HAS_FINDING,affirmed,Concept,2350,2352,C0332167,Finding,HR,2384,2395,C0020649,Finding,hypotension,accompanied by,2369,2383,,2204,2430,6,True,2.694,score.trigger_weight|pair.dist_4_10|pair.same_clause|pair.type_prior
PMC10106591_01,PMC10106591,HAS_FINDING,affirmed,Concept,2493,2496,C1623258,Exam,ECG,2498,2502,C0475806,Finding,near,,,,,2431,2633,0,True,1.8,pair.no_trigger|pair.dist_0|pair.same_clause|pair.type_prior
PMC10106591_01,PMC10106591,HAS_SYMPTOM,affirmed,Concept,2498,2502,C0475806,Finding,near,2515,2525,C0008031,Symptom,chest pain,,,,,2431,2633,2,True,1.0,pair.no_trigger|pair.dist_1_3|pair.same_clause
PMC10106591_01,PMC10106591,HAS_FINDING,affirmed,Concept,2676,2685,C0012373,Treatment,diltiazem,2729,2735,C0564405,Finding,relief,administered intravenously with,2690,2721,TREAT,2634,2837,5,True,1.869,score.trigger_weight|pair.dist_4_10|pair.same_clause
PMC10106591_01,PMC10106591,HAS_SYMPTOM,affirmed,Concept,2729,2735,C0564405,Finding,relief,2739,2749,C0008031,Symptom,chest pain,,,,,2634,2837,1,True,1.0,pair.no_trigger|pair.dist_1_3|pair.same_clause
PMC10106591_01,PMC10106591,HAS_FINDING,affirmed,Concept,2783,2787,C1995000,BodyPart,back,2791,2803,C0232201,Finding,sinus rhythm,,,,,2634,2837,1,True,1.0,pair.no_trigger|pair.dist_1_3|pair.same_clause
PMC10106591_01,PMC10106591,HAS_FINDING,affirmed,Concept,2791,2803,C0232201,Finding,sinus rhythm,2805,2807,C0332167,Finding,HR,,,,,2634,2837,0,True,1.0,pair.no_trigger|pair.dist_0|pair.same_clause|pair.type_prior
PMC10106591_01,PMC10106591,LOCATED_IN,affirmed,Concept,3266,3274,C1261287,Diagnosis,stenosis,3296,3317,C1261316,BodyPart,right coronary artery,,,,,2933,3369,5,True,1.01,pair.no_trigger|pair.dist_4_10|pair.same_clause|pair.type_prior
PMC10106591_01,PMC10106591,REVEALED_BY,affirmed,Person,,,,Person,,3424,3446,C0023508,Exam,white blood cell count,revealed,3410,3418,REVEAL,3370,3665,7,False,2.727,score.trigger_weight|pair.dist_4_10|pair.cross_clause|pair.patient_anchor
PMC10106591_01,PMC10106591,HAS_FINDING,affirmed,Concept,3624,3634,C0042014,Exam,urinalysis,3644,3664,C0442816,Finding,within normal limits,,,,,3370,3665,2,True,2.0,pair.no_trigger|pair.dist_1_3|pair.same_clause|pair.type_prior
PMC10106591_01,PMC10106591,REVEALED_BY,affirmed,Person,,,,Person,,3699,3702,C1623258,Exam,ECG,based on,3666,3674,,3666,3749,5,False,1.994,score.trigger_weight|pair.dist_4_10|pair.cross_clause|pair.patient_anchor
PMC10106591_01,PMC10106591,REVEALED_BY,affirmed,Person,,,,Person,,3786,3789,C1623258,Exam,ECG,repeated,3750,3758,,3750,3813,6,False,2.007,score.trigger_weight|pair.dist_4_10|pair.cross_clause|pair.patient_anchor
PMC10106591_01,PMC10106591,TREATED_WITH,affirmed,Person,,,,Person,,3846,3855,C0012373,Treatment,diltiazem,prescribed,3835,3845,TREAT,3814,4023,5,False,2.727,score.trigger_weight|pair.dist_4_10|pair.cross_clause|pair.patient_anchor
PMC10106591_01,PMC10106591,HAS_DIAGNOSIS,affirmed,Concept,4046,4056,C0087111,Treatment,treatments,4071,4090,C0151744,Diagnosis,myocardial ischemia,improving,4061,4070,,4024,4166,2,False,1.127,score.trigger_weight|pair.dist_1_3|pair.cross_clause|pair.type_prior
PMC10106591_01,PMC10106591,COORDINATE_WITH,affirmed,Concept,4118,4128,C0008031,Symptom,chest pain,4132,4142,C2364135,Symptom,discomfort,,,,,4024,4166,1,False,1.2,pair.no_trigger|pair.dist_1_3|pair.cross_clause|pair.type_prior|pair.coordinate
PMC10106591_01,PMC10106591,TREATED_WITH,affirmed,Person,,,,Person,,4212,4217,C1874451,Treatment,basis,followed up on,4183,4197,,4167,4278,8,False,1.989,score.trigger_weight|pair.dist_4_10|pair.cross_clause|pair.patient_anchor
PMC10106591_01,PMC10106591,HAS_DIAGNOSIS,negated,Concept,4212,4217,C1874451,Treatment,basis,4226,4236,C2825055,Diagnosis,recurrence,,,,,4167,4278,1,True,1.18,pair.no_trigger|pair.dist_1_3|pair.same_clause|pair.type_prior
PMC10106591_01,PMC10106591,HAS_SYMPTOM,negated,Concept,4226,4236,C2825055,Diagnosis,recurrence,4240,4250,C0008031,Symptom,chest pain,,,,,4167,4278,1,True,1.8,pair.no_trigger|pair.dist_1_3|pair.same_clause|pair.type_prior
PMC10405809_01,PMC10405809,HAS_DIAGNOSIS,affirmed,Person,,,,Person,,48,57,C0011168,Diagnosis,dysphagia,presented with,21,35,PRESENT,0,105,7,False,2.354,score.trigger_weight|pair.dist_4_10|pair.cross_clause|pair.patient_anchor
PMC10405809_01,PMC10405809,COORDINATE_WITH,affirmed,Concept,114,123,C0018834,Symptom,heartburn,128,151,C0232494,Symptom,epigastric burning pain,,,,,106,242,1,False,1.2,pair.no_trigger|pair.dist_1_3|pair.cross_clause|pair.type_prior|pair.coordinate
PMC10405809_01,PMC10405809,LOCATED_IN,negated,Person,,,,Person,,530,540,C0024204,BodyPart,lymph node,have,513,517,PRESENT,501,553,5,False,1.227,score.trigger_weight|pair.dist_4_10|pair.cross_clause|pair.patient_anchor
PMC10405809_01,PMC10405809,REVEALED_BY,affirmed,Person,,,,Person,,695,710,C0023508,Exam,leukocyte count,showed,660,666,REVEAL,639,853,8,False,2.727,score.trigger_weight|pair.dist_4_10|pair.cross_clause|pair.patient_anchor
PMC10405809_01,PMC10405809,REVEALED_BY,affirmed,Concept,763,771,C0015879,Treatment,ferritin,825,852,C0427491,Exam,hypochromic red blood cells,showed,803,809,REVEAL,639,853,8,False,1.227,score.trigger_weight|pair.dist_4_10|pair.cross_clause
PMC10405809_01,PMC10405809,LOCATED_IN,affirmed,Concept,854,868,C0203065,Exam,Barium swallow,944,962,C0227186,BodyPart,cervical esophagus,showed,869,875,REVEAL,854,1049,16,True,1.927,score.trigger_weight|pair.dist_gt_10|pair.same_clause|pair.type_prior
PMC10405809_01,PMC10405809,HAS_DIAGNOSIS,affirmed,Concept,1007,1016,C0014876,BodyPart,esophagus,1031,1039,C0012359,Diagnosis,dilation,,,,,854,1049,2,True,1.0,pair.no_trigger|pair.dist_1_3|pair.same_clause
PMC10405809_01,PMC10405809,HAS_DIAGNOSIS,hedged,Person,,,,Person,,1073,1104,C0017168,Diagnosis,gastroesophageal reflux disease,suspected,1063,1072,,1050,1248,3,False,2.807,score.trigger_weight|pair.dist_1_3|pair.cross_clause|pair.patient_anchor
PMC10405809_01,PMC10405809,HAS_DIAGNOSIS,hedged,Concept,1073,1104,C0017168,Diagnosis,gastroesophageal reflux disease,1106,1110,C0017168,Diagnosis,GERD,,,,,1050,1248,0,True,1.0,pair.no_trigger|pair.dist_0|pair.same_clause|pair.type_prior
PMC10405809_01,PMC10405809,HAS_DIAGNOSIS,hedged,Concept,1106,1110,C0017168,Diagnosis,GERD,1124,1133,C1261287,Diagnosis,stricture,,,,,1050,1248,2,True,1.2,pair.no_trigger|pair.dist_1_3|pair.same_clause|pair.type_prior
PMC10405809_01,PMC10405809,LOCATED_IN,hedged,Concept,1124,1133,C1261287,Diagnosis,stricture,1141,1150,C0014876,BodyPart,esophagus,,,,,1050,1248,2,True,1.81,pair.no_trigger|pair.dist_1_3|pair.same_clause|pair.type_prior
PMC10405809_01,PMC10405809,HAS_DIAGNOSIS,affirmed,Concept,1164,1170,C1444647,Finding,wanted,1194,1204,C0006826,Diagnosis,malignancy,,,,,1050,1248,4,True,1.1,pair.no_trigger|pair.dist_4_10|pair.same_clause|pair.type_prior
PMC10405809_01,PMC10405809,COORDINATE_WITH,affirmed,Concept,1225,1236,C1262477,Finding,weight loss,1241,1247,C0002871,Diagnosis,anemia,,,,,1050,1248,1,False,1.9,pair.no_trigger|pair.dist_1_3|pair.cross_clause|pair.type_prior|pair.coordinate
PMC10405809_01,PMC10405809,LOCATED_IN,affirmed,Concept,1278,1286,C0040405,Exam,CT) scan,1294,1298,C0027530,BodyPart,neck,,,,,1249,1475,2,True,1.4,pair.no_trigger|pair.dist_1_3|pair.same_clause|pair.type_prior
PMC10405809_01,PMC10405809,LOCATED_IN,affirmed,Concept,1385,1395,C0205400,Finding,thickening,1409,1418,C0014876,BodyPart,esophagus,,,,,1249,1475,3,True,1.43,pair.no_trigger|pair.dist_1_3|pair.same_clause|pair.type_prior
PMC10405809_01,PMC10405809,LOCATED_IN,affirmed,Concept,1476,1502,C0079304,Exam,Esophagogastroduodenoscopy,1530,1538,C0021156,BodyPart,incisors,revealed kjd at,1503,1518,REVEAL,1476,1639,6,True,2.269,score.trigger_weight|pair.dist_4_10|pair.same_clause|pair.type_prior
PMC10405809_01,PMC10405809,LOCATED_IN,affirmed,Concept,1551,1560,C1261287,Diagnosis,stricture,1574,1583,C0014876,BodyPart,esophagus,,,,,1476,1639,3,True,1.81,pair.no_trigger|pair.dist_1_3|pair.same_clause|pair.type_prior
PMC10405809_01,PMC10405809,HAS_FINDING,affirmed,Concept,1644,1653,C1261287,Diagnosis,stricture,1658,1665,C0700124,Finding,dilated,,,,,1640,1736,1,True,1.8,pair.no_trigger|pair.dist_1_3|pair.same_clause|pair.type_prior
PMC10405809_01,PMC10405809,HAS_DIAGNOSIS,affirmed,Concept,1737,1745,C0005558,Exam,Biopsies,1755,1764,C1261287,Diagnosis,stricture,,,,,1737,1799,2,True,2.0,pair.no_trigger|pair.dist_1_3|pair.same_clause|pair.type_prior
PMC10405809_01,PMC10405809,HAS_DIAGNOSIS,affirmed,Person,,,,Person,,1821,1830,C1261287,Diagnosis,stricture,considered,1803,1813,,1800,1900,3,False,2.807,score.trigger_weight|pair.dist_1_3|pair.cross_clause|pair.patient_anchor
PMC10405809_01,PMC10405809,HAS_DIAGNOSIS,affirmed,Person,,,,Person,,1835,1845,C0006826,Diagnosis,malignancy,considered,1803,1813,,1800,1900,5,False,4.807,score.trigger_weight|pair.dist_1_3|pair.cross_clause|pair.patient_anchor|pair.coordinate
PMC10405809_01,PMC10405809,COORDINATE_WITH,affirmed,Concept,1821,1830,C1261287,Diagnosis,stricture,1835,1845,C0006826,Diagnosis,malignancy,,,,,1800,1900,1,False,1.2,pair.no_trigger|pair.dist_1_3|pair.cross_clause|pair.type_prior|pair.coordinate
PMC10405809_01,PMC10405809,LOCATED_IN,affirmed,Concept,1835,1845,C0006826,Diagnosis,malignancy,1860,1869,C0014876,BodyPart,esophagus,,,,,1800,1900,3,True,1.81,pair.no_trigger|pair.dist_1_3|pair.same_clause|pair.type_prior
PMC10405809_01,PMC10405809,HAS_FINDING,hedged,Concept,1860,1869,C0014876,BodyPart,esophagus,1877,1899,C5980913,Finding,differential diagnosis,,,,,1800,1900,2,True,1.0,pair.no_trigger|pair.dist_1_3|pair.same_clause
PMC10405809_01,PMC10405809,HAS_DIAGNOSIS,affirmed,Concept,1933,1939,C0002871,Diagnosis,anemia,1960,1970,C0006826,Diagnosis,malignancy,raised suspicion of,1940,1959,,1901,2110,3,True,2.629,score.trigger_weight|pair.dist_1_3|pair.same_clause|pair.type_prior
PMC10405809_01,PMC10405809,HAS_DIAGNOSIS,affirmed,Concept,2055,2064,C1261287,Diagnosis,stricture,2087,2096,C1261287,Diagnosis,stricture,confirmed,2070,2079,DIAGNOSE,1901,2110,3,True,4.227,score.trigger_weight|pair.dist_1_3|pair.same_clause|pair.type_prior
PMC10405809_01,PMC10405809,COORDINATE_WITH,affirmed,Concept,1917,1928,C1262477,Finding,weight loss,1933,1939,C0002871,Diagnosis,anemia,,,,,1901,2110,1,False,1.9,pair.no_trigger|pair.dist_1_3|pair.cross_clause|pair.type_prior|pair.coordinate
PMC10405809_01,PMC10405809,HAS_DIAGNOSIS,affirmed,Concept,2039,2045,C0005558,Exam,biopsy,2055,2064,C1261287,Diagnosis,stricture,,,,,1901,2110,2,True,2.0,pair.no_trigger|pair.dist_1_3|pair.same_clause|pair.type_prior
PMC10405809_01,PMC10405809,COORDINATE_WITH,affirmed,Concept,2148,2162,C0203065,Exam,barium swallow,2167,2176,C0014245,Exam,endoscopy,,,,,2111,2217,1,False,1.1,pair.no_trigger|pair.dist_1_3|pair.cross_clause|pair.type_prior|pair.coordinate
PMC10405809_01,PMC10405809,LOCATED_IN,affirmed,Concept,2231,2238,C0040405,Exam,CT scan,2315,2324,C0014876,BodyPart,esophagus,confirmed,2239,2248,DIAGNOSE,2218,2358,12,True,1.927,score.trigger_weight|pair.dist_gt_10|pair.same_clause|pair.type_prior
PMC10405809_01,PMC10405809,TREATED_WITH,affirmed,Person,,,,Person,,2454,2472,C0004704,Treatment,balloon dilatation,underwent,2434,2443,TREAT,2422,2520,5,False,2.727,score.trigger_weight|pair.dist_4_10|pair.cross_clause|pair.patient_anchor
PMC10405809_01,PMC10405809,TREATED_WITH,affirmed,Concept,2526,2536,C0012359,Diagnosis,dilatation,2565,2581,C0988268,Treatment,omeprazole 20 mg,started on,2546,2556,TREAT,2521,2616,5,False,1.854,score.trigger_weight|pair.dist_4_10|pair.cross_clause|pair.type_prior
PMC10405809_01,PMC10405809,HAS_FINDING,hedged,Person,,,,Person,,2668,2682,C0424871,Finding,feeds normally,gained,2637,2643,,2617,2771,10,False,2.007,score.trigger_weight|pair.dist_4_10|pair.cross_clause|pair.patient_anchor
PMC10434843_01,PMC10434843,HAS_SYMPTOM,affirmed,Person,,,,Person,,134,142,C3714552,Symptom,weakness,reported,111,119,PRESENT,99,185,5,False,2.727,score.trigger_weight|pair.dist_4_10|pair.cross_clause|pair.patient_anchor
PMC10434843_01,PMC10434843,LOCATED_IN,affirmed,Concept,134,142,C3714552,Symptom,weakness,150,160,C0230370,BodyPart,right hand,,,,,99,185,2,True,1.49,pair.no_trigger|pair.dist_1_3|pair.same_clause|pair.type_prior
PMC10434843_01,PMC10434843,LOCATED_IN,negated,Person,,,,Person,,241,250,C0230346,BodyPart,right arm,outstretched,228,240,,186,334,9,False,2.007,score.trigger_weight|pair.dist_4_10|pair.cross_clause|pair.patient_anchor
PMC10434843_01,PMC10434843,HAS_FINDING,affirmed,Person,,,,Person,,365,377,C0392699,Finding,dysaesthesia,noticed,357,364,,335,535,4,False,2.007,score.trigger_weight|pair.dist_4_10|pair.cross_clause|pair.patient_anchor
PMC10434843_01,PMC10434843,TREATED_WITH,affirmed,Concept,576,599,C4299132,BodyPart,head and cervical spine,638,648,C0087111,Treatment,treatments,showed,600,606,REVEAL,536,731,5,False,1.227,score.trigger_weight|pair.dist_4_10|pair.cross_clause
PMC10434843_01,PMC10434843,TREATED_WITH,affirmed,Concept,576,599,C4299132,BodyPart,head and cervical spine,654,667,C0949766,Treatment,physiotherapy,showed,600,606,REVEAL,536,731,7,False,3.227,score.trigger_weight|pair.dist_4_10|pair.cross_clause|pair.coordinate
PMC10434843_01,PMC10434843,COORDINATE_WITH,affirmed,Concept,638,648,C0087111,Treatment,treatments,654,667,C0949766,Treatment,physiotherapy,,,,,536,731,1,True,3.2,pair.no_trigger|pair.dist_1_3|pair.same_clause|pair.type_prior|pair.coordinate
PMC10434843_01,PMC10434843,REVEALED_BY,affirmed,Concept,745,769,C0027853,Exam,neurological examination,794,801,C0030552,Diagnosis,paresis,revealed,783,791,REVEAL,732,852,4,True,4.227,score.trigger_weight|pair.dist_4_10|pair.same_clause|pair.type_prior
PMC10434843_01,PMC10434843,LOCATED_IN,affirmed,Concept,794,801,C0030552,Diagnosis,paresis,833,836,C1140618,BodyPart,arm,,,,,732,852,5,True,1.01,pair.no_trigger|pair.dist_4_10|pair.same_clause|pair.type_prior
PMC10434843_01,PMC10434843,LOCATED_IN,affirmed,Concept,1323,1330,C0030552,Diagnosis,paresis,1347,1355,C0037004,BodyPart,shoulder,,,,,1311,1440,3,True,1.81,pair.no_trigger|pair.dist_1_3|pair.same_clause|pair.type_prior
PMC10434843_01,PMC10434843,HAS_FINDING,affirmed,Person,,,,Person,,1480,1492,C0020580,Finding,hypoesthesia,presented,1458,1467,PRESENT,1441,1671,6,False,2.727,score.trigger_weight|pair.dist_4_10|pair.cross_clause|pair.patient_anchor
PMC10434843_01,PMC10434843,COORDINATE_WITH,affirmed,Concept,1672,1678,C0026821,Symptom,Cramps,1683,1697,C0015644,Symptom,fasciculations,,,,,1672,1716,1,False,1.2,pair.no_trigger|pair.dist_1_3|pair.cross_clause|pair.type_prior|pair.coordinate
PMC10434843_01,PMC10434843,HAS_FINDING,negated,Concept,1683,1697,C0015644,Symptom,fasciculations,1703,1715,C4697693,Finding,not observed,,,,,1672,1716,1,True,1.0,pair.no_trigger|pair.dist_1_3|pair.same_clause
PMC10434843_01,PMC10434843,REVEALED_BY,affirmed,Concept,1813,1839,C0553794,Exam,diagnostic lumbar puncture,1906,1916,C0007584,Exam,cell count,showed,1890,1896,REVEAL,1811,2103,9,False,1.327,score.trigger_weight|pair.dist_4_10|pair.cross_clause|pair.type_prior
PMC10434843_01,PMC10434843,REVEALED_BY,affirmed,Concept,2104,2118,C0016263,Exam,Flow cytometry,2180,2182,C0332140,Finding,CD,revealed,2128,2136,REVEAL,2104,2276,8,True,4.227,score.trigger_weight|pair.dist_4_10|pair.same_clause|pair.type_prior
PMC10434843_01,PMC10434843,HAS_FINDING,affirmed,Concept,2354,2356,C0332140,Finding,CD,2358,2364,C0423899,Finding,bright,,,,,2277,2510,1,True,1.2,pair.no_trigger|pair.dist_1_3|pair.same_clause|pair.type_prior
PMC10434843_01,PMC10434843,HAS_FINDING,affirmed,Concept,2358,2364,C0423899,Finding,bright,2368,2370,C0332140,Finding,CD,,,,,2277,2510,1,True,1.2,pair.no_trigger|pair.dist_1_3|pair.same_clause|pair.type_prior
PMC10434843_01,PMC10434843,TREATED_WITH,affirmed,Concept,2628,2636,C0442726,Finding,detected,2637,2647,C0003241,Treatment,antibodies,,,,,2610,2767,0,True,1.06,pair.no_trigger|pair.dist_0|pair.same_clause|pair.type_prior
PMC10434843_01,PMC10434843,REVEALED_BY,negated,Concept,2795,2808,C1148554,Exam,determination,2825,2839,C2883932,Diagnosis,Immunoglobulin,showed,2809,2815,REVEAL,2768,3037,2,True,5.027,score.trigger_weight|pair.dist_1_3|pair.same_clause|pair.type_prior
PMC10434843_01,PMC10434843,COORDINATE_WITH,affirmed,Concept,2774,2785,C0017082,Treatment,ganglioside,2786,2794,C0003241,Treatment,antibody,,,,,2768,3037,0,True,3.0,pair.no_trigger|pair.dist_0|pair.same_clause|pair.type_prior|pair.coordinate
PMC10434843_01,PMC10434843,TREATED_WITH,negated,Concept,2825,2839,C2883932,Diagnosis,Immunoglobulin,2846,2856,C0003241,Treatment,antibodies,,,,,2768,3037,2,True,2.0,pair.no_trigger|pair.dist_1_3|pair.same_clause|pair.type_prior
PMC10434843_01,PMC10434843,REVEALED_BY,affirmed,Person,,,,Person,,3067,3095,C0429379,Finding,motor nerve conduction block,showed,3058,3064,REVEAL,3038,3181,4,False,2.727,score.trigger_weight|pair.dist_4_10|pair.cross_clause|pair.patient_anchor
PMC10434843_01,PMC10434843,LOCATED_IN,affirmed,Concept,3182,3207,C0429381,Finding,Nerve conduction velocity,3247,3258,C0041602,BodyPart,ulnar nerve,showed,3208,3214,REVEAL,3182,3259,7,False,1.657,score.trigger_weight|pair.dist_4_10|pair.cross_clause|pair.type_prior
PMC10434843_01,PMC10434843,LOCATED_IN,historical,Concept,3585,3601,C0013839,Exam,electromyography,3643,3674,C0224279,BodyPart,abductor pollicis brevis muscle,showed,3602,3608,REVEAL,3574,3710,6,True,3.627,score.trigger_weight|pair.dist_4_10|pair.same_clause|pair.type_prior
PMC10434843_01,PMC10434843,HAS_DIAGNOSIS,affirmed,Person,,,,Person,,3726,3729,C0393847,Diagnosis,MMN,diagnosed,3714,3723,DIAGNOSE,3711,3779,3,False,3.527,score.trigger_weight|pair.dist_1_3|pair.cross_clause|pair.patient_anchor
PMC10434843_01,PMC10434843,TREATED_WITH,affirmed,Concept,3801,3816,C0041618,Exam,ultrasonography,3838,3849,C1293134,Treatment,enlargement,showed,3828,3834,REVEAL,3782,4043,2,True,4.027,score.trigger_weight|pair.dist_1_3|pair.same_clause
PMC10434843_01,PMC10434843,REVEALED_BY,affirmed,Concept,4033,4042,C1285572,Exam,phenotype,3999,4008,C0446516,BodyPart,upper arm,,,,,3782,4043,3,True,1.0,pair.no_trigger|pair.dist_1_3|pair.same_clause|orient.swapped
PMC10434843_01,PMC10434843,REVEALED_BY,negated,Person,,,,Person,,4152,4175,C5671289,Diagnosis,autoimmune encephalitis,showed,4076,4082,REVEAL,4044,4184,14,False,1.027,score.trigger_weight|pair.dist_gt_10|pair.cross_clause|pair.patient_anchor
PMC10434843_01,PMC10434843,HAS_FINDING,negated,Concept,4235,4251,C0855355,Finding,normal brain MRI,4260,4269,C0205160,Finding,ruled out,,,,,4185,4297,2,True,1.2,pair.no_trigger|pair.dist_1_3|pair.same_clause|pair.type_prior
PMC10434843_01,PMC10434843,HAS_DIAGNOSIS,negated,Concept,4260,4269,C0205160,Finding,ruled out,4273,4296,C5671289,Diagnosis,autoimmune encephalitis,,,,,4185,4297,1,True,1.9,pair.no_trigger|pair.dist_1_3|pair.same_clause|pair.type_prior
PMC10434843_01,PMC10434843,CAUSED_BY,affirmed,Person,,,,Person,,4316,4326,C0003241,Treatment,antibodies,due to,4298,4304,CAUSE,4298,4574,5,False,2.054,score.trigger_weight|pair.dist_4_10|pair.cross_clause|pair.patient_anchor
PMC10434843_01,PMC10434843,HAS_DIAGNOSIS,affirmed,Concept,4357,4367,C0006826,Diagnosis,malignancy,4386,4391,C0027651,Diagnosis,tumor,initiated,4374,4383,TREAT,4298,4574,3,False,2.227,score.trigger_weight|pair.dist_1_3|pair.cross_clause|pair.type_prior
PMC10434843_01,PMC10434843,REVEALED_BY,negated,Concept,4528,4534,C1699633,Exam,PET-CT,4568,4573,C0027651,Diagnosis,tumor,showed,4542,4548,REVEAL,4298,4574,6,True,4.227,score.trigger_weight|pair.dist_4_10|pair.same_clause|pair.type_prior
PMC10434843_01,PMC10434843,TREATED_WITH,affirmed,Person,,,,Person,,4858,4862,C0085297,Treatment,IVIG,started treatment with,4835,4857,TREAT,4832,4877,4,False,1.369,score.trigger_weight|pair.dist_4_10|pair.cross_clause|pair.patient_anchor
PMC10434843_01,PMC10434843,HAS_FINDING,affirmed,Person,,,,Person,,4970,4974,C1299581,Finding,able,reported,4900,4908,PRESENT,4878,4997,16,False,1.027,score.trigger_weight|pair.dist_gt_10|pair.cross_clause|pair.patient_anchor
PMC10434843_01,PMC10434843,LOCATED_IN,affirmed,Concept,5008,5018,C0449381,Finding,parameters,5050,5056,C0016129,BodyPart,finger,included,5019,5027,,4998,5243,5,True,2.937,score.trigger_weight|pair.dist_4_10|pair.same_clause|pair.type_prior
PMC10434843_01,PMC10434843,REVEALED_BY,affirmed,Person,,,,Person,,5273,5291,C0200125,Exam,electroneurography,measured,5252,5260,REVEAL,5244,5530,5,False,2.727,score.trigger_weight|pair.dist_4_10|pair.cross_clause|pair.patient_anchor
PMC10434843_01,PMC10434843,HAS_DIAGNOSIS,hedged,Concept,5729,5751,C5980913,Finding,differential diagnosis,5774,5782,C0039082,Diagnosis,syndrome,included,5752,5760,,5721,5874,2,True,4.207,score.trigger_weight|pair.dist_1_3|pair.same_clause|pair.type_prior
PMC10434843_01,PMC10434843,HAS_DIAGNOSIS,affirmed,Concept,5729,5751,C5980913,Finding,differential diagnosis,5787,5816,C0002736,Diagnosis,amyotrophic lateral sclerosis,included,5752,5760,,5721,5874,4,False,6.207,score.trigger_weight|pair.dist_1_3|pair.same_clause|pair.type_prior|pair.coordinate
PMC10434843_01,PMC10434843,CAUSED_BY,affirmed,Concept,5787,5816,C0002736,Diagnosis,amyotrophic lateral sclerosis,5863,5873,C0003241,Treatment,antibodies,causes of,5846,5855,CAUSE,5721,5874,10,True,3.494,score.trigger_weight|pair.dist_4_10|pair.same_clause|pair.type_prior
PMC10434843_01,PMC10434843,COORDINATE_WITH,affirmed,Concept,5774,5782,C0039082,Diagnosis,syndrome,5787,5816,C0002736,Diagnosis,amyotrophic lateral sclerosis,,,,,5721,5874,1,False,1.2,pair.no_trigger|pair.dist_1_3|pair.cross_clause|pair.type_prior|pair.coordinate
PMC10434843_01,PMC10434843,HAS_FINDING,affirmed,Person,,,,Person,,5986,6002,C0423551,Finding,sensory symptoms,described,5976,5985,,5958,6170,4,False,2.007,score.trigger_weight|pair.dist_4_10|pair.cross_clause|pair.patient_anchor
PMC10434843_01,PMC10434843,REVEALED_BY,negated,Person,,,,Person,,6566,6574,C0012634,Diagnosis,diseases,showed,6530,6536,REVEAL,6493,6609,12,False,1.027,score.trigger_weight|pair.dist_gt_10|pair.cross_clause|pair.patient_anchor
PMC10434843_01,PMC10434843,TREATED_WITH,negated,Concept,6566,6574,C0012634,Diagnosis,diseases,6598,6608,C0003241,Treatment,antibodies,associated with,6575,6590,,6493,6609,4,True,3.494,score.trigger_weight|pair.dist_4_10|pair.same_clause|pair.type_prior
PMC10488652_01,PMC10488652,TREATED_WITH,affirmed,Concept,190,208,C0277799,Finding,intermittent fever,215,219,C0610536,Treatment,39 C,,,,,0,324,2,True,1.26,pair.no_trigger|pair.dist_1_3|pair.same_clause|pair.type_prior
PMC10488652_01,PMC10488652,COORDINATE_WITH,affirmed,Concept,229,236,C0231218,Symptom,malaise,238,246,C0018681,Symptom,headache,,,,,0,324,0,False,1.0,pair.no_trigger|pair.dist_0|pair.cross_clause|pair.type_prior|pair.coordinate
PMC10488652_01,PMC10488652,COORDINATE_WITH,affirmed,Concept,238,246,C0018681,Symptom,headache,248,255,C0231528,Symptom,myalgia,,,,,0,324,0,False,1.0,pair.no_trigger|pair.dist_0|pair.cross_clause|pair.type_prior|pair.coordinate
PMC10488652_01,PMC10488652,COORDINATE_WITH,affirmed,Concept,371,377,C0241137,Finding,pallor,379,386,C0022346,Finding,icteric,,,,,325,528,0,False,1.0,pair.no_trigger|pair.dist_0|pair.cross_clause|pair.type_prior|pair.coordinate
PMC10488652_01,PMC10488652,COORDINATE_WITH,affirmed,Concept,425,437,C0497156,Diagnosis,adenopathies,439,448,C0039103,Diagnosis,synovitis,,,,,325,528,0,False,1.0,pair.no_trigger|pair.dist_0|pair.cross_clause|pair.type_prior|pair.coordinate
PMC10488652_01,PMC10488652,LOCATED_IN,affirmed,Concept,503,508,C0013604,Diagnosis,edema,516,527,C0023216,BodyPart,lower limbs,,,,,325,528,2,True,1.81,pair.no_trigger|pair.dist_1_3|pair.same_clause|pair.type_prior
PMC10488652_01,PMC10488652,HAS_DIAGNOSIS,affirmed,Person,,,,Person,,617,626,C1882062,Diagnosis,neoplasia,performed,554,563,TREAT,529,642,9,False,2.727,score.trigger_weight|pair.dist_4_10|pair.cross_clause|pair.patient_anchor
PMC10488652_01,PMC10488652,HAS_FINDING,negated,Concept,617,626,C1882062,Diagnosis,neoplasia,632,641,C0205160,Finding,ruled out,,,,,529,642,1,True,1.8,pair.no_trigger|pair.dist_1_3|pair.same_clause|pair.type_prior
PMC10488652_01,PMC10488652,HAS_FINDING,affirmed,Concept,675,678,C0024141,Diagnosis,SLE,684,687,C5551868,Finding,met,,,,,643,688,1,True,1.8,pair.no_trigger|pair.dist_1_3|pair.same_clause|pair.type_prior
PMC10488652_01,PMC10488652,HAS_DIAGNOSIS,hedged,Concept,822,830,C1319794,Finding,class II,841,856,C0024143,Diagnosis,lupus nephritis,,,,,689,857,1,True,1.9,pair.no_trigger|pair.dist_1_3|pair.same_clause|pair.type_prior
PMC10488652_01,PMC10488652,REVEALED_BY,affirmed,Concept,941,962,C0373835,Exam,cold agglutinin titer,860,887,C0002880,Diagnosis,Autoimmune hemolytic anemia,revealing,929,938,REVEAL,860,1171,0,False,1.227,score.trigger_weight|pair.dist_4_10|pair.cross_clause|orient.swapped
PMC10488652_01,PMC10488652,CAUSED_BY,affirmed,Concept,1113,1116,C0202087,Exam,IgG,1146,1150,C0009443,Diagnosis,cold,leading to,1118,1128,CAUSE,860,1171,5,False,1.494,score.trigger_weight|pair.dist_4_10|pair.cross_clause|pair.type_prior
PMC10488652_01,PMC10488652,REVEALED_BY,affirmed,Concept,941,962,C0373835,Exam,cold agglutinin titer,972,980,C0079240,Exam,dilution,,,,,860,1171,1,True,1.1,pair.no_trigger|pair.dist_1_3|pair.same_clause|pair.type_prior
PMC10488652_01,PMC10488652,HAS_DIAGNOSIS,affirmed,Concept,1146,1150,C0009443,Diagnosis,cold,1162,1170,C0039082,Diagnosis,syndrome,,,,,860,1171,1,True,1.2,pair.no_trigger|pair.dist_1_3|pair.same_clause|pair.type_prior
PMC10488652_01,PMC10488652,TREATED_WITH,affirmed,Person,,,,Person,,1334,1347,C0011777,Treatment,dexamethasone,initiated with,1319,1333,TREAT,1305,1575,4,False,2.354,score.trigger_weight|pair.dist_4_10|pair.cross_clause|pair.patient_anchor
PMC10521634_01,PMC10521634,COORDINATE_WITH,affirmed,Concept,160,169,C0012833,Symptom,dizziness,175,190,C0267596,Diagnosis,rectal bleeding,,,,,0,191,1,False,1.8,pair.no_trigger|pair.dist_1_3|pair.cross_clause|pair.type_prior|pair.coordinate
PMC10521634_01,PMC10521634,TREATED_WITH,affirmed,Person,,,,Person,,274,289,C0001617,Treatment,corticosteroids,diagnosed,199,208,DIAGNOSE,192,398,13,False,1.027,score.trigger_weight|pair.dist_gt_10|pair.cross_clause|pair.patient_anchor
PMC10521634_01,PMC10521634,TREATED_WITH,affirmed,Concept,274,289,C0001617,Treatment,corticosteroids,307,317,C0127615,Treatment,mesalamine,followed by,290,301,,192,398,3,True,3.494,score.trigger_weight|pair.dist_1_3|pair.same_clause|pair.type_prior
PMC10521634_01,PMC10521634,TREATED_WITH,affirmed,Concept,307,317,C0127615,Treatment,mesalamine,319,324,C0127615,Treatment,5-ASA,,,,,192,398,0,True,1.0,pair.no_trigger|pair.dist_0|pair.same_clause|pair.type_prior
PMC10521634_01,PMC10521634,COORDINATE_WITH,affirmed,Concept,506,511,C0015967,Symptom,fever,517,531,C0000737,Symptom,abdominal pain,,,,,399,561,1,False,1.2,pair.no_trigger|pair.dist_1_3|pair.cross_clause|pair.type_prior|pair.coordinate
PMC10521634_01,PMC10521634,HAS_DIAGNOSIS,negated,Concept,517,531,C0000737,Symptom,abdominal pain,549,560,C0031154,Diagnosis,peritonitis,,,,,399,561,3,True,1.8,pair.no_trigger|pair.dist_1_3|pair.same_clause|pair.type_prior
PMC10521634_01,PMC10521634,REVEALED_BY,affirmed,Concept,566,577,C0009378,Exam,colonoscopy,595,602,C0009319,Diagnosis,colitis,showed,578,584,REVEAL,562,657,2,True,5.027,score.trigger_weight|pair.dist_1_3|pair.same_clause|pair.type_prior
PMC10521634_01,PMC10521634,HAS_FINDING,affirmed,Concept,595,602,C0009319,Diagnosis,colitis,627,634,C0450094,Finding,grade 3,classified as,611,624,,562,657,5,False,1.294,score.trigger_weight|pair.dist_4_10|pair.cross_clause|pair.type_prior
PMC10521634_01,PMC10521634,HAS_FINDING,affirmed,Concept,627,634,C0450094,Finding,grade 3,651,656,C0449820,Finding,score,,,,,562,657,2,True,1.2,pair.no_trigger|pair.dist_1_3|pair.same_clause|pair.type_prior
PMC10521634_01,PMC10521634,REVEALED_BY,affirmed,Person,,,,Person,,724,738,C0032181,Exam,platelet count,showed,678,684,REVEAL,658,817,12,False,1.027,score.trigger_weight|pair.dist_gt_10|pair.cross_clause|pair.patient_anchor
PMC10521634_01,PMC10521634,COORDINATE_WITH,affirmed,Concept,789,797,C0015879,Treatment,ferritin,802,809,C5966160,Treatment,albumin,,,,,658,817,1,False,1.2,pair.no_trigger|pair.dist_1_3|pair.cross_clause|pair.type_prior|pair.coordinate
PMC10521634_01,PMC10521634,HAS_DIAGNOSIS,affirmed,Person,,,,Person,,869,879,C3714514,Diagnosis,infections,performed to,843,855,TREAT,818,912,9,False,2.354,score.trigger_weight|pair.dist_4_10|pair.cross_clause|pair.patient_anchor
PMC10521634_01,PMC10521634,TREATED_WITH,affirmed,Concept,931,942,C0199176,Treatment,prophylaxis,965,993,C0019139,Treatment,low molecular weight heparin,started with,952,964,TREAT,913,1001,4,True,3.054,score.trigger_weight|pair.dist_4_10|pair.same_clause|pair.type_prior
PMC10521634_01,PMC10521634,TREATED_WITH,affirmed,Concept,913,930,C0042487,Diagnosis,Venous thrombosis,931,942,C0199176,Treatment,prophylaxis,,,,,913,1001,0,True,1.8,pair.no_trigger|pair.dist_0|pair.same_clause|pair.type_prior
PMC10521634_01,PMC10521634,TREATED_WITH,affirmed,Concept,965,993,C0019139,Treatment,low molecular weight heparin,995,999,C0019139,Treatment,LMWH,,,,,913,1001,0,True,1.0,pair.no_trigger|pair.dist_0|pair.same_clause|pair.type_prior
PMC10521634_01,PMC10521634,REVEALED_BY,affirmed,Person,,,,Person,,1210,1224,C0836924,Diagnosis,thrombocytosis,showed,1198,1204,REVEAL,1145,1279,11,False,1.027,score.trigger_weight|pair.dist_gt_10|pair.cross_clause|pair.patient_anchor
PMC10521634_01,PMC10521634,HAS_DIAGNOSIS,affirmed,Person,,,,Person,,1387,1404,C0024050,Diagnosis,lower GI bleeding,readmitted with,1363,1378,,1327,1405,10,False,1.994,score.trigger_weight|pair.dist_4_10|pair.cross_clause|pair.patient_anchor
PMC10521634_01,PMC10521634,HAS_DIAGNOSIS,affirmed,Concept,1408,1419,C0009378,Exam,colonoscopy,1441,1449,C0041834,Diagnosis,erythema,performed,1423,1432,TREAT,1406,1539,3,True,5.027,score.trigger_weight|pair.dist_1_3|pair.same_clause|pair.type_prior
PMC10521634_01,PMC10521634,HAS_DIAGNOSIS,affirmed,Concept,1685,1692,C0040405,Exam,CT scan,1738,1746,C0019080,Diagnosis,bleeding,performed,1696,1705,TREAT,1628,1818,6,True,4.227,score.trigger_weight|pair.dist_4_10|pair.same_clause|pair.type_prior
PMC10521634_01,PMC10521634,COORDINATE_WITH,affirmed,Concept,1826,1844,C0149750,Treatment,subtotal colectomy,1849,1860,C0037995,Treatment,splenectomy,,,,,1819,1930,1,False,1.2,pair.no_trigger|pair.dist_1_3|pair.cross_clause|pair.type_prior|pair.coordinate
PMC10521634_01,PMC10521634,LOCATED_IN,affirmed,Person,,,,Person,,2040,2045,C0009368,BodyPart,colon,report of,2017,2026,PRESENT,1998,2257,6,False,2.354,score.trigger_weight|pair.dist_4_10|pair.cross_clause|pair.patient_anchor
PMC10521634_01,PMC10521634,REVEALED_BY,negated,Concept,2040,2045,C0009368,BodyPart,colon,2063,2073,C0006826,Diagnosis,malignancy,identify,2054,2062,REVEAL,1998,2257,3,True,3.307,score.trigger_weight|pair.dist_1_3|pair.same_clause
PMC10521634_01,PMC10521634,HAS_FINDING,affirmed,Concept,2201,2213,C0021368,Diagnosis,inflammation,2234,2240,C3843505,Finding,deeply,,,,,1998,2257,4,True,1.0,pair.no_trigger|pair.dist_4_10|pair.same_clause|pair.type_prior
PMC10521634_01,PMC10521634,TREATED_WITH,affirmed,Person,,,,Person,,2305,2310,C0127615,Treatment,5-ASA,consisted of,2286,2298,,2258,2444,6,False,1.994,score.trigger_weight|pair.dist_4_10|pair.cross_clause|pair.patient_anchor
PMC10521634_01,PMC10521634,TREATED_WITH,affirmed,Person,,,,Person,,2315,2319,C0019139,Treatment,LMWH,consisted of,2286,2298,,2258,2444,9,False,3.994,score.trigger_weight|pair.dist_4_10|pair.cross_clause|pair.patient_anchor|pair.coordinate
PMC10521634_01,PMC10521634,TREATED_WITH,affirmed,Concept,2333,2364,C0398663,Diagnosis,post-splenectomy thrombocytosis,2397,2407,C0666743,Treatment,infliximab,switched to,2385,2396,,2258,2444,5,False,1.494,score.trigger_weight|pair.dist_4_10|pair.cross_clause|pair.type_prior
PMC10521634_01,PMC10521634,TREATED_WITH,affirmed,Concept,2333,2364,C0398663,Diagnosis,post-splenectomy thrombocytosis,2408,2418,C4045974,Treatment,biosimilar,switched to,2385,2396,,2258,2444,6,False,3.494,score.trigger_weight|pair.dist_4_10|pair.cross_clause|pair.type_prior|pair.coordinate
PMC10521634_01,PMC10521634,COORDINATE_WITH,affirmed,Concept,2305,2310,C0127615,Treatment,5-ASA,2315,2319,C0019139,Treatment,LMWH,,,,,2258,2444,1,False,1.2,pair.no_trigger|pair.dist_1_3|pair.cross_clause|pair.type_prior|pair.coordinate
PMC10521634_01,PMC10521634,HAS_DIAGNOSIS,affirmed,Concept,2315,2319,C0019139,Treatment,LMWH,2333,2364,C0398663,Diagnosis,post-splenectomy thrombocytosis,,,,,2258,2444,1,True,1.18,pair.no_trigger|pair.dist_1_3|pair.same_clause|pair.type_prior
PMC10521634_01,PMC10521634,COORDINATE_WITH,affirmed,Concept,2397,2407,C0666743,Treatment,infliximab,2408,2418,C4045974,Treatment,biosimilar,,,,,2258,2444,0,True,3.0,pair.no_trigger|pair.dist_0|pair.same_clause|pair.type_prior|pair.coordinate
PMC10521634_01,PMC10521634,TREATED_WITH,affirmed,Person,,,,Person,,2636,2643,C0087111,Treatment,therapy,continued,2620,2629,TREAT,2549,2678,13,False,1.027,score.trigger_weight|pair.dist_gt_10|pair.cross_clause|pair.patient_anchor
PMC10521634_01,PMC10521634,HAS_DIAGNOSIS,affirmed,Person,,,,Person,,2745,2757,C0009566,Diagnosis,complication,developed,2726,2735,PRESENT,2679,2780,10,False,2.727,score.trigger_weight|pair.dist_4_10|pair.cross_clause|pair.patient_anchor
PMC10521634_01,PMC10521634,TREATED_WITH,affirmed,Person,,,,Person,,2805,2812,C0040405,Exam,CT scan,underwent,2793,2802,TREAT,2781,2906,4,False,2.727,score.trigger_weight|pair.dist_4_10|pair.cross_clause|pair.patient_anchor
PMC10521634_01,PMC10521634,TREATED_WITH,affirmed,Concept,2830,2837,C0543467,Treatment,surgery,2842,2850,C0013103,Treatment,drainage,,,,,2781,2906,1,True,1.2,pair.no_trigger|pair.dist_1_3|pair.same_clause|pair.type_prior
PMC10521634_01,PMC10521634,HAS_DIAGNOSIS,affirmed,Concept,2842,2850,C0013103,Treatment,drainage,2868,2875,C0000833,Diagnosis,abscess,,,,,2781,2906,3,True,1.18,pair.no_trigger|pair.dist_1_3|pair.same_clause|pair.type_prior
PMC10521634_01,PMC10521634,REVEALED_BY,affirmed,Concept,2911,2920,C0014245,Exam,endoscopy,2982,2991,C1394254,Diagnosis,cryptitis,showed,2928,2934,REVEAL,2907,3023,9,False,2.227,score.trigger_weight|pair.dist_4_10|pair.cross_clause|pair.type_prior
PMC10521634_01,PMC10521634,TREATED_WITH,affirmed,Concept,3105,3108,C5401128,Finding,add,3109,3121,C0004482,Treatment,azathioprine,,,,,3024,3198,0,True,1.06,pair.no_trigger|pair.dist_0|pair.same_clause|pair.type_prior
PMC10521634_01,PMC10521634,TREATED_WITH,affirmed,Concept,3253,3262,C0544452,Finding,remission,3306,3313,C2947996,Treatment,perform,achieved,3267,3275,,3199,3354,7,True,2.767,score.trigger_weight|pair.dist_4_10|pair.same_clause|pair.type_prior
PMC11131390_01,PMC11131390,HAS_FINDING,hedged,Concept,53,59,C0337664,Finding,smoker,91,100,C5441521,Finding,complaint,presented in,62,74,PRESENT,0,138,6,True,3.054,score.trigger_weight|pair.dist_4_10|pair.same_clause|pair.type_prior
PMC11131390_01,PMC11131390,HAS_FINDING,hedged,Concept,91,100,C5441521,Finding,complaint,104,115,C1262477,Finding,weight loss,,,,,0,138,1,True,1.2,pair.no_trigger|pair.dist_1_3|pair.same_clause|pair.type_prior
PMC11131390_01,PMC11131390,REVEALED_BY,affirmed,Person,,,,Person,,154,176,C0040130,Exam,thyroid function tests,ordered,146,153,,139,352,3,False,2.807,score.trigger_weight|pair.dist_1_3|pair.cross_clause|pair.patient_anchor
PMC11131390_01,PMC11131390,REVEALED_BY,affirmed,Concept,154,176,C0040130,Exam,thyroid function tests,198,213,C0020550,Diagnosis,hyperthyroidism,revealing,177,186,REVEAL,139,352,3,True,5.027,score.trigger_weight|pair.dist_1_3|pair.same_clause|pair.type_prior
PMC11131390_01,PMC11131390,HAS_DIAGNOSIS,negated,Person,,,,Person,,363,369,C0018021,Diagnosis,goiter,had,356,359,PRESENT,353,409,3,False,2.027,score.trigger_weight|pair.dist_1_3|pair.cross_clause|pair.patient_anchor
PMC11131390_01,PMC11131390,TREATED_WITH,affirmed,Concept,561,578,C0040123,Treatment,thyroglobulin (Tg,580,590,C0003241,Treatment,antibodies,,,,,410,618,0,True,1.0,pair.no_trigger|pair.dist_0|pair.same_clause|pair.type_prior
PMC11131390_01,PMC11131390,TREATED_WITH,affirmed,Concept,761,772,C0006983,Treatment,carbimazole,801,812,C0025644,Treatment,methimazole,given,790,795,TREAT,619,839,6,False,1.427,score.trigger_weight|pair.dist_4_10|pair.cross_clause|pair.type_prior
PMC11131390_01,PMC11131390,HAS_FINDING,affirmed,Person,,,,Person,,1854,1865,C4698447,Finding,patient age,considering,1838,1849,,1838,2220,2,False,2.447,score.trigger_weight|pair.dist_1_3|pair.cross_clause|pair.patient_anchor
PMC11259348_P1,PMC11259348,HAS_SYMPTOM,affirmed,Person,,,,Person,,22,27,C0015967,Symptom,fever,admitted with,8,21,PRESENT,0,133,4,False,2.354,score.trigger_weight|pair.dist_4_10|pair.cross_clause|pair.patient_anchor
PMC11259348_P1,PMC11259348,HAS_SYMPTOM,affirmed,Person,,,,Person,,29,41,C2129214,Symptom,loose stools,admitted with,8,21,PRESENT,0,133,5,False,4.354,score.trigger_weight|pair.dist_4_10|pair.cross_clause|pair.patient_anchor|pair.coordinate
PMC11259348_P1,PMC11259348,COORDINATE_WITH,affirmed,Concept,22,27,C0015967,Symptom,fever,29,41,C2129214,Symptom,loose stools,,,,,0,133,0,False,1.0,pair.no_trigger|pair.dist_0|pair.cross_clause|pair.type_prior|pair.coordinate
PMC11259348_P1,PMC11259348,TREATED_WITH,negated,Concept,467,487,C0274435,Diagnosis,Transfusion reaction,528,539,C0014792,Treatment,erythrocyte,,,,,467,616,5,True,1.2,pair.no_trigger|pair.dist_4_10|pair.same_clause|pair.type_prior
PMC11259348_P1,PMC11259348,TREATED_WITH,affirmed,Concept,669,687,C0005841,Treatment,blood transfusions,739,747,C0003241,Treatment,antibody,considered as,693,706,,617,779,6,True,2.694,score.trigger_weight|pair.dist_4_10|pair.same_clause|pair.type_prior
PMC11259348_P1,PMC11259348,TREATED_WITH,affirmed,Concept,649,658,C2945560,Finding,hemolysis,669,687,C0005841,Treatment,blood transfusions,,,,,617,779,1,True,1.26,pair.no_trigger|pair.dist_1_3|pair.same_clause|pair.type_prior
PMC11259348_P1,PMC11259348,HAS_FINDING,affirmed,Concept,1181,1190,C2945560,Finding,hemolysis,1194,1202,C0442726,Finding,detected,,,,,1177,1267,1,True,1.2,pair.no_trigger|pair.dist_1_3|pair.same_clause|pair.type_prior
PMC11259348_P1,PMC11259348,HAS_FINDING,negated,Concept,3093,3106,C0427620,Finding,group A blood,3178,3185,C4522145,Finding,a group,separated,3153,3162,,2868,3582,12,True,1.007,score.trigger_weight|pair.dist_gt_10|pair.same_clause|pair.type_prior
PMC11259348_P1,PMC11259348,HAS_FINDING,affirmed,Concept,3065,3073,C4082130,Finding,prepared,3093,3106,C0427620,Finding,group A blood,,,,,2868,3582,3,True,1.2,pair.no_trigger|pair.dist_1_3|pair.same_clause|pair.type_prior
PMC11259348_P1,PMC11259348,HAS_FINDING,negated,Concept,3250,3258,C4082130,Finding,prepared,3278,3291,C0427620,Finding,group A blood,,,,,2868,3582,3,True,1.2,pair.no_trigger|pair.dist_1_3|pair.same_clause|pair.type_prior
PMC11259348_P1,PMC11259348,COORDINATE_WITH,affirmed,Concept,3430,3436,C3842955,Finding,30 min,3437,3454,C1320226,Finding,incubation period,,,,,2868,3582,0,True,3.0,pair.no_trigger|pair.dist_0|pair.same_clause|pair.type_prior|pair.coordinate
PMC11345641_01,PMC11345641,REVEALED_BY,affirmed,Concept,142,157,C0041618,Exam,ultrasonography,71,82,C0347944,Finding,pelvic mass,identified,93,103,REVEAL,0,187,0,True,3.227,score.trigger_weight|pair.dist_4_10|pair.same_clause|orient.swapped
PMC11345641_01,PMC11345641,HAS_DIAGNOSIS,affirmed,Concept,142,157,C0041618,Exam,ultrasonography,177,186,C0023267,Diagnosis,leiomyoma,suggested,165,174,,0,187,3,False,2.307,score.trigger_weight|pair.dist_1_3|pair.cross_clause|pair.type_prior
PMC11345641_01,PMC11345641,HAS_SYMPTOM,affirmed,Person,,,,Person,,301,315,C0000737,Symptom,abdominal pain,experienced,289,300,PRESENT,281,379,3,False,3.527,score.trigger_weight|pair.dist_1_3|pair.cross_clause|pair.patient_anchor
PMC11345641_01,PMC11345641,TREATED_WITH,affirmed,Concept,576,586,C0014533,BodyPart,epididymis,595,600,C0018880,Treatment,4 (HE,,,,,466,666,1,True,1.0,pair.no_trigger|pair.dist_1_3|pair.same_clause
PMC11345641_01,PMC11345641,LOCATED_IN,affirmed,Concept,744,759,C0041618,Exam,Ultrasonography,811,824,C0227225,BodyPart,anterior wall,identified,760,770,REVEAL,667,944,7,True,3.627,score.trigger_weight|pair.dist_4_10|pair.same_clause|pair.type_prior
PMC11345641_01,PMC11345641,REVEALED_BY,affirmed,Person,,,,Person,,974,984,C0205400,Finding,thickening,revealed,953,961,REVEAL,945,1205,4,False,2.727,score.trigger_weight|pair.dist_4_10|pair.cross_clause|pair.patient_anchor
PMC11345641_01,PMC11345641,LOCATED_IN,affirmed,Concept,998,1005,C0011923,Exam,imaging,1053,1067,C0027088,BodyPart,uterine muscle,displayed,1006,1015,,945,1205,6,True,2.907,score.trigger_weight|pair.dist_4_10|pair.same_clause|pair.type_prior
PMC11345641_01,PMC11345641,REVEALED_BY,affirmed,Concept,994,997,C0024485,Exam,MRI,974,984,C0205400,Finding,thickening,,,,,945,1205,3,True,1.0,pair.no_trigger|pair.dist_1_3|pair.same_clause|orient.swapped
PMC11345641_01,PMC11345641,COORDINATE_WITH,affirmed,Concept,994,997,C0024485,Exam,MRI,998,1005,C0011923,Exam,imaging,,,,,945,1205,0,True,2.9,pair.no_trigger|pair.dist_0|pair.same_clause|pair.type_prior|pair.coordinate
PMC11345641_01,PMC11345641,HAS_DIAGNOSIS,affirmed,Concept,1210,1213,C0024485,Exam,MRI,1244,1254,C0023267,Diagnosis,leiomyomas,suggested degeneration of,1214,1239,,1206,1310,4,True,2.629,score.trigger_weight|pair.dist_4_10|pair.same_clause|pair.type_prior
PMC11345641_01,PMC11345641,HAS_DIAGNOSIS,hedged,Concept,1244,1254,C0023267,Diagnosis,leiomyomas,1278,1296,C0334477,Diagnosis,cellular leiomyoma,indicating,1265,1275,,1206,1310,3,False,1.147,score.trigger_weight|pair.dist_1_3|pair.cross_clause|pair.type_prior
PMC11345641_01,PMC11345641,LOCATED_IN,affirmed,Concept,1314,1332,C1510477,Exam,endometrial biopsy,1387,1398,C0014180,BodyPart,endometrium,performed,1337,1346,TREAT,1311,1399,6,False,1.627,score.trigger_weight|pair.dist_4_10|pair.cross_clause|pair.type_prior
PMC11345641_01,PMC11345641,TREATED_WITH,affirmed,Person,,,,Person,,1437,1468,C0404090,Treatment,total laparoscopic hysterectomy,performed,1425,1434,TREAT,1400,1510,7,False,2.727,score.trigger_weight|pair.dist_4_10|pair.cross_clause|pair.patient_anchor
PMC11345641_01,PMC11345641,TREATED_WITH,affirmed,Person,,,,Person,,1473,1496,C2243030,Treatment,bilateral salpingectomy,performed,1425,1434,TREAT,1400,1510,11,False,4.727,score.trigger_weight|pair.dist_4_10|pair.cross_clause|pair.patient_anchor|pair.coordinate
PMC11345641_01,PMC11345641,COORDINATE_WITH,affirmed,Concept,1437,1468,C0404090,Treatment,total laparoscopic hysterectomy,1473,1496,C2243030,Treatment,bilateral salpingectomy,,,,,1400,1510,1,False,1.2,pair.no_trigger|pair.dist_1_3|pair.cross_clause|pair.type_prior|pair.coordinate
PMC11345641_01,PMC11345641,HAS_FINDING,affirmed,Concept,1531,1537,C0042149,BodyPart,uterus,1569,1578,C0549206,Finding,pregnancy,resembled that of,1538,1555,,1511,1695,5,True,1.629,score.trigger_weight|pair.dist_4_10|pair.same_clause
PMC11345641_01,PMC11345641,HAS_DIAGNOSIS,affirmed,Concept,1569,1578,C0549206,Finding,pregnancy,1628,1636,C0042133,Diagnosis,fibroids,shaped with,1607,1618,,1511,1695,8,False,1.394,score.trigger_weight|pair.dist_4_10|pair.cross_clause|pair.type_prior
PMC11345641_01,PMC11345641,REVEALED_BY,affirmed,Concept,1811,1834,C0026018,Exam,Microscopic examination,1874,1883,C0023267,Diagnosis,leiomyoma,revealed,1848,1856,REVEAL,1811,1994,7,True,4.227,score.trigger_weight|pair.dist_4_10|pair.same_clause|pair.type_prior
PMC11345641_01,PMC11345641,HAS_FINDING,affirmed,Person,,,,Person,,2035,2040,C3810854,Finding,close,advised of,2011,2021,,1995,2051,8,False,1.994,score.trigger_weight|pair.dist_4_10|pair.cross_clause|pair.patient_anchor
PMC11345641_01,PMC11345641,HAS_FINDING,affirmed,Person,,,,Person,,2174,2194,C5980104,Finding,abdominal distension,developed,2164,2173,PRESENT,2132,2195,6,False,2.727,score.trigger_weight|pair.dist_4_10|pair.cross_clause|pair.patient_anchor
PMC11345641_01,PMC11345641,REVEALED_BY,affirmed,Concept,2367,2370,C0024485,Exam,MRI,2427,2434,C4521343,Finding,vaginal,revealed,2371,2379,REVEAL,2196,2579,7,True,4.227,score.trigger_weight|pair.dist_4_10|pair.same_clause|pair.type_prior
PMC11345641_01,PMC11345641,LOCATED_IN,affirmed,Concept,2527,2531,C0475806,Finding,near,2543,2555,C0729890,BodyPart,iliac vessel,,,,,2196,2579,2,True,1.43,pair.no_trigger|pair.dist_1_3|pair.same_clause|pair.type_prior
PMC11345641_01,PMC11345641,LOCATED_IN,affirmed,Concept,2582,2588,C0221198,Finding,lesion,2642,2670,C0224378,BodyPart,transversus abdominis muscle,penetrated,2621,2631,,2580,2715,9,True,2.937,score.trigger_weight|pair.dist_4_10|pair.same_clause|pair.type_prior
PMC11345641_01,PMC11345641,REVEALED_BY,affirmed,Person,,,,Person,,2887,2897,C0012359,Diagnosis,distention,revealed,2856,2864,REVEAL,2835,2999,5,False,2.727,score.trigger_weight|pair.dist_4_10|pair.cross_clause|pair.patient_anchor
PMC11345641_01,PMC11345641,LOCATED_IN,affirmed,Concept,2912,2925,C0746412,Finding,palpable mass,2942,2949,C0016129,BodyPart,fingers,extending,2926,2935,LOCATE,2835,2999,2,True,4.457,score.trigger_weight|pair.dist_1_3|pair.same_clause|pair.type_prior
PMC11345641_01,PMC11345641,REVEALED_BY,affirmed,Concept,2960,2969,C0041638,BodyPart,umbilicus,2982,2998,C0518456,Finding,limited mobility,showing,2974,2981,REVEAL,2835,2999,2,False,2.027,score.trigger_weight|pair.dist_1_3|pair.cross_clause
PMC11345641_01,PMC11345641,TREATED_WITH,affirmed,Person,,,,Person,,3161,3183,C0085704,Exam,exploratory laparotomy,performed,3148,3157,TREAT,3126,3303,7,False,2.727,score.trigger_weight|pair.dist_4_10|pair.cross_clause|pair.patient_anchor
PMC11345641_01,PMC11345641,LOCATED_IN,affirmed,Concept,3268,3277,C0728940,Treatment,resection,3285,3296,C1305188,BodyPart,right colon,,,,,3126,3303,2,True,1.6,pair.no_trigger|pair.dist_1_3|pair.same_clause|pair.type_prior
PMC11345641_01,PMC11345641,REVEALED_BY,affirmed,Concept,3311,3318,C0543467,Treatment,surgery,3342,3347,C0027651,Diagnosis,tumor,identified,3323,3333,REVEAL,3304,3474,5,False,1.407,score.trigger_weight|pair.dist_4_10|pair.cross_clause|pair.type_prior
PMC11345641_01,PMC11345641,LOCATED_IN,affirmed,Concept,3342,3347,C0027651,Diagnosis,tumor,3355,3371,C0230168,BodyPart,abdominal cavity,,,,,3304,3474,2,True,1.81,pair.no_trigger|pair.dist_1_3|pair.same_clause|pair.type_prior
PMC11345641_01,PMC11345641,LOCATED_IN,affirmed,Concept,3651,3657,C0027651,Diagnosis,tumors,3699,3714,C0021852,BodyPart,small intestine,found on,3686,3694,REVEAL,3640,3793,10,True,3.664,score.trigger_weight|pair.dist_4_10|pair.same_clause|pair.type_prior
PMC11345641_01,PMC11345641,LOCATED_IN,affirmed,Concept,3651,3657,C0027651,Diagnosis,tumors,3719,3735,C0227389,BodyPart,descending colon,found on,3686,3694,REVEAL,3640,3793,13,False,5.664,score.trigger_weight|pair.dist_4_10|pair.same_clause|pair.type_prior|pair.coordinate
PMC11345641_01,PMC11345641,LOCATED_IN,affirmed,Concept,3748,3754,C0027651,Diagnosis,tumors,3786,3792,C0030797,BodyPart,pelvis,present in,3771,3781,PRESENT,3640,3793,8,True,3.664,score.trigger_weight|pair.dist_4_10|pair.same_clause|pair.type_prior
PMC11345641_01,PMC11345641,LOCATED_IN,affirmed,Concept,4216,4221,C0027651,Diagnosis,tumor,4247,4258,C1305188,BodyPart,right colon,noted in,4234,4242,REVEAL,4118,4345,4,True,3.664,score.trigger_weight|pair.dist_4_10|pair.same_clause|pair.type_prior
PMC11345641_01,PMC11345641,HAS_DIAGNOSIS,affirmed,Person,,,,Person,,4387,4410,C6009855,Diagnosis,"pleural effusion, right",experienced,4375,4386,PRESENT,4346,4453,4,False,2.727,score.trigger_weight|pair.dist_4_10|pair.cross_clause|pair.patient_anchor
PMC11345641_01,PMC11345641,HAS_DIAGNOSIS,affirmed,Person,,,,Person,,4411,4425,C0020295,Diagnosis,hydronephrosis,experienced,4375,4386,PRESENT,4346,4453,7,False,4.727,score.trigger_weight|pair.dist_4_10|pair.cross_clause|pair.patient_anchor|pair.coordinate
PMC11345641_01,PMC11345641,COORDINATE_WITH,affirmed,Concept,4387,4410,C6009855,Diagnosis,"pleural effusion, right",4411,4425,C0020295,Diagnosis,hydronephrosis,,,,,4346,4453,0,False,1.0,pair.no_trigger|pair.dist_0|pair.cross_clause|pair.type_prior|pair.coordinate
PMC11345641_01,PMC11345641,HAS_FINDING,affirmed,Person,,,,Person,,4523,4537,C2598387,Finding,overall status,considering,4507,4518,,4507,4577,2,False,2.447,score.trigger_weight|pair.dist_1_3|pair.cross_clause|pair.patient_anchor
PMC11345641_01,PMC11345641,TREATED_WITH,affirmed,Concept,4523,4537,C2598387,Finding,overall status,4554,4576,C0260835,Treatment,follow-up chemotherapy,recommended,4542,4553,,4507,4577,2,False,1.567,score.trigger_weight|pair.dist_1_3|pair.cross_clause|pair.type_prior
PMC11368112_01,PMC11368112,HAS_SYMPTOM,historical,Concept,26,31,C3842676,Finding,2-day,43,58,C0232292,Symptom,chest tightness,,,,,0,127,2,True,1.0,pair.no_trigger|pair.dist_1_3|pair.same_clause
PMC11368112_01,PMC11368112,COORDINATE_WITH,affirmed,Concept,43,58,C0232292,Symptom,chest tightness,63,68,C0015967,Symptom,fever,,,,,0,127,1,False,1.2,pair.no_trigger|pair.dist_1_3|pair.cross_clause|pair.type_prior|pair.coordinate
PMC11368112_01,PMC11368112,LOCATED_IN,historical,Concept,132,147,C0262926,Finding,medical history,157,172,C0023216,BodyPart,lower extremity,included,148,156,,128,245,1,True,3.737,score.trigger_weight|pair.dist_1_3|pair.same_clause|pair.type_prior
PMC11368112_01,PMC11368112,HAS_SYMPTOM,affirmed,Person,,,,Person,,287,294,C0013404,Symptom,dyspnea,experienced,263,274,PRESENT,246,340,6,False,2.727,score.trigger_weight|pair.dist_4_10|pair.cross_clause|pair.patient_anchor
PMC11368112_01,PMC11368112,HAS_FINDING,affirmed,Concept,287,294,C0013404,Symptom,dyspnea,310,328,C0277799,Finding,intermittent fever,accompanied by,295,309,,246,340,2,True,3.294,score.trigger_weight|pair.dist_1_3|pair.same_clause
PMC11368112_01,PMC11368112,HAS_SYMPTOM,affirmed,Concept,287,294,C0013404,Symptom,dyspnea,333,339,C0085593,Symptom,chills,accompanied by,295,309,,246,340,5,False,5.294,score.trigger_weight|pair.dist_1_3|pair.same_clause|pair.coordinate
PMC11368112_01,PMC11368112,COORDINATE_WITH,affirmed,Concept,310,328,C0277799,Finding,intermittent fever,333,339,C0085593,Symptom,chills,,,,,246,340,1,False,1.0,pair.no_trigger|pair.dist_1_3|pair.cross_clause|pair.coordinate
PMC11368112_01,PMC11368112,REVEALED_BY,affirmed,Person,,,,Person,,405,422,C0231835,Finding,rapid respiration,revealed,366,374,REVEAL,341,458,10,False,2.727,score.trigger_weight|pair.dist_4_10|pair.cross_clause|pair.patient_anchor
PMC11368112_01,PMC11368112,REVEALED_BY,affirmed,Concept,597,607,C0041618,Exam,ultrasound,617,627,C0040053,Diagnosis,thrombosis,revealed,608,616,REVEAL,459,742,1,True,5.027,score.trigger_weight|pair.dist_1_3|pair.same_clause|pair.type_prior
PMC11368112_01,PMC11368112,LOCATED_IN,affirmed,Concept,617,627,C0040053,Diagnosis,thrombosis,635,654,C1275667,BodyPart,common femoral vein,,,,,459,742,2,True,1.81,pair.no_trigger|pair.dist_1_3|pair.same_clause|pair.type_prior
PMC11368112_01,PMC11368112,REVEALED_BY,affirmed,Concept,743,746,C1623258,Exam,ECG,757,774,C0039239,Diagnosis,sinus tachycardia,indicated,747,756,REVEAL,743,775,1,True,5.027,score.trigger_weight|pair.dist_1_3|pair.same_clause|pair.type_prior
PMC11368112_01,PMC11368112,REVEALED_BY,affirmed,Concept,776,785,C4522268,Finding,Pulmonary,800,808,C0013922,Diagnosis,embolism,indicated,790,799,REVEAL,776,981,2,True,4.927,score.trigger_weight|pair.dist_1_3|pair.same_clause|pair.type_prior
PMC11368112_01,PMC11368112,LOCATED_IN,affirmed,Concept,800,808,C0013922,Diagnosis,embolism,823,839,C0034052,BodyPart,pulmonary artery,,,,,776,981,3,True,1.81,pair.no_trigger|pair.dist_1_3|pair.same_clause|pair.type_prior
PMC11368112_01,PMC11368112,HAS_FINDING,affirmed,Person,,,,Person,,1417,1427,C0743973,Finding,high fever,reported,1385,1393,PRESENT,1373,1539,6,False,2.727,score.trigger_weight|pair.dist_4_10|pair.cross_clause|pair.patient_anchor
PMC11368112_01,PMC11368112,LOCATED_IN,affirmed,Concept,1574,1588,C0013516,Exam,echocardiogram,1617,1629,C0225844,BodyPart,right atrium,indicated,1593,1602,REVEAL,1540,1672,4,True,3.627,score.trigger_weight|pair.dist_4_10|pair.same_clause|pair.type_prior
PMC11368112_01,PMC11368112,LOCATED_IN,affirmed,Concept,1617,1629,C0225844,BodyPart,right atrium,1645,1659,C0456944,BodyPart,coronary sinus,widened,1637,1644,,1540,1672,3,True,3.007,score.trigger_weight|pair.dist_1_3|pair.same_clause|pair.type_prior
PMC11368112_01,PMC11368112,TREATED_WITH,affirmed,Person,,,,Person,,1703,1710,C0543467,Treatment,surgery,underwent,1693,1702,TREAT,1673,1742,6,False,2.727,score.trigger_weight|pair.dist_4_10|pair.cross_clause|pair.patient_anchor
PMC11368112_01,PMC11368112,LOCATED_IN,affirmed,Concept,1703,1710,C0543467,Treatment,surgery,1724,1736,C0729936,BodyPart,intracardiac,,,,,1673,1742,3,True,1.6,pair.no_trigger|pair.dist_1_3|pair.same_clause|pair.type_prior
PMC11368112_01,PMC11368112,LOCATED_IN,affirmed,Person,,,,Person,,1837,1851,C0456944,BodyPart,coronary sinus,revealed,1767,1775,REVEAL,1743,1872,16,False,1.027,score.trigger_weight|pair.dist_gt_10|pair.cross_clause|pair.patient_anchor
PMC11368112_01,PMC11368112,REVEALED_BY,affirmed,Person,,,,Person,,1970,1982,C0332448,Diagnosis,infiltration,indicated,1912,1921,REVEAL,1873,2017,10,False,2.727,score.trigger_weight|pair.dist_4_10|pair.cross_clause|pair.patient_anchor
PMC11368112_01,PMC11368112,HAS_DIAGNOSIS,affirmed,Person,,,,Person,,2071,2080,C0009450,Diagnosis,infection,consulted with,2044,2058,,2018,2231,6,False,1.994,score.trigger_weight|pair.dist_4_10|pair.cross_clause|pair.patient_anchor
PMC11368112_01,PMC11368112,COORDINATE_WITH,affirmed,Concept,2148,2160,C0041296,Diagnosis,tuberculosis,2165,2181,C0026946,Diagnosis,fungal infection,,,,,2018,2231,1,False,1.2,pair.no_trigger|pair.dist_1_3|pair.cross_clause|pair.type_prior|pair.coordinate
PMC11368112_01,PMC11368112,REVEALED_BY,affirmed,Person,,,,Person,,2262,2277,C1265815,Diagnosis,multiple ulcers,revealed,2253,2261,REVEAL,2232,2401,3,False,3.527,score.trigger_weight|pair.dist_1_3|pair.cross_clause|pair.patient_anchor
PMC11368112_01,PMC11368112,LOCATED_IN,affirmed,Concept,2262,2277,C1265815,Diagnosis,multiple ulcers,2330,2347,C0023216,BodyPart,lower extremities,,,,,2232,2401,9,True,1.01,pair.no_trigger|pair.dist_4_10|pair.same_clause|pair.type_prior
PMC11368112_01,PMC11368112,REVEALED_BY,affirmed,Concept,2421,2431,C0521367,BodyPart,oropharynx,2442,2457,C1265815,Diagnosis,multiple ulcers,indicated,2432,2441,REVEAL,2402,2483,1,True,4.027,score.trigger_weight|pair.dist_1_3|pair.same_clause
PMC11368112_01,PMC11368112,LOCATED_IN,affirmed,Concept,2442,2457,C1265815,Diagnosis,multiple ulcers,2465,2471,C0040408,BodyPart,tongue,,,,,2402,2483,2,True,1.81,pair.no_trigger|pair.dist_1_3|pair.same_clause|pair.type_prior
PMC11368112_01,PMC11368112,TREATED_WITH,affirmed,Person,,,,Person,,2543,2554,C0150866,Exam,skin biopsy,underwent,2531,2540,TREAT,2484,2624,11,False,1.027,score.trigger_weight|pair.dist_gt_10|pair.cross_clause|pair.patient_anchor
PMC11368112_01,PMC11368112,REVEALED_BY,affirmed,Concept,2543,2554,C0150866,Exam,skin biopsy,2581,2591,C3887532,Diagnosis,ulceration,revealed,2562,2570,REVEAL,2484,2624,3,False,3.027,score.trigger_weight|pair.dist_1_3|pair.cross_clause|pair.type_prior
PMC11368112_01,PMC11368112,REVEALED_BY,affirmed,Concept,2543,2554,C0150866,Exam,skin biopsy,2597,2611,C0268279,Diagnosis,lipofuscinosis,revealed,2562,2570,REVEAL,2484,2624,5,False,5.027,score.trigger_weight|pair.dist_1_3|pair.cross_clause|pair.type_prior|pair.coordinate
PMC11368112_01,PMC11368112,COORDINATE_WITH,affirmed,Concept,2581,2591,C3887532,Diagnosis,ulceration,2597,2611,C0268279,Diagnosis,lipofuscinosis,,,,,2484,2624,1,True,3.2,pair.no_trigger|pair.dist_1_3|pair.same_clause|pair.type_prior|pair.coordinate
PMC11368112_01,PMC11368112,TREATED_WITH,affirmed,Person,,,,Person,,2668,2678,C0557061,Treatment,discussion,diagnosed after,2632,2647,DIAGNOSE,2625,2861,6,False,2.354,score.trigger_weight|pair.dist_4_10|pair.cross_clause|pair.patient_anchor
PMC11368112_01,PMC11368112,TREATED_WITH,affirmed,Concept,2668,2678,C0557061,Treatment,discussion,2725,2732,C0543467,Treatment,surgery,involving,2679,2688,LOCATE,2625,2861,4,False,1.427,score.trigger_weight|pair.dist_4_10|pair.cross_clause|pair.type_prior
PMC11368112_01,PMC11368112,HAS_DIAGNOSIS,affirmed,Concept,2780,2795,C0041618,Exam,ultrasonography,2837,2853,C0004943,Diagnosis,Behcet's Disease,based on,2797,2805,,2625,2861,6,False,1.494,score.trigger_weight|pair.dist_4_10|pair.cross_clause|pair.type_prior
PMC11368112_01,PMC11368112,TREATED_WITH,affirmed,Person,,,,Person,,2942,2960,C0025815,Treatment,methylprednisolone,plan,2912,2916,,2862,3183,9,False,1.647,score.trigger_weight|pair.dist_4_10|pair.cross_clause|pair.patient_anchor
PMC11368112_01,PMC11368112,HAS_DIAGNOSIS,negated,Person,,,,Person,,3372,3389,C0559546,Diagnosis,adverse reactions,discharged,3317,3327,,3310,3390,9,False,2.007,score.trigger_weight|pair.dist_4_10|pair.cross_clause|pair.patient_anchor
PMC11368112_01,PMC11368112,REVEALED_BY,affirmed,Concept,3417,3433,C0034052,BodyPart,pulmonary artery,3495,3504,C4522268,Finding,pulmonary,indicated,3438,3447,REVEAL,3391,3603,10,True,3.227,score.trigger_weight|pair.dist_4_10|pair.same_clause
PMC11368112_01,PMC11368112,HAS_FINDING,affirmed,Person,,,,Person,,3625,3637,C0544452,Finding,in remission,remained,3616,3624,,3604,3730,3,False,2.807,score.trigger_weight|pair.dist_1_3|pair.cross_clause|pair.patient_anchor
PMC11420039_01,PMC11420039,LOCATED_IN,affirmed,Person,,,,Person,,485,493,C0006497,BodyPart,buttocks,exhibited,403,412,PRESENT,377,559,12,False,1.027,score.trigger_weight|pair.dist_gt_10|pair.cross_clause|pair.patient_anchor
PMC11420039_01,PMC11420039,HAS_FINDING,negated,Person,,,,Person,,705,725,C0455458,Finding,past medical history,had,698,701,PRESENT,686,831,4,False,1.227,score.trigger_weight|pair.dist_4_10|pair.cross_clause|pair.patient_anchor
PMC11420039_01,PMC11420039,REVEALED_BY,affirmed,Concept,932,962,C0282648,Exam,direct immunofluorescence (DIF,1026,1029,C0202087,Exam,IgG,showing,999,1006,REVEAL,904,1178,10,False,1.327,score.trigger_weight|pair.dist_4_10|pair.cross_clause|pair.type_prior
PMC11420039_01,PMC11420039,TREATED_WITH,affirmed,Person,,,,Person,,1286,1310,C1125541,Treatment,methylprednisolone 40 mg,treated with,1273,1285,TREAT,1257,1460,5,False,2.354,score.trigger_weight|pair.dist_4_10|pair.cross_clause|pair.patient_anchor
PMC11420039_01,PMC11420039,HAS_FINDING,affirmed,Concept,1576,1594,C0025815,Treatment,methylprednisolone,1617,1624,C0392756,Finding,reduced,,,,,1562,1641,3,True,1.0,pair.no_trigger|pair.dist_1_3|pair.same_clause
PMC11420039_01,PMC11420039,COORDINATE_WITH,affirmed,Concept,1888,1897,C3660996,Treatment,dupilumab,1898,1907,C1533685,Treatment,injection,,,,,1791,1918,0,True,3.0,pair.no_trigger|pair.dist_0|pair.same_clause|pair.type_prior|pair.coordinate
PMC11420039_01,PMC11420039,TREATED_WITH,affirmed,Concept,2276,2299,C0021499,Treatment,subcutaneous injections,2303,2312,C3660996,Treatment,dupilumab,,,,,2116,2313,1,True,1.2,pair.no_trigger|pair.dist_1_3|pair.same_clause|pair.type_prior
PMC11420039_01,PMC11420039,HAS_SYMPTOM,affirmed,Person,,,,Person,,2374,2381,C0015672,Symptom,fatigue,developed symptoms of,2352,2373,PRESENT,2314,2445,9,False,1.369,score.trigger_weight|pair.dist_4_10|pair.cross_clause|pair.patient_anchor
PMC11420039_01,PMC11420039,HAS_SYMPTOM,affirmed,Person,,,,Person,,2386,2393,C0013404,Symptom,dyspnea,developed symptoms of,2352,2373,PRESENT,2314,2445,11,False,3.369,score.trigger_weight|pair.dist_4_10|pair.cross_clause|pair.patient_anchor|pair.coordinate
PMC11420039_01,PMC11420039,COORDINATE_WITH,affirmed,Concept,2374,2381,C0015672,Symptom,fatigue,2386,2393,C0013404,Symptom,dyspnea,,,,,2314,2445,1,False,1.2,pair.no_trigger|pair.dist_1_3|pair.cross_clause|pair.type_prior|pair.coordinate
PMC11420039_01,PMC11420039,CAUSED_BY,affirmed,Concept,2469,2477,C1457868,Finding,worsened,2513,2532,C1145670,Diagnosis,respiratory failure,resulting in,2500,2512,CAUSE,2446,2584,4,False,1.754,score.trigger_weight|pair.dist_4_10|pair.cross_clause|pair.type_prior
PMC11420039_01,PMC11420039,REVEALED_BY,affirmed,Concept,2585,2593,C0202823,Exam,Chest CT,2638,2645,C0202691,Exam,head CT,revealed,2594,2602,REVEAL,2585,2704,4,False,1.327,score.trigger_weight|pair.dist_4_10|pair.cross_clause|pair.type_prior
PMC11420039_01,PMC11420039,REVEALED_BY,affirmed,Concept,2585,2593,C0202823,Exam,Chest CT,2650,2653,C0024485,Exam,MRI,revealed,2594,2602,REVEAL,2585,2704,7,False,3.327,score.trigger_weight|pair.dist_4_10|pair.cross_clause|pair.type_prior|pair.coordinate
PMC11420039_01,PMC11420039,COORDINATE_WITH,affirmed,Concept,2638,2645,C0202691,Exam,head CT,2650,2653,C0024485,Exam,MRI,,,,,2585,2704,1,False,1.1,pair.no_trigger|pair.dist_1_3|pair.cross_clause|pair.type_prior|pair.coordinate
PMC11420039_01,PMC11420039,HAS_DIAGNOSIS,affirmed,Person,,,,Person,,3056,3066,C0036690,Diagnosis,septicemia,diagnosed with,3035,3049,DIAGNOSE,3008,3116,7,False,2.354,score.trigger_weight|pair.dist_4_10|pair.cross_clause|pair.patient_anchor
PMC11420039_01,PMC11420039,TREATED_WITH,affirmed,Concept,3056,3066,C0036690,Diagnosis,septicemia,3084,3093,C0001367,Treatment,acyclovir,treated with,3071,3083,TREAT,3008,3116,3,False,2.654,score.trigger_weight|pair.dist_1_3|pair.cross_clause|pair.type_prior
PMC11420039_01,PMC11420039,TREATED_WITH,affirmed,Concept,3084,3093,C0001367,Treatment,acyclovir,3098,3115,C0280274,Treatment,antiviral therapy,,,,,3008,3116,1,True,1.2,pair.no_trigger|pair.dist_1_3|pair.same_clause|pair.type_prior
PMC11420039_01,PMC11420039,REVEALED_BY,affirmed,Concept,3130,3139,C5779629,Diagnosis,skin rash,3190,3198,C0205082,Finding,severely,observed in,3144,3155,REVEAL,3117,3411,8,False,1.654,score.trigger_weight|pair.dist_4_10|pair.cross_clause|pair.type_prior
PMC11420039_01,PMC11420039,HAS_FINDING,affirmed,Concept,3190,3198,C0205082,Finding,severely,3211,3217,C0439662,Finding,immune,compromised,3199,3210,,3117,3411,1,True,3.507,score.trigger_weight|pair.dist_1_3|pair.same_clause|pair.type_prior
PMC11420039_01,PMC11420039,CAUSED_BY,affirmed,Concept,3211,3217,C0439662,Finding,immune,3239,3248,C0009450,Diagnosis,infection,due to,3225,3231,CAUSE,3117,3411,4,True,3.454,score.trigger_weight|pair.dist_4_10|pair.same_clause|pair.type_prior
PMC11420039_01,PMC11420039,HAS_FINDING,affirmed,Concept,3254,3272,C0025815,Treatment,methylprednisolone,3284,3291,C0392756,Finding,reduced,,,,,3117,3411,2,True,1.0,pair.no_trigger|pair.dist_1_3|pair.same_clause
PMC11420039_01,PMC11420039,TREATED_WITH,affirmed,Concept,3446,3454,C0003241,Treatment,antibody,3506,3516,C0003241,Treatment,antibodies,indicated,3464,3473,REVEAL,3412,3579,6,True,3.427,score.trigger_weight|pair.dist_4_10|pair.same_clause|pair.type_prior
PMC11420039_01,PMC11420039,REVEALED_BY,historical,Concept,3605,3620,C0262926,Finding,medical history,3653,3661,C0314719,Symptom,dry eyes,revealed,3621,3629,REVEAL,3580,3734,4,True,3.227,score.trigger_weight|pair.dist_4_10|pair.same_clause
PMC11420039_01,PMC11420039,REVEALED_BY,affirmed,Concept,3605,3620,C0262926,Finding,medical history,3666,3675,C0043352,Diagnosis,dry mouth,revealed,3621,3629,REVEAL,3580,3734,7,False,5.227,score.trigger_weight|pair.dist_4_10|pair.same_clause|pair.coordinate
PMC11420039_01,PMC11420039,COORDINATE_WITH,affirmed,Concept,3653,3661,C0314719,Symptom,dry eyes,3666,3675,C0043352,Diagnosis,dry mouth,,,,,3580,3734,1,False,1.8,pair.no_trigger|pair.dist_1_3|pair.cross_clause|pair.type_prior|pair.coordinate
PMC11420039_01,PMC11420039,HAS_FINDING,affirmed,Concept,3958,3965,C0221423,Symptom,illness,4001,4033,C1821572,Finding,decreased level of consciousness,developed,3989,3998,PRESENT,3922,4034,5,False,1.227,score.trigger_weight|pair.dist_4_10|pair.cross_clause
PMC11420039_01,PMC11420039,TREATED_WITH,affirmed,Person,,,,Person,,4234,4251,C0021079,Treatment,immunosuppression,considering,4184,4195,,4184,4380,7,False,1.647,score.trigger_weight|pair.dist_4_10|pair.cross_clause|pair.patient_anchor
PMC11420039_01,PMC11420039,TREATED_WITH,affirmed,Person,,,,Person,,4424,4431,C0087111,Treatment,therapy,prescribed,4384,4394,TREAT,4381,4473,4,False,2.727,score.trigger_weight|pair.dist_4_10|pair.cross_clause|pair.patient_anchor
PMC11420039_01,PMC11420039,COORDINATE_WITH,affirmed,Concept,4448,4457,C0663241,Treatment,linezolid,4463,4472,C0001367,Treatment,acyclovir,,,,,4381,4473,1,False,1.2,pair.no_trigger|pair.dist_1_3|pair.cross_clause|pair.type_prior|pair.coordinate
PMC11722600_01,PMC11722600,HAS_SYMPTOM,historical,Concept,28,55,C0475172,Finding,history of cesarean section,110,124,C0000737,Symptom,abdominal pain,presented to,56,68,PRESENT,0,176,7,True,2.854,score.trigger_weight|pair.dist_4_10|pair.same_clause
PMC11722600_01,PMC11722600,HAS_SYMPTOM,negated,Person,,,,Person,,188,193,C0015967,Symptom,fever,had,181,184,PRESENT,177,220,3,False,2.027,score.trigger_weight|pair.dist_1_3|pair.cross_clause|pair.patient_anchor
PMC11722600_01,PMC11722600,REVEALED_BY,affirmed,Person,,,,Person,,363,377,C0000737,Symptom,abdominal pain,revealed,354,362,REVEAL,333,459,3,False,3.527,score.trigger_weight|pair.dist_1_3|pair.cross_clause|pair.patient_anchor
PMC11722600_01,PMC11722600,REVEALED_BY,affirmed,Person,,,,Person,,579,582,C3842088,Finding,mm3,showed,546,552,REVEAL,527,795,8,False,2.727,score.trigger_weight|pair.dist_4_10|pair.cross_clause|pair.patient_anchor
PMC11722600_01,PMC11722600,REVEALED_BY,negated,Concept,817,827,C0041618,Exam,ultrasound,840,850,C0013687,Diagnosis,free fluid,showed,828,834,REVEAL,796,881,2,True,5.027,score.trigger_weight|pair.dist_1_3|pair.same_clause|pair.type_prior
PMC11722600_01,PMC11722600,LOCATED_IN,affirmed,Concept,892,920,C0202653,Exam,CT with intravenous contrast,969,977,C0003617,BodyPart,appendix,revealed,942,950,REVEAL,882,1383,10,False,1.627,score.trigger_weight|pair.dist_4_10|pair.cross_clause|pair.type_prior
PMC11722600_01,PMC11722600,REVEALED_BY,affirmed,Concept,1077,1101,C2959418,Exam,Laparoscopic exploration,1049,1060,C0227873,BodyPart,right ovary,measuring,1061,1070,,882,1383,0,True,2.947,score.trigger_weight|pair.dist_1_3|pair.same_clause|orient.swapped
PMC11722600_01,PMC11722600,HAS_DIAGNOSIS,affirmed,Concept,1077,1101,C2959418,Exam,Laparoscopic exploration,1142,1154,C0003615,Diagnosis,appendicitis,decided,1106,1113,,882,1383,5,False,1.507,score.trigger_weight|pair.dist_4_10|pair.cross_clause|pair.type_prior
PMC11722600_01,PMC11722600,LOCATED_IN,affirmed,Concept,1163,1174,C0031154,Diagnosis,peritonitis,1188,1196,C0003617,BodyPart,appendix,showing,1176,1183,REVEAL,882,1383,2,False,2.837,score.trigger_weight|pair.dist_1_3|pair.cross_clause|pair.type_prior
PMC11722600_01,PMC11722600,REVEALED_BY,affirmed,Concept,1077,1101,C2959418,Exam,Laparoscopic exploration,1049,1060,C0227873,BodyPart,right ovary,,,,,882,1383,3,True,1.0,pair.no_trigger|pair.dist_1_3|pair.same_clause|orient.swapped
PMC11722600_01,PMC11722600,HAS_DIAGNOSIS,negated,Concept,1142,1154,C0003615,Diagnosis,appendicitis,1163,1174,C0031154,Diagnosis,peritonitis,,,,,882,1383,1,True,1.2,pair.no_trigger|pair.dist_1_3|pair.same_clause|pair.type_prior
PMC11722600_01,PMC11722600,LOCATED_IN,affirmed,Concept,1344,1354,C0700148,Diagnosis,congestion,1362,1382,C0227900,BodyPart,right fallopian tube,,,,,882,1383,2,True,1.81,pair.no_trigger|pair.dist_1_3|pair.same_clause|pair.type_prior
PMC11722600_01,PMC11722600,TREATED_WITH,affirmed,Concept,1386,1411,C0372525,Treatment,laparoscopic appendectomy,1475,1494,C0404194,Treatment,right salpingectomy,performed,1416,1425,TREAT,1384,1527,9,False,1.427,score.trigger_weight|pair.dist_4_10|pair.cross_clause|pair.type_prior
PMC11722600_01,PMC11722600,HAS_DIAGNOSIS,negated,Person,,,,Person,,1542,1546,C4321394,Finding,foci,suggestive,1531,1541,DIAGNOSE,1528,1605,2,False,2.627,score.trigger_weight|pair.dist_1_3|pair.cross_clause|pair.patient_anchor
PMC11722600_01,PMC11722600,LOCATED_IN,affirmed,Concept,2007,2017,C0019080,Diagnosis,hemorrhage,2080,2098,C0227849,BodyPart,endometrial stroma,described,2070,2079,,1688,2153,9,False,1.317,score.trigger_weight|pair.dist_4_10|pair.cross_clause|pair.type_prior
PMC11722600_01,PMC11722600,REVEALED_BY,negated,Concept,2158,2172,C0015560,BodyPart,fallopian tube,2234,2244,C0006826,Diagnosis,malignancy,showed,2183,2189,REVEAL,2154,2245,8,False,1.227,score.trigger_weight|pair.dist_4_10|pair.cross_clause
PMC11722600_02,PMC11722600,TREATED_WITH,affirmed,Concept,133,157,C2959418,Exam,laparoscopic exploration,163,172,C0728940,Treatment,resection,,,,,0,349,1,True,1.0,pair.no_trigger|pair.dist_1_3|pair.same_clause
PMC11722600_02,PMC11722600,HAS_FINDING,affirmed,Concept,163,172,C0728940,Treatment,resection,197,201,C4321394,Finding,foci,,,,,0,349,3,True,1.0,pair.no_trigger|pair.dist_1_3|pair.same_clause
PMC11722600_02,PMC11722600,COORDINATE_WITH,affirmed,Concept,353,358,C0015967,Symptom,fever,362,378,C0426359,Symptom,urinary symptoms,,,,,350,379,1,False,1.2,pair.no_trigger|pair.dist_1_3|pair.cross_clause|pair.type_prior|pair.coordinate
PMC11722600_02,PMC11722600,REVEALED_BY,affirmed,Person,,,,Person,,460,474,C0000737,Symptom,abdominal pain,showed,453,459,REVEAL,432,538,3,False,3.527,score.trigger_weight|pair.dist_1_3|pair.cross_clause|pair.patient_anchor
PMC11722600_02,PMC11722600,REVEALED_BY,affirmed,Concept,539,557,C0234246,Symptom,Rebound tenderness,610,625,C0277978,Symptom,sign; obturator,showing,582,589,REVEAL,539,644,9,False,1.427,score.trigger_weight|pair.dist_4_10|pair.cross_clause|pair.type_prior
PMC11722600_02,PMC11722600,REVEALED_BY,affirmed,Person,,,,Person,,672,684,C0023518,Diagnosis,leukocytosis,indicated,662,671,REVEAL,645,770,3,False,3.527,score.trigger_weight|pair.dist_1_3|pair.cross_clause|pair.patient_anchor
PMC11722600_02,PMC11722600,LOCATED_IN,affirmed,Concept,855,857,C0040405,Exam,CT,885,893,C0003617,BodyPart,appendix,revealed,858,866,REVEAL,771,1030,4,True,3.627,score.trigger_weight|pair.dist_4_10|pair.same_clause|pair.type_prior
PMC11722600_02,PMC11722600,HAS_DIAGNOSIS,hedged,Concept,773,794,C0332148,Finding,presumptive diagnosis,798,816,C0085693,Diagnosis,acute appendicitis,,,,,771,1030,1,True,1.9,pair.no_trigger|pair.dist_1_3|pair.same_clause|pair.type_prior
PMC11722600_02,PMC11722600,LOCATED_IN,affirmed,Person,,,,Person,,1636,1642,C0030797,BodyPart,pelvis,placed in,1622,1631,TREAT,1587,1669,9,False,2.354,score.trigger_weight|pair.dist_4_10|pair.cross_clause|pair.patient_anchor
PMC11722600_02,PMC11722600,TREATED_WITH,affirmed,Concept,1822,1824,C0040405,Exam,CT,1858,1866,C0013103,Treatment,drainage,performed to,1829,1841,TREAT,1733,1959,5,True,2.854,score.trigger_weight|pair.dist_4_10|pair.same_clause
PMC11722600_02,PMC11722600,LOCATED_IN,affirmed,Concept,1975,1987,C0202657,Exam,follow-up CT,2034,2042,C0003617,BodyPart,appendix,showed,2009,2015,REVEAL,1960,2118,10,False,1.627,score.trigger_weight|pair.dist_4_10|pair.cross_clause|pair.type_prior
PMC11722600_02,PMC11722600,TREATED_WITH,affirmed,Concept,2144,2156,C0231221,Finding,asymptomatic,2170,2195,C0372525,Treatment,laparoscopic appendectomy,scheduled,2160,2169,,2119,2349,2,False,1.567,score.trigger_weight|pair.dist_1_3|pair.cross_clause|pair.type_prior
PMC11722600_02,PMC11722600,CAUSED_BY,affirmed,Concept,2170,2195,C0372525,Treatment,laparoscopic appendectomy,2232,2243,C1293134,Treatment,enlargement,suggested due to,2200,2216,CAUSE,2119,2349,6,True,2.689,score.trigger_weight|pair.dist_4_10|pair.same_clause|pair.type_prior
PMC11722600_02,PMC11722600,LOCATED_IN,affirmed,Concept,2232,2243,C1293134,Treatment,enlargement,2251,2259,C0003617,BodyPart,appendix,,,,,2119,2349,2,True,1.6,pair.no_trigger|pair.dist_1_3|pair.same_clause|pair.type_prior
PMC11722600_02,PMC11722600,LOCATED_IN,affirmed,Concept,2350,2375,C0372525,Treatment,Laparoscopic appendectomy,2409,2417,C0003617,BodyPart,appendix,performed,2380,2389,TREAT,2350,2460,5,False,1.827,score.trigger_weight|pair.dist_4_10|pair.cross_clause|pair.type_prior
PMC11722600_02,PMC11722600,LOCATED_IN,affirmed,Person,,,,Person,,2702,2710,C0003617,BodyPart,appendix,showed,2687,2693,REVEAL,2657,3288,5,False,2.727,score.trigger_weight|pair.dist_4_10|pair.cross_clause|pair.patient_anchor
PMC11722600_02,PMC11722600,REVEALED_BY,affirmed,Concept,3065,3083,C0227849,BodyPart,endometrial stroma,3117,3121,C4321394,Finding,foci,found in,3084,3092,REVEAL,2657,3288,6,True,2.854,score.trigger_weight|pair.dist_4_10|pair.same_clause
PMC11722600_02,PMC11722600,REVEALED_BY,affirmed,Concept,3132,3140,C0019080,Diagnosis,bleeding,3157,3167,C0019080,Diagnosis,hemorrhage,indicates,3147,3156,REVEAL,2657,3288,2,False,1.507,score.trigger_weight|pair.dist_1_3|pair.cross_clause|pair.type_prior
PMC11722600_02,PMC11722600,HAS_DIAGNOSIS,affirmed,Concept,3117,3121,C4321394,Finding,foci,3132,3140,C0019080,Diagnosis,bleeding,,,,,2657,3288,2,True,1.9,pair.no_trigger|pair.dist_1_3|pair.same_clause|pair.type_prior
PMC11723754_01,PMC11723754,HAS_DIAGNOSIS,affirmed,Person,,,,Person,,43,71,C5546448,Diagnosis,traumatic spinal cord injury,operated case of,26,42,TREAT,0,182,5,False,1.369,score.trigger_weight|pair.dist_4_10|pair.cross_clause|pair.patient_anchor
PMC11723754_01,PMC11723754,CAUSED_BY,affirmed,Concept,43,71,C5546448,Diagnosis,traumatic spinal cord injury,80,96,C1997329,Diagnosis,fall from height,cause,73,78,CAUSE,0,182,1,False,2.227,score.trigger_weight|pair.dist_1_3|pair.cross_clause|pair.type_prior
PMC11723754_01,PMC11723754,HAS_DIAGNOSIS,affirmed,Concept,80,96,C1997329,Diagnosis,fall from height,103,119,C0695242,Diagnosis,neurogenic bowel,,,,,0,182,1,True,1.2,pair.no_trigger|pair.dist_1_3|pair.same_clause|pair.type_prior
PMC11723754_01,PMC11723754,HAS_FINDING,affirmed,Concept,124,131,C0005682,BodyPart,bladder,137,146,C0450094,Finding,Grade III,,,,,0,182,1,True,1.0,pair.no_trigger|pair.dist_1_3|pair.same_clause
PMC11723754_01,PMC11723754,COORDINATE_WITH,affirmed,Concept,137,146,C0450094,Finding,Grade III,147,162,C4554531,Diagnosis,pressure injury,,,,,0,182,0,True,3.7,pair.no_trigger|pair.dist_0|pair.same_clause|pair.type_prior|pair.coordinate
PMC11723754_01,PMC11723754,LOCATED_IN,affirmed,Concept,147,162,C4554531,Diagnosis,pressure injury,168,181,C0036033,BodyPart,sacral region,,,,,0,182,1,True,1.81,pair.no_trigger|pair.dist_1_3|pair.same_clause|pair.type_prior
PMC11723754_01,PMC11723754,LOCATED_IN,affirmed,Concept,256,265,C0450094,Finding,Grade III,275,288,C0036033,BodyPart,sacral region,,,,,229,376,2,True,1.43,pair.no_trigger|pair.dist_1_3|pair.same_clause|pair.type_prior
PMC11723754_01,PMC11723754,HAS_DIAGNOSIS,affirmed,Concept,318,326,C0278286,Treatment,dressing,334,340,C0043250,Diagnosis,wounds,,,,,229,376,2,True,1.18,pair.no_trigger|pair.dist_1_3|pair.same_clause|pair.type_prior
PMC11723754_01,PMC11723754,HAS_FINDING,affirmed,Person,,,,Person,,471,475,C0085639,Finding,fall,developed,459,468,PRESENT,377,532,14,False,1.027,score.trigger_weight|pair.dist_gt_10|pair.cross_clause|pair.patient_anchor
PMC11723754_01,PMC11723754,HAS_FINDING,affirmed,Concept,471,475,C0085639,Finding,fall,479,493,C1271104,Finding,blood pressure,,,,,377,532,1,True,1.2,pair.no_trigger|pair.dist_1_3|pair.same_clause|pair.type_prior
PMC11723754_01,PMC11723754,TREATED_WITH,affirmed,Person,,,,Person,,579,598,C0150238,Treatment,fluid resuscitation,assessed,566,574,,533,630,8,False,2.007,score.trigger_weight|pair.dist_4_10|pair.cross_clause|pair.patient_anchor
PMC11723754_01,PMC11723754,HAS_DIAGNOSIS,affirmed,Concept,718,723,C0013227,Treatment,drugs,767,808,C0026766,Diagnosis,multiple organ dysfunction syndrome (MODS,started to,729,739,TREAT,631,810,8,False,1.034,score.trigger_weight|pair.dist_4_10|pair.cross_clause|pair.type_prior
PMC11723754_01,PMC11723754,TREATED_WITH,affirmed,Person,,,,Person,,848,860,C0013832,Treatment,electrolytes,showed deranged,832,847,REVEAL,811,883,5,False,1.814,score.trigger_weight|pair.dist_4_10|pair.cross_clause|pair.patient_anchor
PMC11723754_01,PMC11723754,TREATED_WITH,affirmed,Person,,,,Person,,1070,1081,C1879316,Treatment,transfusion,underwent,1055,1064,TREAT,1052,1227,3,False,3.527,score.trigger_weight|pair.dist_1_3|pair.cross_clause|pair.patient_anchor
PMC11723754_01,PMC11723754,TREATED_WITH,affirmed,Concept,1097,1101,C0120777,Treatment,Hb 7,1145,1164,C0150238,Treatment,fluid resuscitation,treated aggressively with,1119,1144,TREAT,1052,1227,7,True,2.069,score.trigger_weight|pair.dist_4_10|pair.same_clause|pair.type_prior
PMC11723754_01,PMC11723754,HAS_FINDING,affirmed,Person,,,,Person,,1371,1382,C0427965,Finding,sensitivity,administered as per,1351,1370,TREAT,1313,1430,7,False,2.229,score.trigger_weight|pair.dist_4_10|pair.cross_clause|pair.patient_anchor
PMC11723754_01,PMC11723754,HAS_DIAGNOSIS,affirmed,Person,,,,Person,,1876,1893,C4554531,Diagnosis,pressure injuries,discharged with,1837,1852,,1825,1949,7,False,1.994,score.trigger_weight|pair.dist_4_10|pair.cross_clause|pair.patient_anchor
PMC11723754_01,PMC11723754,HAS_FINDING,affirmed,Concept,1876,1893,C4554531,Diagnosis,pressure injuries,1901,1919,C3806379,Finding,granulation tissue,,,,,1825,1949,1,True,1.8,pair.no_trigger|pair.dist_1_3|pair.same_clause|pair.type_prior
PMC11723754_01,PMC11723754,LOCATED_IN,affirmed,Person,,,,Person,,1968,1981,C0947131,BodyPart,bilateral hip,given,1962,1967,TREAT,1950,2083,3,False,3.527,score.trigger_weight|pair.dist_1_3|pair.cross_clause|pair.patient_anchor
PMC11723754_01,PMC11723754,LOCATED_IN,affirmed,Person,,,,Person,,1982,1986,C1963703,BodyPart,knee,given,1962,1967,TREAT,1950,2083,5,False,5.527,score.trigger_weight|pair.dist_1_3|pair.cross_clause|pair.patient_anchor|pair.coordinate
PMC11723754_01,PMC11723754,LOCATED_IN,affirmed,Person,,,,Person,,1987,1992,C0003086,BodyPart,ankle,given,1962,1967,TREAT,1950,2083,6,False,5.527,score.trigger_weight|pair.dist_1_3|pair.cross_clause|pair.patient_anchor|pair.coordinate
PMC11723754_01,PMC11723754,LOCATED_IN,affirmed,Person,,,,Person,,1993,1997,C0016504,BodyPart,foot,given,1962,1967,TREAT,1950,2083,7,False,5.527,score.trigger_weight|pair.dist_1_3|pair.cross_clause|pair.patient_anchor|pair.coordinate
PMC11723754_01,PMC11723754,TREATED_WITH,affirmed,Concept,2019,2030,C0087111,Treatment,therapeutic,2055,2074,C0204096,Treatment,neurorehabilitation,home-based,2044,2054,,1950,2083,3,False,1.507,score.trigger_weight|pair.dist_1_3|pair.cross_clause|pair.type_prior
PMC11723754_01,PMC11723754,TREATED_WITH,affirmed,Concept,2019,2030,C0087111,Treatment,therapeutic,2075,2082,C2728259,Treatment,program,home-based,2044,2054,,1950,2083,4,False,3.507,score.trigger_weight|pair.dist_1_3|pair.cross_clause|pair.type_prior|pair.coordinate
PMC11723754_01,PMC11723754,COORDINATE_WITH,affirmed,Concept,1968,1981,C0947131,BodyPart,bilateral hip,1982,1986,C1963703,BodyPart,knee,,,,,1950,2083,0,True,2.5,pair.no_trigger|pair.dist_0|pair.same_clause|pair.type_prior|pair.coordinate
PMC11723754_01,PMC11723754,COORDINATE_WITH,affirmed,Concept,1982,1986,C1963703,BodyPart,knee,1987,1992,C0003086,BodyPart,ankle,,,,,1950,2083,0,True,2.5,pair.no_trigger|pair.dist_0|pair.same_clause|pair.type_prior|pair.coordinate
PMC11723754_01,PMC11723754,COORDINATE_WITH,affirmed,Concept,1987,1992,C0003086,BodyPart,ankle,1993,1997,C0016504,BodyPart,foot,,,,,1950,2083,0,True,2.5,pair.no_trigger|pair.dist_0|pair.same_clause|pair.type_prior|pair.coordinate
PMC11723754_01,PMC11723754,TREATED_WITH,affirmed,Concept,1993,1997,C0016504,BodyPart,foot,2019,2030,C0087111,Treatment,therapeutic,,,,,1950,2083,3,True,1.0,pair.no_trigger|pair.dist_1_3|pair.same_clause
PMC11723754_01,PMC11723754,COORDINATE_WITH,affirmed,Concept,2055,2074,C0204096,Treatment,neurorehabilitation,2075,2082,C2728259,Treatment,program,,,,,1950,2083,0,True,3.0,pair.no_trigger|pair.dist_0|pair.same_clause|pair.type_prior|pair.coordinate
PMC11783470_01,PMC11783470,COORDINATE_WITH,family,Concept,63,74,C0025323,Diagnosis,menorrhagia,78,95,C0241889,Finding,family history of,,,,,48,124,1,False,1.8,pair.no_trigger|pair.dist_1_3|pair.cross_clause|pair.type_prior|pair.coordinate
PMC11783470_01,PMC11783470,HAS_DIAGNOSIS,family,Concept,78,95,C0241889,Finding,family history of,113,123,C0006826,Diagnosis,malignancy,,,,,48,124,1,True,1.9,pair.no_trigger|pair.dist_1_3|pair.same_clause|pair.type_prior
PMC11783470_01,PMC11783470,COORDINATE_WITH,affirmed,Concept,136,145,C0011168,Diagnosis,dysphagia,147,158,C0221150,Symptom,odynophagia,,,,,125,279,0,False,1.6,pair.no_trigger|pair.dist_0|pair.cross_clause|pair.type_prior|pair.coordinate
PMC11783470_01,PMC11783470,COORDINATE_WITH,affirmed,Concept,147,158,C0221150,Symptom,odynophagia,160,169,C0018834,Symptom,heartburn,,,,,125,279,0,False,1.0,pair.no_trigger|pair.dist_0|pair.cross_clause|pair.type_prior|pair.coordinate
PMC11783470_01,PMC11783470,COORDINATE_WITH,affirmed,Concept,160,169,C0018834,Symptom,heartburn,171,177,C0027497,Symptom,nausea,,,,,125,279,0,False,1.0,pair.no_trigger|pair.dist_0|pair.cross_clause|pair.type_prior|pair.coordinate
PMC11783470_01,PMC11783470,COORDINATE_WITH,affirmed,Concept,171,177,C0027497,Symptom,nausea,179,187,C0042963,Symptom,vomiting,,,,,125,279,0,False,1.0,pair.no_trigger|pair.dist_0|pair.cross_clause|pair.type_prior|pair.coordinate
PMC11783470_01,PMC11783470,COORDINATE_WITH,affirmed,Concept,179,187,C0042963,Symptom,vomiting,189,203,C0000737,Symptom,abdominal pain,,,,,125,279,0,False,1.0,pair.no_trigger|pair.dist_0|pair.cross_clause|pair.type_prior|pair.coordinate
PMC11783470_01,PMC11783470,COORDINATE_WITH,affirmed,Concept,189,203,C0000737,Symptom,abdominal pain,205,225,C0278008,Symptom,altered bowel habits,,,,,125,279,0,False,1.0,pair.no_trigger|pair.dist_0|pair.cross_clause|pair.type_prior|pair.coordinate
PMC11783470_01,PMC11783470,COORDINATE_WITH,affirmed,Concept,227,233,C0025222,Finding,melena,235,247,C0018932,Diagnosis,hematochezia,,,,,125,279,0,False,1.7,pair.no_trigger|pair.dist_0|pair.cross_clause|pair.type_prior|pair.coordinate
PMC11783470_01,PMC11783470,COORDINATE_WITH,affirmed,Concept,235,247,C0018932,Diagnosis,hematochezia,253,278,C2363736,Finding,unintentional weight loss,,,,,125,279,1,False,1.8,pair.no_trigger|pair.dist_1_3|pair.cross_clause|pair.type_prior|pair.coordinate
PMC11783470_01,PMC11783470,HAS_FINDING,affirmed,Person,,,,Person,,383,389,C0241137,Finding,pallor,unrevealing with,331,347,,306,390,10,False,1.814,score.trigger_weight|pair.dist_4_10|pair.cross_clause|pair.patient_anchor
PMC11783470_01,PMC11783470,TREATED_WITH,affirmed,Concept,587,602,C0240066,Diagnosis,iron deficiency,629,660,C0079304,Exam,esophagogastroduodenoscopy (EGD,underwent,619,628,TREAT,391,727,4,False,1.227,score.trigger_weight|pair.dist_4_10|pair.cross_clause
PMC11783470_01,PMC11783470,HAS_DIAGNOSIS,affirmed,Concept,543,565,C1277709,Exam,transferrin saturation,587,602,C0240066,Diagnosis,iron deficiency,,,,,391,727,5,True,1.2,pair.no_trigger|pair.dist_4_10|pair.same_clause|pair.type_prior
PMC11783470_01,PMC11783470,REVEALED_BY,affirmed,Concept,742,748,C0221198,Finding,lesion,780,786,C0221198,Finding,lesion,identified during,753,770,REVEAL,728,878,5,False,1.054,score.trigger_weight|pair.dist_4_10|pair.cross_clause|pair.type_prior
PMC11783470_01,PMC11783470,TREATED_WITH,affirmed,Concept,806,816,C0019120,Treatment,hemostatic,856,862,C0005558,Exam,biopsy,placed due to,828,841,TREAT,728,878,8,True,2.729,score.trigger_weight|pair.dist_4_10|pair.same_clause
PMC11783470_01,PMC11783470,HAS_FINDING,affirmed,Concept,728,731,C0163299,Treatment,A 7,742,748,C0221198,Finding,lesion,,,,,728,878,2,True,1.0,pair.no_trigger|pair.dist_1_3|pair.same_clause
PMC11783470_01,PMC11783470,REVEALED_BY,affirmed,Concept,901,907,C0221198,Finding,lesion,940,953,C0334094,Diagnosis,proliferation,demonstrated well-circumscribed,908,939,REVEAL,879,1026,2,True,4.014,score.trigger_weight|pair.dist_1_3|pair.same_clause|pair.type_prior
PMC11783470_01,PMC11783470,HAS_FINDING,affirmed,Concept,879,885,C0005558,Exam,Biopsy,901,907,C0221198,Finding,lesion,,,,,879,1026,3,True,2.0,pair.no_trigger|pair.dist_1_3|pair.same_clause|pair.type_prior
PMC11783470_01,PMC11783470,REVEALED_BY,affirmed,Person,,,,Person,,1045,1053,C0005558,Exam,biopsies,note,1030,1034,REVEAL,1027,1152,3,False,3.527,score.trigger_weight|pair.dist_1_3|pair.cross_clause|pair.patient_anchor
PMC11783470_01,PMC11783470,REVEALED_BY,negated,Concept,1045,1053,C0005558,Exam,biopsies,1079,1093,C0007570,Diagnosis,celiac disease,show features of,1062,1078,REVEAL,1027,1152,5,True,2.869,score.trigger_weight|pair.dist_4_10|pair.same_clause|pair.type_prior
PMC11783470_01,PMC11783470,REVEALED_BY,negated,Concept,1099,1114,C5968610,Exam,ileocolonoscopy,1136,1144,C0019080,Diagnosis,bleeding,identify,1123,1131,REVEAL,1027,1152,4,True,3.507,score.trigger_weight|pair.dist_4_10|pair.same_clause|pair.type_prior
PMC11783470_01,PMC11783470,REVEALED_BY,negated,Concept,1099,1114,C5968610,Exam,ileocolonoscopy,1145,1151,C0449416,Finding,source,identify,1123,1131,REVEAL,1027,1152,5,True,5.507,score.trigger_weight|pair.dist_4_10|pair.same_clause|pair.type_prior|pair.coordinate
PMC11783470_01,PMC11783470,COORDINATE_WITH,negated,Concept,1136,1144,C0019080,Diagnosis,bleeding,1145,1151,C0449416,Finding,source,,,,,1027,1152,0,True,3.6,pair.no_trigger|pair.dist_0|pair.same_clause|pair.type_prior|pair.coordinate
PMC11783470_01,PMC11783470,TREATED_WITH,affirmed,Person,,,,Person,,1276,1296,C5204448,Treatment,endoscopic resection,underwent,1251,1260,TREAT,1243,1324,5,False,2.727,score.trigger_weight|pair.dist_4_10|pair.cross_clause|pair.patient_anchor
PMC11783470_01,PMC11783470,HAS_DIAGNOSIS,negated,Person,,,,Person,,1425,1436,C0025323,Diagnosis,menorrhagia,given,1404,1409,TREAT,1404,1624,4,False,2.727,score.trigger_weight|pair.dist_4_10|pair.cross_clause|pair.patient_anchor
PMC11783470_01,PMC11783470,HAS_FINDING,affirmed,Concept,1464,1473,C0014245,Exam,endoscopy,1502,1511,C0589120,Finding,follow up,advised to,1491,1501,,1404,1624,5,False,1.494,score.trigger_weight|pair.dist_4_10|pair.cross_clause|pair.type_prior
PMC11783470_01,PMC11783470,CAUSED_BY,affirmed,Concept,1596,1606,C5702674,Finding,intestinal,1617,1623,C0002871,Diagnosis,anemia,causes of,1607,1616,CAUSE,1404,1624,2,True,4.194,score.trigger_weight|pair.dist_1_3|pair.same_clause|pair.type_prior
PMC11783470_01,PMC11783470,HAS_FINDING,affirmed,Concept,1555,1578,C1721048,Exam,video capsule endoscopy,1596,1606,C5702674,Finding,intestinal,,,,,1404,1624,3,True,2.0,pair.no_trigger|pair.dist_1_3|pair.same_clause|pair.type_prior
PMC11783470_01,PMC11783470,HAS_DIAGNOSIS,negated,Person,,,,Person,,1689,1699,C2825055,Diagnosis,recurrence,underwent,1633,1642,TREAT,1625,1721,11,False,1.027,score.trigger_weight|pair.dist_gt_10|pair.cross_clause|pair.patient_anchor
PMC12215201_01,PMC12215201,HAS_SYMPTOM,negated,Concept,40,60,C0455458,Finding,past medical history,141,148,C0015672,Symptom,fatigue,presented to,72,84,PRESENT,0,203,12,True,1.154,score.trigger_weight|pair.dist_gt_10|pair.same_clause
PMC12215201_01,PMC12215201,HAS_FINDING,affirmed,Concept,40,60,C0455458,Finding,past medical history,150,165,C0000731,Finding,swollen abdomen,presented to,72,84,PRESENT,0,203,13,False,3.154,score.trigger_weight|pair.dist_gt_10|pair.same_clause|pair.coordinate
PMC12215201_01,PMC12215201,HAS_SYMPTOM,affirmed,Concept,40,60,C0455458,Finding,past medical history,167,185,C0232462,Symptom,decreased appetite,presented to,72,84,PRESENT,0,203,15,False,3.154,score.trigger_weight|pair.dist_gt_10|pair.same_clause|pair.coordinate
PMC12215201_01,PMC12215201,HAS_FINDING,affirmed,Concept,40,60,C0455458,Finding,past medical history,191,202,C1262477,Finding,weight loss,presented to,72,84,PRESENT,0,203,18,False,3.154,score.trigger_weight|pair.dist_gt_10|pair.same_clause|pair.coordinate
PMC12215201_01,PMC12215201,COORDINATE_WITH,affirmed,Concept,167,185,C0232462,Symptom,decreased appetite,191,202,C1262477,Finding,weight loss,,,,,0,203,1,False,1.0,pair.no_trigger|pair.dist_1_3|pair.cross_clause|pair.coordinate
PMC12215201_01,PMC12215201,HAS_SYMPTOM,affirmed,Person,,,,Person,,221,225,C0030193,Symptom,pain,endorsed,212,220,,204,287,3,False,2.807,score.trigger_weight|pair.dist_1_3|pair.cross_clause|pair.patient_anchor
PMC12215201_01,PMC12215201,LOCATED_IN,affirmed,Concept,221,225,C0030193,Symptom,pain,233,240,C0000726,BodyPart,abdomen,,,,,204,287,2,True,1.49,pair.no_trigger|pair.dist_1_3|pair.same_clause|pair.type_prior
PMC12215201_01,PMC12215201,COORDINATE_WITH,affirmed,Concept,635,643,C0277797,Finding,afebrile,645,667,C0578150,Finding,hemodynamically stable,,,,,596,694,0,False,1.0,pair.no_trigger|pair.dist_0|pair.cross_clause|pair.type_prior|pair.coordinate
PMC12215201_01,PMC12215201,LOCATED_IN,affirmed,Person,,,,Person,,758,765,C0000726,BodyPart,abdomen,revealed,716,724,REVEAL,695,811,8,False,2.727,score.trigger_weight|pair.dist_4_10|pair.cross_clause|pair.patient_anchor
PMC12215201_01,PMC12215201,HAS_SYMPTOM,affirmed,Concept,780,788,C0541911,Finding,dullness,803,810,C0003962,Symptom,ascites,indicative of,789,802,DIAGNOSE,695,811,2,True,3.204,score.trigger_weight|pair.dist_1_3|pair.same_clause
PMC12215201_01,PMC12215201,HAS_FINDING,affirmed,Concept,758,765,C0000726,BodyPart,abdomen,780,788,C0541911,Finding,dullness,,,,,695,811,2,True,1.0,pair.no_trigger|pair.dist_1_3|pair.same_clause
PMC12215201_01,PMC12215201,REVEALED_BY,affirmed,Person,,,,Person,,859,873,C0032181,Exam,platelet count,showed,831,837,REVEAL,812,1511,7,False,2.727,score.trigger_weight|pair.dist_4_10|pair.cross_clause|pair.patient_anchor
PMC12215201_01,PMC12215201,LOCATED_IN,affirmed,Concept,999,1019,C2348813,Exam,abdominal ultrasound,1066,1071,C0023884,BodyPart,liver,performed,1020,1029,TREAT,812,1511,7,True,3.627,score.trigger_weight|pair.dist_4_10|pair.same_clause|pair.type_prior
PMC12215201_01,PMC12215201,LOCATED_IN,affirmed,Concept,1308,1326,C1508499,BodyPart,abdomen and pelvis,1404,1420,C0545797,BodyPart,liver and spleen,exhibited,1360,1369,PRESENT,812,1511,10,True,2.927,score.trigger_weight|pair.dist_4_10|pair.same_clause|pair.type_prior
PMC12215201_01,PMC12215201,HAS_FINDING,affirmed,Concept,859,873,C0032181,Exam,platelet count,883,886,C3842088,Finding,mm3,,,,,812,1511,3,True,2.0,pair.no_trigger|pair.dist_1_3|pair.same_clause|pair.type_prior
PMC12215201_01,PMC12215201,LOCATED_IN,affirmed,Concept,1620,1627,C0003962,Symptom,ascites,1647,1663,C0230118,BodyPart,presacral region,extending into,1628,1642,LOCATE,1512,1696,3,True,4.144,score.trigger_weight|pair.dist_1_3|pair.same_clause|pair.type_prior
PMC12215201_01,PMC12215201,HAS_SYMPTOM,affirmed,Concept,1586,1591,C0262950,BodyPart,bones,1620,1627,C0003962,Symptom,ascites,,,,,1512,1696,3,True,1.0,pair.no_trigger|pair.dist_1_3|pair.same_clause
PMC12215201_01,PMC12215201,TREATED_WITH,affirmed,Person,,,,Person,,1718,1740,C2316467,Treatment,packed red blood cells,received,1709,1717,TREAT,1697,1837,3,False,3.527,score.trigger_weight|pair.dist_1_3|pair.cross_clause|pair.patient_anchor
PMC12215201_01,PMC12215201,COORDINATE_WITH,affirmed,Concept,1769,1775,C0002871,Diagnosis,anemia,1780,1796,C0040034,Diagnosis,thrombocytopenia,,,,,1697,1837,1,False,1.2,pair.no_trigger|pair.dist_1_3|pair.cross_clause|pair.type_prior|pair.coordinate
PMC12215201_01,PMC12215201,TREATED_WITH,affirmed,Person,,,,Person,,1860,1872,C0034115,Treatment,paracentesis,underwent,1850,1859,TREAT,1838,1932,3,False,3.527,score.trigger_weight|pair.dist_1_3|pair.cross_clause|pair.patient_anchor
PMC12215201_01,PMC12215201,TREATED_WITH,affirmed,Concept,1860,1872,C0034115,Treatment,paracentesis,1884,1891,C0015252,Treatment,removal,,,,,1838,1932,2,True,1.2,pair.no_trigger|pair.dist_1_3|pair.same_clause|pair.type_prior
PMC12215201_01,PMC12215201,REVEALED_BY,affirmed,Person,,,,Person,,2140,2148,C0010818,Exam,cytology,showed,2111,2117,REVEAL,2092,2178,9,False,2.727,score.trigger_weight|pair.dist_4_10|pair.cross_clause|pair.patient_anchor
PMC12215201_01,PMC12215201,HAS_FINDING,negated,Concept,2140,2148,C0010818,Exam,cytology,2149,2177,C4699113,Finding,negative for malignant cells,,,,,2092,2178,0,True,1.8,pair.no_trigger|pair.dist_0|pair.same_clause|pair.type_prior
PMC12215201_01,PMC12215201,LOCATED_IN,affirmed,Concept,2256,2282,C0079304,Exam,Esophagogastroduodenoscopy,2367,2375,C0013303,BodyPart,duodenum,demonstrated,2283,2295,REVEAL,2256,2385,10,False,1.627,score.trigger_weight|pair.dist_4_10|pair.cross_clause|pair.type_prior
PMC12215201_01,PMC12215201,LOCATED_IN,affirmed,Concept,2440,2463,C1721048,Exam,Video capsule endoscopy,2519,2526,C3714551,BodyPart,stomach,showed,2464,2470,REVEAL,2440,2543,7,True,3.627,score.trigger_weight|pair.dist_4_10|pair.same_clause|pair.type_prior
PMC12215201_01,PMC12215201,LOCATED_IN,affirmed,Concept,2440,2463,C1721048,Exam,Video capsule endoscopy,2531,2542,C0021852,BodyPart,small bowel,showed,2464,2470,REVEAL,2440,2543,9,False,5.627,score.trigger_weight|pair.dist_4_10|pair.same_clause|pair.type_prior|pair.coordinate
PMC12215201_01,PMC12215201,TREATED_WITH,affirmed,Person,,,,Person,,2570,2591,C0086818,Treatment,platelet transfusions,received,2556,2564,TREAT,2544,2623,4,False,2.727,score.trigger_weight|pair.dist_4_10|pair.cross_clause|pair.patient_anchor
PMC12215201_01,PMC12215201,HAS_DIAGNOSIS,affirmed,Concept,2570,2591,C0086818,Treatment,platelet transfusions,2606,2622,C0040034,Diagnosis,thrombocytopenia,worsening,2596,2605,,2544,2623,2,True,3.127,score.trigger_weight|pair.dist_1_3|pair.same_clause|pair.type_prior
PMC12215201_01,PMC12215201,LOCATED_IN,affirmed,Person,,,,Person,,2646,2651,C0023884,BodyPart,liver,underwent,2636,2645,TREAT,2624,2787,3,False,3.527,score.trigger_weight|pair.dist_1_3|pair.cross_clause|pair.patient_anchor
PMC12215201_01,PMC12215201,TREATED_WITH,affirmed,Person,,,,Person,,2918,2927,C0021107,Treatment,placement,underwent,2892,2901,TREAT,2880,2951,5,False,2.727,score.trigger_weight|pair.dist_4_10|pair.cross_clause|pair.patient_anchor
PMC12215201_01,PMC12215201,TREATED_WITH,affirmed,Person,,,,Person,,2995,3003,C0013103,Treatment,drainage,continued to,2955,2967,TREAT,2952,3022,6,False,2.354,score.trigger_weight|pair.dist_4_10|pair.cross_clause|pair.patient_anchor
PMC12215201_01,PMC12215201,HAS_DIAGNOSIS,affirmed,Person,,,,Person,,3060,3098,C0012739,Diagnosis,disseminated intravascular coagulation,developed,3050,3059,PRESENT,3023,3201,4,False,2.727,score.trigger_weight|pair.dist_4_10|pair.cross_clause|pair.patient_anchor
PMC12215201_01,PMC12215201,HAS_DIAGNOSIS,affirmed,Concept,3104,3116,C0009566,Diagnosis,complication,3132,3146,C0018790,Diagnosis,cardiac arrest,suffered,3121,3129,,3023,3201,3,False,1.507,score.trigger_weight|pair.dist_1_3|pair.cross_clause|pair.type_prior
PMC12215201_01,PMC12215201,HAS_DIAGNOSIS,affirmed,Concept,3060,3098,C0012739,Diagnosis,disseminated intravascular coagulation,3104,3116,C0009566,Diagnosis,complication,,,,,3023,3201,2,True,1.2,pair.no_trigger|pair.dist_1_3|pair.same_clause|pair.type_prior
PMC12832199_01,PMC12832199,HAS_SYMPTOM,affirmed,Concept,26,33,C0028754,Diagnosis,obesity,77,97,C0232492,Symptom,upper abdominal pain,presented to,34,46,PRESENT,0,111,6,True,3.654,score.trigger_weight|pair.dist_4_10|pair.same_clause|pair.type_prior
PMC12832199_01,PMC12832199,HAS_SYMPTOM,affirmed,Concept,26,33,C0028754,Diagnosis,obesity,102,110,C0042963,Symptom,vomiting,presented to,34,46,PRESENT,0,111,10,False,5.654,score.trigger_weight|pair.dist_4_10|pair.same_clause|pair.type_prior|pair.coordinate
PMC12832199_01,PMC12832199,COORDINATE_WITH,affirmed,Concept,77,97,C0232492,Symptom,upper abdominal pain,102,110,C0042963,Symptom,vomiting,,,,,0,111,1,False,1.2,pair.no_trigger|pair.dist_1_3|pair.cross_clause|pair.type_prior|pair.coordinate
PMC12832199_01,PMC12832199,HAS_SYMPTOM,affirmed,Person,,,,Person,,153,161,C0042963,Symptom,vomiting,experienced,120,131,PRESENT,112,236,6,False,2.727,score.trigger_weight|pair.dist_4_10|pair.cross_clause|pair.patient_anchor
PMC12832199_01,PMC12832199,HAS_FINDING,affirmed,Concept,196,202,C1299582,Finding,unable,224,235,C2137071,Finding,oral intake,,,,,112,236,3,True,1.2,pair.no_trigger|pair.dist_1_3|pair.same_clause|pair.type_prior
PMC12832199_01,PMC12832199,CAUSED_BY,affirmed,Concept,278,295,C0040021,Diagnosis,Buerger's disease,336,347,C0002688,Treatment,amputations,resulted in,303,314,CAUSE,237,442,5,False,1.854,score.trigger_weight|pair.dist_4_10|pair.cross_clause|pair.type_prior
PMC12832199_01,PMC12832199,TREATED_WITH,affirmed,Concept,357,378,C0001623,Diagnosis,adrenal insufficiency,392,407,C0001617,Treatment,corticosteroids,managed with,379,391,TREAT,237,442,2,True,4.654,score.trigger_weight|pair.dist_1_3|pair.same_clause|pair.type_prior
PMC12832199_01,PMC12832199,HAS_DIAGNOSIS,historical,Concept,259,274,C0262926,Finding,medical history,278,295,C0040021,Diagnosis,Buerger's disease,,,,,237,442,1,True,1.9,pair.no_trigger|pair.dist_1_3|pair.same_clause|pair.type_prior
PMC12832199_01,PMC12832199,TREATED_WITH,affirmed,Person,,,,Person,,480,498,C0192865,Treatment,left hemicolectomy,underwent,468,477,TREAT,443,546,6,False,2.727,score.trigger_weight|pair.dist_4_10|pair.cross_clause|pair.patient_anchor
PMC12832199_01,PMC12832199,TREATED_WITH,affirmed,Person,,,,Person,,504,524,C0192963,Treatment,transverse colostomy,underwent,468,477,TREAT,443,546,9,False,4.727,score.trigger_weight|pair.dist_4_10|pair.cross_clause|pair.patient_anchor|pair.coordinate
PMC12832199_01,PMC12832199,COORDINATE_WITH,affirmed,Concept,480,498,C0192865,Treatment,left hemicolectomy,504,524,C0192963,Treatment,transverse colostomy,,,,,443,546,1,True,3.2,pair.no_trigger|pair.dist_1_3|pair.same_clause|pair.type_prior|pair.coordinate
PMC12832199_01,PMC12832199,HAS_DIAGNOSIS,affirmed,Concept,504,524,C0192963,Treatment,transverse colostomy,529,545,C0162529,Diagnosis,ischemic colitis,,,,,443,546,1,True,1.18,pair.no_trigger|pair.dist_1_3|pair.same_clause|pair.type_prior
PMC12832199_01,PMC12832199,HAS_DIAGNOSIS,affirmed,Person,,,,Person,,591,599,C0033377,Diagnosis,prolapse,experienced,563,574,PRESENT,547,709,6,False,2.727,score.trigger_weight|pair.dist_4_10|pair.cross_clause|pair.patient_anchor
PMC12832199_01,PMC12832199,HAS_DIAGNOSIS,affirmed,Person,,,,Person,,831,851,C0032290,Diagnosis,aspiration pneumonia,dehydrated,795,805,,787,852,7,False,2.007,score.trigger_weight|pair.dist_4_10|pair.cross_clause|pair.patient_anchor
PMC12832199_01,PMC12832199,REVEALED_BY,affirmed,Person,,,,Person,,888,900,C0023518,Diagnosis,leukocytosis,revealed,879,887,REVEAL,853,1045,3,False,3.527,score.trigger_weight|pair.dist_1_3|pair.cross_clause|pair.patient_anchor
PMC12832199_01,PMC12832199,REVEALED_BY,affirmed,Concept,1046,1048,C0040405,Exam,CT,1073,1083,C0012359,Diagnosis,distention,revealed,1049,1057,REVEAL,1046,1199,3,True,5.027,score.trigger_weight|pair.dist_1_3|pair.same_clause|pair.type_prior
PMC12832199_01,PMC12832199,CAUSED_BY,affirmed,Concept,1073,1083,C0012359,Diagnosis,distention,1097,1110,C0205255,Finding,incarceration,secondary to,1084,1096,CAUSE,1046,1199,2,True,4.004,score.trigger_weight|pair.dist_1_3|pair.same_clause|pair.type_prior
PMC12832199_01,PMC12832199,HAS_DIAGNOSIS,hedged,Concept,1304,1313,C4522268,Finding,pulmonary,1344,1364,C0032290,Diagnosis,aspiration pneumonia,consistent with,1328,1343,DIAGNOSE,1291,1378,3,True,4.194,score.trigger_weight|pair.dist_1_3|pair.same_clause|pair.type_prior
PMC12832199_01,PMC12832199,TREATED_WITH,affirmed,Concept,1471,1484,C1829459,Treatment,decompression,1515,1524,C0021107,Treatment,placement,achieved via,1489,1501,,1379,1596,5,True,2.694,score.trigger_weight|pair.dist_4_10|pair.same_clause|pair.type_prior
PMC12832199_01,PMC12832199,TREATED_WITH,affirmed,Concept,1515,1524,C0021107,Treatment,placement,1549,1567,C0338237,Treatment,antibiotic therapy,started on,1538,1548,TREAT,1379,1596,5,False,1.054,score.trigger_weight|pair.dist_4_10|pair.cross_clause|pair.type_prior
PMC12832199_01,PMC12832199,LOCATED_IN,negated,Concept,1764,1774,C0012359,Diagnosis,distension,1792,1802,C0442034,BodyPart,peritoneal,improved,1775,1783,,1741,1823,3,False,2.117,score.trigger_weight|pair.dist_1_3|pair.cross_clause|pair.type_prior
PMC12832199_01,PMC12832199,COORDINATE_WITH,affirmed,Concept,1745,1759,C0000737,Symptom,abdominal pain,1764,1774,C0012359,Diagnosis,distension,,,,,1741,1823,1,False,1.8,pair.no_trigger|pair.dist_1_3|pair.cross_clause|pair.type_prior|pair.coordinate
PMC12832199_01,PMC12832199,REVEALED_BY,negated,Person,,,,Person,,1865,1871,C0002871,Diagnosis,anemia,showed,1840,1846,REVEAL,1824,1912,6,False,2.727,score.trigger_weight|pair.dist_4_10|pair.cross_clause|pair.patient_anchor
PMC12832199_01,PMC12832199,COORDINATE_WITH,affirmed,Concept,1997,2008,C0549099,Finding,perforation,2012,2029,C3887513,Diagnosis,ischemic necrosis,,,,,1913,2038,1,False,1.9,pair.no_trigger|pair.dist_1_3|pair.cross_clause|pair.type_prior|pair.coordinate
PMC12832199_01,PMC12832199,TREATED_WITH,affirmed,Person,,,,Person,,2107,2120,C6022346,Treatment,hernia repair,confirming,2056,2066,,2039,2133,7,False,1.647,score.trigger_weight|pair.dist_4_10|pair.cross_clause|pair.patient_anchor
PMC12832199_01,PMC12832199,HAS_DIAGNOSIS,historical,Person,,,,Person,,2193,2201,C0033377,Diagnosis,prolapse,given,2134,2139,TREAT,2134,2371,9,False,2.727,score.trigger_weight|pair.dist_4_10|pair.cross_clause|pair.patient_anchor
PMC12832199_01,PMC12832199,LOCATED_IN,affirmed,Concept,2303,2313,C0441636,Treatment,shortening,2321,2326,C0009368,BodyPart,colon,,,,,2134,2371,2,True,1.6,pair.no_trigger|pair.dist_1_3|pair.same_clause|pair.type_prior
PMC12832199_01,PMC12832199,LOCATED_IN,affirmed,Concept,2444,2452,C0033377,Diagnosis,prolapse,2485,2490,C0009368,BodyPart,colon,due to,2453,2459,CAUSE,2372,2491,6,True,3.364,score.trigger_weight|pair.dist_4_10|pair.same_clause|pair.type_prior
PMC12832199_01,PMC12832199,TREATED_WITH,affirmed,Person,,,,Person,,2723,2729,C0374711,Treatment,repair,underwent,2689,2698,TREAT,2664,2754,6,False,2.727,score.trigger_weight|pair.dist_4_10|pair.cross_clause|pair.patient_anchor
PMC12832199_01,PMC12832199,LOCATED_IN,affirmed,Concept,2835,2843,C0040597,Treatment,traction,2851,2871,C0230229,BodyPart,gastrocolic ligament,,,,,2755,2881,2,True,1.6,pair.no_trigger|pair.dist_1_3|pair.same_clause|pair.type_prior
PMC12832199_01,PMC12832199,LOCATED_IN,affirmed,Concept,2899,2911,C5979919,Finding,incarcerated,2912,2919,C3714551,BodyPart,stomach,,,,,2882,3036,0,True,1.23,pair.no_trigger|pair.dist_0|pair.same_clause|pair.type_prior
PMC12832199_01,PMC12832199,LOCATED_IN,affirmed,Concept,3105,3112,C3714551,BodyPart,stomach,3136,3145,C0025483,BodyPart,mesocolon,dissected from,3117,3131,,3037,3231,4,True,2.194,score.trigger_weight|pair.dist_4_10|pair.same_clause|pair.type_prior
PMC12832199_01,PMC12832199,LOCATED_IN,affirmed,Concept,3209,3217,C0040597,Treatment,traction,3225,3230,C0009368,BodyPart,colon,,,,,3037,3231,2,True,1.6,pair.no_trigger|pair.dist_1_3|pair.same_clause|pair.type_prior
PMC12832199_01,PMC12832199,LOCATED_IN,affirmed,Concept,3525,3532,C0185003,Treatment,closure,3597,3602,C0021853,BodyPart,bowel,performed from,3537,3551,TREAT,3521,3644,11,True,1.754,score.trigger_weight|pair.dist_gt_10|pair.same_clause|pair.type_prior
PMC12832199_01,PMC12832199,HAS_FINDING,affirmed,Concept,3695,3701,C0374711,Treatment,repair,3725,3740,C4760449,Finding,intraperitoneal,performed using,3706,3721,TREAT,3645,3827,4,True,2.314,score.trigger_weight|pair.dist_4_10|pair.same_clause
PMC12832199_01,PMC12832199,LOCATED_IN,affirmed,Concept,3725,3740,C4760449,Finding,intraperitoneal,3793,3804,C1563019,BodyPart,suture line,tailored to,3746,3757,,3645,3827,10,True,2.924,score.trigger_weight|pair.dist_4_10|pair.same_clause|pair.type_prior
PMC12832199_01,PMC12832199,LOCATED_IN,affirmed,Person,,,,Person,,3863,3868,C0009368,BodyPart,colon,covered,3842,3849,,3828,4011,6,False,2.007,score.trigger_weight|pair.dist_4_10|pair.cross_clause|pair.patient_anchor
PMC12832199_01,PMC12832199,HAS_FINDING,affirmed,Concept,3925,3930,C0009368,BodyPart,colon,3964,3979,C4760449,Finding,intraperitoneal,folded,3935,3941,,3828,4011,6,True,2.507,score.trigger_weight|pair.dist_4_10|pair.same_clause
PMC12832199_01,PMC12832199,HAS_DIAGNOSIS,historical,Concept,4143,4152,C0014245,Exam,Endoscopy,4182,4199,C0085695,Diagnosis,chronic gastritis,performed on,4153,4165,TREAT,4143,4302,5,True,3.854,score.trigger_weight|pair.dist_4_10|pair.same_clause|pair.type_prior
PMC12832199_01,PMC12832199,CAUSED_BY,affirmed,Concept,4270,4281,C0014868,Diagnosis,esophagitis,4295,4301,C0232483,Diagnosis,reflux,secondary to,4282,4294,CAUSE,4143,4302,2,True,3.404,score.trigger_weight|pair.dist_1_3|pair.same_clause|pair.type_prior
PMC12832199_01,PMC12832199,REVEALED_BY,affirmed,Concept,4324,4330,C1549092,BodyPart,antrum,4352,4362,C0012359,Diagnosis,distension,showed,4336,4342,REVEAL,4303,4426,3,True,4.027,score.trigger_weight|pair.dist_1_3|pair.same_clause
PMC12832199_01,PMC12832199,LOCATED_IN,affirmed,Concept,4549,4558,C0025474,BodyPart,mesentery,4592,4606,C0836916,BodyPart,abdominal wall,seen protruding through,4564,4587,,4517,4679,5,True,1.209,score.trigger_weight|pair.dist_4_10|pair.same_clause|pair.type_prior
PMC12832199_01,PMC12832199,LOCATED_IN,affirmed,Person,,,,Person,,4746,4751,C0009368,BodyPart,colon,visualized,4721,4731,REVEAL,4680,4886,10,False,2.727,score.trigger_weight|pair.dist_4_10|pair.cross_clause|pair.patient_anchor
PMC12832199_01,PMC12832199,TREATED_WITH,negated,Concept,4897,4907,C2825055,Diagnosis,recurrence,4921,4926,C0591126,Treatment,at 10,observed,4912,4920,REVEAL,4887,4947,2,True,5.027,score.trigger_weight|pair.dist_1_3|pair.same_clause|pair.type_prior
PMC2700431_01,PMC2700431,COORDINATE_WITH,affirmed,Concept,161,172,C0700285,Finding,drug addict,174,194,C0019187,Diagnosis,"alcoholic, hepatitis",,,,,152,212,0,False,1.7,pair.no_trigger|pair.dist_0|pair.cross_clause|pair.type_prior|pair.coordinate
PMC2700431_01,PMC2700431,LOCATED_IN,affirmed,Person,,,,Person,,234,240,C0458827,BodyPart,airway,intubated for,220,233,,213,275,4,False,1.994,score.trigger_weight|pair.dist_4_10|pair.cross_clause|pair.patient_anchor
PMC2700431_01,PMC2700431,LOCATED_IN,affirmed,Concept,300,317,C3665420,BodyPart,cervical vertebra,342,353,C0037925,BodyPart,spinal cord,complete transaction of,318,341,,276,509,3,True,2.009,score.trigger_weight|pair.dist_1_3|pair.same_clause|pair.type_prior
PMC2700431_01,PMC2700431,HAS_DIAGNOSIS,affirmed,Concept,461,466,C0817096,BodyPart,chest,484,491,C3203359,Diagnosis,rupture,inserted,473,481,,276,509,2,False,1.307,score.trigger_weight|pair.dist_1_3|pair.cross_clause
PMC2700431_01,PMC2700431,COORDINATE_WITH,affirmed,Concept,382,390,C0016658,Diagnosis,fracture,391,398,C1631070,Finding,"4, 5, 6",,,,,276,509,0,False,1.6,pair.no_trigger|pair.dist_0|pair.cross_clause|pair.type_prior|pair.coordinate
PMC2700431_01,PMC2700431,LOCATED_IN,affirmed,Concept,437,449,C0032326,Diagnosis,pneumothorax,461,466,C0817096,BodyPart,chest,,,,,276,509,1,True,1.81,pair.no_trigger|pair.dist_1_3|pair.same_clause|pair.type_prior
PMC2700431_01,PMC2700431,LOCATED_IN,affirmed,Person,,,,Person,,764,768,C1995000,BodyPart,back,shifted,756,763,,740,794,4,False,2.007,score.trigger_weight|pair.dist_4_10|pair.cross_clause|pair.patient_anchor
PMC2700431_01,PMC2700431,HAS_FINDING,affirmed,Concept,764,768,C1995000,BodyPart,back,780,793,C2603364,Finding,on ventilator,,,,,740,794,3,True,1.0,pair.no_trigger|pair.dist_1_3|pair.same_clause
PMC2700431_01,PMC2700431,TREATED_WITH,affirmed,Person,,,,Person,,830,845,C0030231,Treatment,supportive care,started on,802,812,TREAT,795,904,6,False,2.354,score.trigger_weight|pair.dist_4_10|pair.cross_clause|pair.patient_anchor
PMC2700431_01,PMC2700431,LOCATED_IN,affirmed,Concept,830,845,C0030231,Treatment,supportive care,887,898,C3282907,BodyPart,nasogastric,given,850,855,TREAT,795,904,8,False,1.827,score.trigger_weight|pair.dist_4_10|pair.cross_clause|pair.type_prior
PMC2700431_01,PMC2700431,LOCATED_IN,affirmed,Concept,1192,1208,C3842377,Exam,Chest radiograph,1245,1249,C0024109,BodyPart,lung,showed opacities in,1209,1228,REVEAL,1192,1303,6,True,2.269,score.trigger_weight|pair.dist_4_10|pair.same_clause|pair.type_prior
PMC2700431_01,PMC2700431,TREATED_WITH,affirmed,Person,,,,Person,,1448,1450,C0030054,Treatment,2O,measured,1413,1421,REVEAL,1390,1521,11,False,1.027,score.trigger_weight|pair.dist_gt_10|pair.cross_clause|pair.patient_anchor
PMC2700431_01,PMC2700431,LOCATED_IN,affirmed,Concept,1452,1457,C0043047,Treatment,Water,1480,1485,C0230028,BodyPart,mouth,given through,1466,1479,TREAT,1390,1521,4,True,3.454,score.trigger_weight|pair.dist_4_10|pair.same_clause|pair.type_prior
PMC2700431_01,PMC2700431,TREATED_WITH,affirmed,Concept,1448,1450,C0030054,Treatment,2O,1452,1457,C0043047,Treatment,Water,,,,,1390,1521,0,True,1.0,pair.no_trigger|pair.dist_0|pair.same_clause|pair.type_prior
PMC2700431_01,PMC2700431,HAS_DIAGNOSIS,affirmed,Person,,,,Person,,1615,1635,C0032290,Diagnosis,aspiration pneumonia,started for,1603,1614,TREAT,1576,1709,5,False,2.354,score.trigger_weight|pair.dist_4_10|pair.cross_clause|pair.patient_anchor
PMC2817501_01,PMC2817501,HAS_SYMPTOM,affirmed,Person,,,,Person,,51,69,C0231807,Symptom,exertional dyspnea,admitted to,18,29,PRESENT,0,81,10,False,2.354,score.trigger_weight|pair.dist_4_10|pair.cross_clause|pair.patient_anchor
PMC2817501_01,PMC2817501,HAS_SYMPTOM,affirmed,Person,,,,Person,,74,80,C0002962,Symptom,angina,admitted to,18,29,PRESENT,0,81,13,False,4.354,score.trigger_weight|pair.dist_4_10|pair.cross_clause|pair.patient_anchor|pair.coordinate
PMC2817501_01,PMC2817501,COORDINATE_WITH,affirmed,Concept,51,69,C0231807,Symptom,exertional dyspnea,74,80,C0002962,Symptom,angina,,,,,0,81,1,False,1.2,pair.no_trigger|pair.dist_1_3|pair.cross_clause|pair.type_prior|pair.coordinate
PMC2817501_01,PMC2817501,REVEALED_BY,affirmed,Person,,,,Person,,299,315,C0457436,Finding,left hemiparesis,revealed,290,298,REVEAL,265,385,4,False,2.727,score.trigger_weight|pair.dist_4_10|pair.cross_clause|pair.patient_anchor
PMC2817501_01,PMC2817501,REVEALED_BY,affirmed,Person,,,,Person,,321,335,C1271104,Finding,blood pressure,revealed,290,298,REVEAL,265,385,7,False,4.727,score.trigger_weight|pair.dist_4_10|pair.cross_clause|pair.patient_anchor|pair.coordinate
PMC2817501_01,PMC2817501,COORDINATE_WITH,affirmed,Concept,299,315,C0457436,Finding,left hemiparesis,321,335,C1271104,Finding,blood pressure,,,,,265,385,1,True,3.2,pair.no_trigger|pair.dist_1_3|pair.same_clause|pair.type_prior|pair.coordinate
PMC2817501_01,PMC2817501,REVEALED_BY,affirmed,Concept,386,406,C0018793,Exam,Cardiac auscultation,418,421,C0442748,Finding,4/6,revealed,407,415,REVEAL,386,484,2,True,5.027,score.trigger_weight|pair.dist_1_3|pair.same_clause|pair.type_prior
PMC2817501_01,PMC2817501,REVEALED_BY,affirmed,Concept,386,406,C0018793,Exam,Cardiac auscultation,422,437,C0232257,Finding,systolic murmur,revealed,407,415,REVEAL,386,484,4,True,7.027,score.trigger_weight|pair.dist_1_3|pair.same_clause|pair.type_prior|pair.coordinate
PMC2817501_01,PMC2817501,REVEALED_BY,affirmed,Concept,386,406,C0018793,Exam,Cardiac auscultation,442,447,C0034642,Finding,rales,revealed,407,415,REVEAL,386,484,7,False,7.027,score.trigger_weight|pair.dist_1_3|pair.same_clause|pair.type_prior|pair.coordinate
PMC2817501_01,PMC2817501,COORDINATE_WITH,affirmed,Concept,418,421,C0442748,Finding,4/6,422,437,C0232257,Finding,systolic murmur,,,,,386,484,0,True,3.0,pair.no_trigger|pair.dist_0|pair.same_clause|pair.type_prior|pair.coordinate
PMC2817501_01,PMC2817501,COORDINATE_WITH,affirmed,Concept,422,437,C0232257,Finding,systolic murmur,442,447,C0034642,Finding,rales,,,,,386,484,1,False,1.2,pair.no_trigger|pair.dist_1_3|pair.cross_clause|pair.type_prior|pair.coordinate
PMC2817501_01,PMC2817501,HAS_DIAGNOSIS,affirmed,Concept,712,715,C0442757,Finding,3-4,723,743,C0026266,Diagnosis,mitral insufficiency,,,,,485,913,1,True,1.9,pair.no_trigger|pair.dist_1_3|pair.same_clause|pair.type_prior
PMC2817501_01,PMC2817501,REVEALED_BY,affirmed,Concept,756,785,C0042508,Exam,ventricular ejection fraction,723,743,C0026266,Diagnosis,mitral insufficiency,,,,,485,913,3,True,1.0,pair.no_trigger|pair.dist_1_3|pair.same_clause|orient.swapped
PMC2817501_01,PMC2817501,HAS_FINDING,affirmed,Concept,756,785,C0042508,Exam,ventricular ejection fraction,803,828,C0428642,Finding,pulmonary artery pressure,,,,,485,913,4,True,1.2,pair.no_trigger|pair.dist_4_10|pair.same_clause|pair.type_prior
PMC2817501_01,PMC2817501,REVEALED_BY,affirmed,Concept,914,936,C0085532,Exam,Coronary arteriography,950,958,C1261287,Diagnosis,stenosis,showed,937,943,REVEAL,914,1040,3,True,5.027,score.trigger_weight|pair.dist_1_3|pair.same_clause|pair.type_prior
PMC2817501_01,PMC2817501,TREATED_WITH,affirmed,Person,,,,Person,,1065,1076,C0035110,Treatment,reoperation,underwent,1053,1062,TREAT,1041,1238,4,False,2.727,score.trigger_weight|pair.dist_4_10|pair.cross_clause|pair.patient_anchor
PMC2817501_01,PMC2817501,TREATED_WITH,affirmed,Concept,1065,1076,C0035110,Treatment,reoperation,1080,1104,C0190170,Treatment,double valve replacement,,,,,1041,1238,1,True,1.2,pair.no_trigger|pair.dist_1_3|pair.same_clause|pair.type_prior
PMC2817501_01,PMC2817501,COORDINATE_WITH,affirmed,Concept,1113,1128,C0010075,BodyPart,vessel coronary,1129,1135,C0003842,BodyPart,artery,,,,,1041,1238,0,True,2.5,pair.no_trigger|pair.dist_0|pair.same_clause|pair.type_prior|pair.coordinate
PMC2817501_01,PMC2817501,COORDINATE_WITH,affirmed,Concept,1136,1142,C0813207,Treatment,bypass,1143,1151,C1961139,Treatment,grafting,,,,,1041,1238,0,True,3.0,pair.no_trigger|pair.dist_0|pair.same_clause|pair.type_prior|pair.coordinate
PMC2817501_01,PMC2817501,TREATED_WITH,affirmed,Concept,1143,1151,C1961139,Treatment,grafting,1162,1179,C1282959,Treatment,median sternotomy,,,,,1041,1238,2,True,1.2,pair.no_trigger|pair.dist_1_3|pair.same_clause|pair.type_prior
PMC2817501_01,PMC2817501,HAS_FINDING,affirmed,Concept,1195,1217,C0007202,Treatment,cardiopulmonary bypass,1226,1237,C0020672,Finding,hypothermia,,,,,1041,1238,2,True,1.0,pair.no_trigger|pair.dist_1_3|pair.same_clause
PMC2817501_01,PMC2817501,LOCATED_IN,affirmed,Concept,1414,1425,C0035110,Treatment,reoperation,1430,1442,C0026264,BodyPart,mitral valve,,,,,1411,1649,1,True,1.6,pair.no_trigger|pair.dist_1_3|pair.same_clause|pair.type_prior
PMC3437073_01,PMC3437073,HAS_FINDING,negated,Person,,,,Person,,149,162,C3841442,Finding,other medical,had,142,145,PRESENT,139,225,3,False,2.027,score.trigger_weight|pair.dist_1_3|pair.cross_clause|pair.patient_anchor
PMC3437073_01,PMC3437073,LOCATED_IN,negated,Concept,453,458,C0006318,Finding,bruit,487,492,C0817096,BodyPart,chest,found on,463,471,REVEAL,226,521,6,True,3.284,score.trigger_weight|pair.dist_4_10|pair.same_clause|pair.type_prior
PMC3437073_01,PMC3437073,LOCATED_IN,affirmed,Concept,453,458,C0006318,Finding,bruit,497,510,C2937240,BodyPart,upper abdomen,found on,463,471,REVEAL,226,521,8,False,5.284,score.trigger_weight|pair.dist_4_10|pair.same_clause|pair.type_prior|pair.coordinate
PMC3437073_01,PMC3437073,REVEALED_BY,affirmed,Person,,,,Person,,635,641,C0221198,Finding,lesion,showed,616,622,REVEAL,603,719,5,False,2.727,score.trigger_weight|pair.dist_4_10|pair.cross_clause|pair.patient_anchor
PMC3437073_01,PMC3437073,REVEALED_BY,affirmed,Person,,,,Person,,642,646,C0475806,Finding,near,showed,616,622,REVEAL,603,719,6,False,4.727,score.trigger_weight|pair.dist_4_10|pair.cross_clause|pair.patient_anchor|pair.coordinate
PMC3437073_01,PMC3437073,HAS_DIAGNOSIS,hedged,Concept,664,674,C0225706,BodyPart,right lung,696,718,C0041327,Diagnosis,pulmonary tuberculosis,suggestive of,675,688,DIAGNOSE,603,719,4,True,2.404,score.trigger_weight|pair.dist_4_10|pair.same_clause
PMC3437073_01,PMC3437073,COORDINATE_WITH,affirmed,Concept,635,641,C0221198,Finding,lesion,642,646,C0475806,Finding,near,,,,,603,719,0,True,3.0,pair.no_trigger|pair.dist_0|pair.same_clause|pair.type_prior|pair.coordinate
PMC3437073_01,PMC3437073,REVEALED_BY,affirmed,Concept,824,831,C0000726,BodyPart,abdomen,845,860,C0038002,Finding,enlarged spleen,indicated,832,841,REVEAL,806,889,2,True,4.027,score.trigger_weight|pair.dist_1_3|pair.same_clause
PMC3437073_01,PMC3437073,LOCATED_IN,affirmed,Concept,806,816,C0041618,Exam,Ultrasound,824,831,C0000726,BodyPart,abdomen,,,,,806,889,2,True,1.4,pair.no_trigger|pair.dist_1_3|pair.same_clause|pair.type_prior
PMC3437073_01,PMC3437073,HAS_DIAGNOSIS,affirmed,Concept,845,860,C0038002,Finding,enlarged spleen,875,888,C1533591,Diagnosis,calcification,,,,,806,889,3,True,1.9,pair.no_trigger|pair.dist_1_3|pair.same_clause|pair.type_prior
PMC3437073_01,PMC3437073,REVEALED_BY,affirmed,Concept,905,912,C0000726,BodyPart,abdomen,924,939,C0272412,Diagnosis,splenic abscess,revealed,913,921,REVEAL,890,1028,2,True,4.027,score.trigger_weight|pair.dist_1_3|pair.same_clause
PMC3437073_01,PMC3437073,LOCATED_IN,affirmed,Concept,890,897,C0040405,Exam,CT scan,905,912,C0000726,BodyPart,abdomen,,,,,890,1028,2,True,1.4,pair.no_trigger|pair.dist_1_3|pair.same_clause|pair.type_prior
PMC3437073_01,PMC3437073,HAS_DIAGNOSIS,affirmed,Concept,924,939,C0272412,Diagnosis,splenic abscess,967,987,C0241266,Diagnosis,subcutaneous abscess,,,,,890,1028,3,True,1.2,pair.no_trigger|pair.dist_1_3|pair.same_clause|pair.type_prior
PMC3437073_01,PMC3437073,LOCATED_IN,affirmed,Concept,967,987,C0241266,Diagnosis,subcutaneous abscess,1006,1016,C0205076,BodyPart,chest wall,,,,,890,1028,3,True,1.81,pair.no_trigger|pair.dist_1_3|pair.same_clause|pair.type_prior
PMC3437073_01,PMC3437073,HAS_DIAGNOSIS,affirmed,Person,,,,Person,,1064,1075,C0041296,Diagnosis,tuberculous,based on,1029,1037,,1029,1124,6,False,1.994,score.trigger_weight|pair.dist_4_10|pair.cross_clause|pair.patient_anchor
PMC3437073_01,PMC3437073,HAS_DIAGNOSIS,affirmed,Person,,,,Person,,1076,1091,C0272412,Diagnosis,splenic abscess,based on,1029,1037,,1029,1124,7,False,3.994,score.trigger_weight|pair.dist_4_10|pair.cross_clause|pair.patient_anchor|pair.coordinate
PMC3437073_01,PMC3437073,COORDINATE_WITH,affirmed,Concept,1064,1075,C0041296,Diagnosis,tuberculous,1076,1091,C0272412,Diagnosis,splenic abscess,,,,,1029,1124,0,True,3.0,pair.no_trigger|pair.dist_0|pair.same_clause|pair.type_prior|pair.coordinate
PMC3437073_01,PMC3437073,HAS_FINDING,hedged,Concept,1076,1091,C0272412,Diagnosis,splenic abscess,1105,1123,C0332148,Finding,probable diagnosis,,,,,1029,1124,3,True,1.8,pair.no_trigger|pair.dist_1_3|pair.same_clause|pair.type_prior
PMC3437073_01,PMC3437073,TREATED_WITH,affirmed,Concept,1155,1175,C0241266,Diagnosis,subcutaneous abscess,1205,1216,C0037995,Treatment,splenectomy,incised,1180,1187,,1125,1246,5,False,1.507,score.trigger_weight|pair.dist_4_10|pair.cross_clause|pair.type_prior
PMC3437073_01,PMC3437073,LOCATED_IN,affirmed,Concept,1345,1352,C0000833,Diagnosis,abscess,1371,1377,C0037993,BodyPart,spleen,,,,,1332,1505,3,True,1.81,pair.no_trigger|pair.dist_1_3|pair.same_clause|pair.type_prior
PMC3437073_01,PMC3437073,HAS_DIAGNOSIS,affirmed,Concept,1371,1377,C0037993,BodyPart,spleen,1401,1421,C0241266,Diagnosis,subcutaneous abscess,,,,,1332,1505,3,True,1.0,pair.no_trigger|pair.dist_1_3|pair.same_clause
PMC3437073_01,PMC3437073,LOCATED_IN,affirmed,Concept,1401,1421,C0241266,Diagnosis,subcutaneous abscess,1457,1467,C0205076,BodyPart,chest wall,,,,,1332,1505,7,True,1.01,pair.no_trigger|pair.dist_4_10|pair.same_clause|pair.type_prior
PMC3437073_01,PMC3437073,REVEALED_BY,affirmed,Concept,1585,1591,C0037993,BodyPart,spleen,1632,1641,C0018188,Diagnosis,granuloma,revealed,1592,1600,REVEAL,1563,1738,4,True,3.227,score.trigger_weight|pair.dist_4_10|pair.same_clause
PMC3437073_01,PMC3437073,TREATED_WITH,affirmed,Person,,,,Person,,1848,1857,C0022209,Treatment,Isoniazid,started on,1837,1847,TREAT,1821,1996,5,False,2.354,score.trigger_weight|pair.dist_4_10|pair.cross_clause|pair.patient_anchor
PMC3437073_01,PMC3437073,TREATED_WITH,affirmed,Concept,1848,1857,C0022209,Treatment,Isoniazid,1859,1862,C0022209,Treatment,INH,,,,,1821,1996,0,True,1.0,pair.no_trigger|pair.dist_0|pair.same_clause|pair.type_prior
PMC3437073_01,PMC3437073,TREATED_WITH,affirmed,Concept,2001,2029,C0438108,Finding,patient's condition improved,2050,2061,C4284232,Treatment,medications,,,,,1997,2118,2,True,1.26,pair.no_trigger|pair.dist_1_3|pair.same_clause|pair.type_prior
PMC3557982_01,PMC3557982,REVEALED_BY,affirmed,Person,,,,Person,,466,493,C0282646,Exam,indirect immunofluorescence,revealed,377,385,REVEAL,350,604,17,False,1.027,score.trigger_weight|pair.dist_gt_10|pair.cross_clause|pair.patient_anchor
PMC3557982_01,PMC3557982,TREATED_WITH,affirmed,Person,,,,Person,,699,711,C0085672,Exam,Microbiology,given,606,611,TREAT,606,873,17,False,1.027,score.trigger_weight|pair.dist_gt_10|pair.cross_clause|pair.patient_anchor
PMC3557982_01,PMC3557982,LOCATED_IN,affirmed,Concept,874,896,C0004398,Exam,Postmortem examination,940,945,C0024109,BodyPart,lungs,revealed,912,920,REVEAL,874,1081,7,False,1.627,score.trigger_weight|pair.dist_4_10|pair.cross_clause|pair.type_prior
PMC3557982_01,PMC3557982,REVEALED_BY,affirmed,Concept,1097,1107,C0026018,Exam,microscopy,1115,1138,C1262020,Diagnosis,diffuse alveolar damage,showed,1108,1114,REVEAL,1082,1218,1,True,5.027,score.trigger_weight|pair.dist_1_3|pair.same_clause|pair.type_prior
PMC3557982_01,PMC3557982,TREATED_WITH,affirmed,Concept,1219,1239,C0021044,Exam,Immunohistochemistry,1257,1265,C0003241,Treatment,Antibody,,,,,1219,1398,1,True,1.0,pair.no_trigger|pair.dist_1_3|pair.same_clause
PMC3557982_01,PMC3557982,COORDINATE_WITH,affirmed,Concept,2106,2139,C0041912,Diagnosis,upper respiratory tract infection,2144,2172,C0581372,Diagnosis,acute bilateral otitis media,,,,,2082,2227,1,False,1.2,pair.no_trigger|pair.dist_1_3|pair.cross_clause|pair.type_prior|pair.coordinate
PMC3557982_01,PMC3557982,HAS_FINDING,affirmed,Concept,2441,2450,C0032285,Diagnosis,Pneumonia,2493,2497,C1546956,Finding,died,developed in,2451,2463,PRESENT,2441,2498,9,False,1.654,score.trigger_weight|pair.dist_4_10|pair.cross_clause|pair.type_prior
PMC3557982_01,PMC3557982,HAS_DIAGNOSIS,historical,Person,,,,Person,,2735,2744,C0009450,Diagnosis,infection,reported,2701,2709,PRESENT,2634,2798,16,False,1.027,score.trigger_weight|pair.dist_gt_10|pair.cross_clause|pair.patient_anchor
PMC3557982_01,PMC3557982,TREATED_WITH,affirmed,Person,,,,Person,,2846,2851,C0225326,Treatment,fiber,performed,2802,2811,TREAT,2799,3019,9,False,2.727,score.trigger_weight|pair.dist_4_10|pair.cross_clause|pair.patient_anchor
PMC3557982_01,PMC3557982,REVEALED_BY,affirmed,Concept,3192,3197,C0225326,Treatment,fiber,3292,3298,C0080194,Diagnosis,strain,identified in,3268,3281,REVEAL,3188,3334,18,True,1.334,score.trigger_weight|pair.dist_gt_10|pair.same_clause|pair.type_prior
PMC3859158_01,PMC3859158,COORDINATE_WITH,affirmed,Concept,194,209,C1368081,Diagnosis,physical trauma,211,242,C0017168,Diagnosis,gastroesophageal reflux disease,,,,,164,316,0,False,1.0,pair.no_trigger|pair.dist_0|pair.cross_clause|pair.type_prior|pair.coordinate
PMC3859158_01,PMC3859158,COORDINATE_WITH,affirmed,Concept,211,242,C0017168,Diagnosis,gastroesophageal reflux disease,244,253,C0017152,Diagnosis,gastritis,,,,,164,316,0,False,1.0,pair.no_trigger|pair.dist_0|pair.cross_clause|pair.type_prior|pair.coordinate
PMC3859158_01,PMC3859158,COORDINATE_WITH,affirmed,Concept,244,253,C0017152,Diagnosis,gastritis,255,275,C0030920,Diagnosis,peptic ulcer disease,,,,,164,316,0,False,1.0,pair.no_trigger|pair.dist_0|pair.cross_clause|pair.type_prior|pair.coordinate
PMC3859158_01,PMC3859158,COORDINATE_WITH,affirmed,Concept,255,275,C0030920,Diagnosis,peptic ulcer disease,277,289,C0030305,Diagnosis,pancreatitis,,,,,164,316,0,False,1.0,pair.no_trigger|pair.dist_0|pair.cross_clause|pair.type_prior|pair.coordinate
PMC3859158_01,PMC3859158,COORDINATE_WITH,affirmed,Concept,277,289,C0030305,Diagnosis,pancreatitis,294,315,C0267792,Diagnosis,hepatobiliary disease,,,,,164,316,1,False,1.2,pair.no_trigger|pair.dist_1_3|pair.cross_clause|pair.type_prior|pair.coordinate
PMC3859158_01,PMC3859158,HAS_SYMPTOM,negated,Concept,357,380,C0009812,Symptom,constitutional symptoms,389,394,C0015967,Symptom,fever,,,,,317,427,2,True,1.2,pair.no_trigger|pair.dist_1_3|pair.same_clause|pair.type_prior
PMC3859158_01,PMC3859158,COORDINATE_WITH,affirmed,Concept,402,410,C0038990,Finding,sweating,415,426,C1262477,Finding,weight loss,,,,,317,427,1,False,1.2,pair.no_trigger|pair.dist_1_3|pair.cross_clause|pair.type_prior|pair.coordinate
PMC3859158_01,PMC3859158,HAS_FINDING,negated,Concept,640,649,C0030247,Exam,palpation,672,685,C0746412,Finding,palpable mass,,,,,584,686,4,True,1.2,pair.no_trigger|pair.dist_4_10|pair.same_clause|pair.type_prior
PMC3859158_01,PMC3859158,COORDINATE_WITH,affirmed,Concept,786,801,C2928321,Treatment,"amylase, lipase",803,810,C0376261,Treatment,lactate,,,,,687,924,0,False,1.0,pair.no_trigger|pair.dist_0|pair.cross_clause|pair.type_prior|pair.coordinate
PMC3859158_01,PMC3859158,TREATED_WITH,affirmed,Person,,,,Person,,1392,1410,C0728940,Treatment,surgical resection,underwent,1382,1391,TREAT,1374,1478,2,False,3.527,score.trigger_weight|pair.dist_1_3|pair.cross_clause|pair.patient_anchor
PMC3859158_01,PMC3859158,LOCATED_IN,affirmed,Concept,1392,1410,C0728940,Treatment,surgical resection,1425,1429,C0039259,BodyPart,tail,,,,,1374,1478,2,True,1.6,pair.no_trigger|pair.dist_1_3|pair.same_clause|pair.type_prior
PMC3859158_01,PMC3859158,REVEALED_BY,negated,Concept,1551,1562,C0012737,Treatment,dissections,1585,1606,C4699474,Finding,pathological findings,revealed,1563,1571,REVEAL,1479,1650,2,True,4.027,score.trigger_weight|pair.dist_1_3|pair.same_clause
PMC3859158_01,PMC3859158,LOCATED_IN,affirmed,Concept,1495,1518,C0026018,Exam,microscopic examination,1522,1528,C0037993,BodyPart,spleen,,,,,1479,1650,1,True,1.4,pair.no_trigger|pair.dist_1_3|pair.same_clause|pair.type_prior
PMC3859158_01,PMC3859158,REVEALED_BY,affirmed,Concept,1679,1694,C0877425,Finding,pancreatic mass,1720,1723,C0000925,Diagnosis,cut,measured,1695,1703,REVEAL,1651,1788,6,True,4.127,score.trigger_weight|pair.dist_4_10|pair.same_clause|pair.type_prior
PMC3859158_01,PMC3859158,HAS_FINDING,affirmed,Concept,1817,1832,C0877425,Finding,pancreatic mass,1902,1909,C3539106,Finding,defined,composed of,1837,1848,,1789,1991,9,True,2.694,score.trigger_weight|pair.dist_4_10|pair.same_clause|pair.type_prior
PMC3859158_01,PMC3859158,HAS_DIAGNOSIS,hedged,Person,,,,Person,,2251,2269,C1536561,Diagnosis,ancient schwannoma,scattered degenerated,2185,2206,,2185,2283,9,False,1.454,score.trigger_weight|pair.dist_4_10|pair.cross_clause|pair.patient_anchor
PMC3859158_01,PMC3859158,TREATED_WITH,affirmed,Concept,2298,2306,C0027540,Diagnosis,necrosis,2325,2328,C0045550,Treatment,2(b,noted,2311,2316,REVEAL,2284,2331,3,True,5.027,score.trigger_weight|pair.dist_1_3|pair.same_clause|pair.type_prior
PMC3859158_01,PMC3859158,HAS_FINDING,negated,Concept,2448,2453,C0027651,Diagnosis,tumor,2481,2483,C0332140,Finding,CD,stained,2460,2467,,2436,2508,4,True,3.307,score.trigger_weight|pair.dist_4_10|pair.same_clause|pair.type_prior
PMC3859158_01,PMC3859158,LOCATED_IN,affirmed,Concept,2538,2556,C1536561,Diagnosis,ancient schwannoma,2571,2575,C0039259,BodyPart,tail,,,,,2509,2592,2,True,1.81,pair.no_trigger|pair.dist_1_3|pair.same_clause|pair.type_prior
PMC3859158_01,PMC3859158,TREATED_WITH,negated,Person,,,,Person,,2705,2712,C0087111,Treatment,therapy,received,2684,2692,TREAT,2659,2713,5,False,2.727,score.trigger_weight|pair.dist_4_10|pair.cross_clause|pair.patient_anchor
PMC3859158_01,PMC3859158,REVEALED_BY,negated,Concept,2799,2806,C0011923,Exam,imaging,2814,2834,C0332651,Exam,no evidence of tumor,showed,2807,2813,REVEAL,2714,2846,1,True,4.127,score.trigger_weight|pair.dist_1_3|pair.same_clause|pair.type_prior
PMC3859158_01,PMC3859158,COORDINATE_WITH,affirmed,Concept,2791,2798,C0040405,Exam,CT scan,2799,2806,C0011923,Exam,imaging,,,,,2714,2846,0,True,2.9,pair.no_trigger|pair.dist_0|pair.same_clause|pair.type_prior|pair.coordinate
PMC3859158_01,PMC3859158,HAS_DIAGNOSIS,negated,Concept,2814,2834,C0332651,Exam,no evidence of tumor,2835,2845,C2825055,Diagnosis,recurrence,,,,,2714,2846,0,True,1.8,pair.no_trigger|pair.dist_0|pair.same_clause|pair.type_prior
PMC3897989_01,PMC3897989,REVEALED_BY,historical,Concept,136,156,C0455458,Finding,Past medical history,166,185,C0004238,Diagnosis,atrial fibrillation,revealed,157,165,REVEAL,136,238,1,True,4.927,score.trigger_weight|pair.dist_1_3|pair.same_clause|pair.type_prior
PMC3897989_01,PMC3897989,LOCATED_IN,affirmed,Concept,306,313,C0022346,Finding,icteric,314,320,C0036410,BodyPart,sclera,,,,,276,414,0,True,1.23,pair.no_trigger|pair.dist_0|pair.same_clause|pair.type_prior
PMC3897989_01,PMC3897989,HAS_FINDING,affirmed,Concept,419,434,C0022885,Exam,laboratory test,440,452,C4533677,Finding,at admission,,,,,415,833,1,True,2.0,pair.no_trigger|pair.dist_1_3|pair.same_clause|pair.type_prior
PMC3897989_01,PMC3897989,TREATED_WITH,affirmed,Concept,1006,1014,C0012634,Diagnosis,diseases,1076,1084,C0003241,Treatment,antibody,revealed,1015,1023,REVEAL,981,1125,8,True,4.227,score.trigger_weight|pair.dist_4_10|pair.same_clause|pair.type_prior
PMC3897989_01,PMC3897989,HAS_DIAGNOSIS,affirmed,Concept,981,990,C0220908,Exam,Screening,1006,1014,C0012634,Diagnosis,diseases,,,,,981,1125,2,True,2.0,pair.no_trigger|pair.dist_1_3|pair.same_clause|pair.type_prior
PMC3897989_01,PMC3897989,TREATED_WITH,affirmed,Concept,1244,1247,C0024485,Exam,MRI,1268,1279,C1293134,Treatment,enlargement,revealed,1249,1257,REVEAL,1184,1375,2,True,4.027,score.trigger_weight|pair.dist_1_3|pair.same_clause
PMC3897989_01,PMC3897989,REVEALED_BY,affirmed,Concept,1218,1236,C0024485,Exam,magnetic resonance,1244,1247,C0024485,Exam,MRI,,,,,1184,1375,1,True,1.1,pair.no_trigger|pair.dist_1_3|pair.same_clause|pair.type_prior
PMC3897989_01,PMC3897989,LOCATED_IN,affirmed,Concept,1268,1279,C1293134,Treatment,enlargement,1287,1295,C0030274,BodyPart,pancreas,,,,,1184,1375,2,True,1.6,pair.no_trigger|pair.dist_1_3|pair.same_clause|pair.type_prior
PMC3897989_01,PMC3897989,HAS_DIAGNOSIS,affirmed,Person,,,,Person,,1417,1425,C0012359,Diagnosis,dilation,included,1396,1404,,1376,1542,4,False,2.007,score.trigger_weight|pair.dist_4_10|pair.cross_clause|pair.patient_anchor
PMC3897989_01,PMC3897989,LOCATED_IN,affirmed,Concept,1475,1485,C0205400,Finding,thickening,1493,1504,C0016976,BodyPart,gallbladder,,,,,1376,1542,2,True,1.43,pair.no_trigger|pair.dist_1_3|pair.same_clause|pair.type_prior
PMC3897989_01,PMC3897989,LOCATED_IN,affirmed,Concept,1514,1521,C0333641,Diagnosis,atrophy,1529,1541,C0227613,BodyPart,right kidney,,,,,1376,1542,2,True,1.81,pair.no_trigger|pair.dist_1_3|pair.same_clause|pair.type_prior
PMC3897989_01,PMC3897989,REVEALED_BY,affirmed,Concept,1592,1596,C0008310,Exam,ERCP,1645,1647,C0040405,Exam,CT,revealing,1613,1622,REVEAL,1543,1656,6,False,1.327,score.trigger_weight|pair.dist_4_10|pair.cross_clause|pair.type_prior
PMC3897989_01,PMC3897989,REVEALED_BY,affirmed,Concept,1592,1596,C0008310,Exam,ERCP,1652,1655,C0024485,Exam,MRI,revealing,1613,1622,REVEAL,1543,1656,8,False,3.327,score.trigger_weight|pair.dist_4_10|pair.cross_clause|pair.type_prior|pair.coordinate
PMC3897989_01,PMC3897989,COORDINATE_WITH,affirmed,Concept,1645,1647,C0040405,Exam,CT,1652,1655,C0024485,Exam,MRI,,,,,1543,1656,1,False,1.1,pair.no_trigger|pair.dist_1_3|pair.cross_clause|pair.type_prior|pair.coordinate
PMC3897989_01,PMC3897989,HAS_DIAGNOSIS,affirmed,Person,,,,Person,,2083,2094,C0008370,Diagnosis,cholestasis,based on,2046,2054,,2046,2370,6,False,1.994,score.trigger_weight|pair.dist_4_10|pair.cross_clause|pair.patient_anchor
PMC3897989_01,PMC3897989,LOCATED_IN,affirmed,Concept,2295,2303,C0013103,Treatment,drainage,2344,2349,C0023884,BodyPart,liver,improved,2321,2329,,2046,2370,5,False,1.107,score.trigger_weight|pair.dist_4_10|pair.cross_clause|pair.type_prior
PMC3897989_01,PMC3897989,TREATED_WITH,affirmed,Concept,2083,2094,C0008370,Diagnosis,cholestasis,2104,2113,C0439775,Treatment,elevation,,,,,2046,2370,2,True,2.0,pair.no_trigger|pair.dist_1_3|pair.same_clause|pair.type_prior
PMC3897989_01,PMC3897989,REVEALED_BY,affirmed,Person,,,,Person,,2547,2564,C0193606,Exam,pancreatic biopsy,ct-guided,2537,2546,,2537,2670,1,False,2.807,score.trigger_weight|pair.dist_1_3|pair.cross_clause|pair.patient_anchor
PMC3897989_01,PMC3897989,HAS_DIAGNOSIS,affirmed,Concept,2547,2564,C0193606,Exam,pancreatic biopsy,2644,2656,C0332448,Diagnosis,infiltration,performed,2569,2578,TREAT,2537,2670,8,False,2.227,score.trigger_weight|pair.dist_4_10|pair.cross_clause|pair.type_prior
PMC3897989_01,PMC3897989,HAS_DIAGNOSIS,affirmed,Concept,2547,2564,C0193606,Exam,pancreatic biopsy,2661,2669,C0016059,Diagnosis,fibrosis,performed,2569,2578,TREAT,2537,2670,10,False,4.227,score.trigger_weight|pair.dist_4_10|pair.cross_clause|pair.type_prior|pair.coordinate
PMC3897989_01,PMC3897989,COORDINATE_WITH,affirmed,Concept,2644,2656,C0332448,Diagnosis,infiltration,2661,2669,C0016059,Diagnosis,fibrosis,,,,,2537,2670,1,False,1.2,pair.no_trigger|pair.dist_1_3|pair.cross_clause|pair.type_prior|pair.coordinate
PMC3897989_01,PMC3897989,LOCATED_IN,affirmed,Concept,2772,2775,C0013806,Treatment,ECT,2779,2793,C0036098,BodyPart,salivary gland,,,,,2772,2805,1,True,1.6,pair.no_trigger|pair.dist_1_3|pair.same_clause|pair.type_prior
PMC3897989_01,PMC3897989,TREATED_WITH,affirmed,Concept,2895,2910,C0149783,Treatment,Steroid therapy,2928,2946,C0025815,Treatment,methylprednisolone,,,,,2895,2995,2,True,1.2,pair.no_trigger|pair.dist_1_3|pair.same_clause|pair.type_prior
PMC3897989_01,PMC3897989,TREATED_WITH,affirmed,Person,,,,Person,,3249,3264,C0149783,Treatment,steroid therapy,stepped down,3232,3244,,3224,3345,5,False,1.994,score.trigger_weight|pair.dist_4_10|pair.cross_clause|pair.patient_anchor
PMC3897989_01,PMC3897989,LOCATED_IN,affirmed,Concept,3473,3476,C0024485,Exam,MRI,3512,3520,C0030274,BodyPart,pancreas,showed,3477,3483,REVEAL,3464,3521,5,True,3.627,score.trigger_weight|pair.dist_4_10|pair.same_clause|pair.type_prior
PMC3897989_01,PMC3897989,LOCATED_IN,affirmed,Concept,3551,3554,C0202087,Exam,IgG,3572,3576,C1995000,BodyPart,back,returned,3563,3571,,3522,3599,3,False,1.707,score.trigger_weight|pair.dist_1_3|pair.cross_clause|pair.type_prior
PMC3897989_01,PMC3897989,LOCATED_IN,affirmed,Person,,,,Person,,3934,3945,C3844327,BodyPart,right chest,developed,3899,3908,PRESENT,3856,4007,12,False,1.027,score.trigger_weight|pair.dist_gt_10|pair.cross_clause|pair.patient_anchor
PMC3897989_01,PMC3897989,HAS_SYMPTOM,affirmed,Concept,3934,3945,C3844327,BodyPart,right chest,3966,3970,C0030193,Symptom,pain,,,,,3856,4007,2,True,1.0,pair.no_trigger|pair.dist_1_3|pair.same_clause
PMC3897989_01,PMC3897989,COORDINATE_WITH,affirmed,Concept,3972,3980,C1457868,Finding,worsened,3986,3993,C0333307,Diagnosis,erosion,,,,,3856,4007,1,True,3.9,pair.no_trigger|pair.dist_1_3|pair.same_clause|pair.type_prior|pair.coordinate
PMC3897989_01,PMC3897989,COORDINATE_WITH,affirmed,Concept,3986,3993,C0333307,Diagnosis,erosion,3998,4006,C0005758,Finding,blisters,,,,,3856,4007,1,False,1.8,pair.no_trigger|pair.dist_1_3|pair.cross_clause|pair.type_prior|pair.coordinate
PMC3897989_01,PMC3897989,HAS_DIAGNOSIS,affirmed,Person,,,,Person,,4039,4052,C0019360,Diagnosis,herpes zoster,diagnosed with,4024,4038,DIAGNOSE,4008,4112,5,False,2.354,score.trigger_weight|pair.dist_4_10|pair.cross_clause|pair.patient_anchor
PMC3897989_01,PMC3897989,TREATED_WITH,affirmed,Concept,4039,4052,C0019360,Diagnosis,herpes zoster,4070,4087,C5222310,Treatment,acyclovir (500 mg,treated with,4057,4069,TREAT,4008,4112,3,False,2.654,score.trigger_weight|pair.dist_1_3|pair.cross_clause|pair.type_prior
PMC3897989_01,PMC3897989,LOCATED_IN,affirmed,Concept,4146,4157,C0039985,Exam,chest X-ray,4195,4205,C0225706,BodyPart,right lung,showed,4164,4170,REVEAL,4113,4206,6,True,3.627,score.trigger_weight|pair.dist_4_10|pair.same_clause|pair.type_prior
PMC3897989_01,PMC3897989,LOCATED_IN,affirmed,Person,,,,Person,,4273,4277,C0024109,BodyPart,lung,ct-guided,4263,4272,,4263,4355,1,False,2.807,score.trigger_weight|pair.dist_1_3|pair.cross_clause|pair.patient_anchor
PMC3897989_01,PMC3897989,REVEALED_BY,affirmed,Concept,4278,4284,C0005558,Exam,biopsy,4327,4335,C0013687,Diagnosis,effusion,showed,4285,4291,REVEAL,4263,4355,5,False,2.227,score.trigger_weight|pair.dist_4_10|pair.cross_clause|pair.type_prior
PMC3897989_01,PMC3897989,HAS_DIAGNOSIS,affirmed,Person,,,,Person,,4387,4404,C0024110,Diagnosis,pulmonary abscess,diagnosed with,4372,4386,DIAGNOSE,4356,4462,5,False,2.354,score.trigger_weight|pair.dist_4_10|pair.cross_clause|pair.patient_anchor
PMC3897989_01,PMC3897989,HAS_FINDING,affirmed,Person,,,,Person,,4563,4569,C0439662,Finding,immune,given,4463,4468,TREAT,4463,4579,16,False,1.027,score.trigger_weight|pair.dist_gt_10|pair.cross_clause|pair.patient_anchor
PMC3917415_01,PMC3917415,HAS_SYMPTOM,historical,Concept,55,58,C0024141,Diagnosis,SLE,86,94,C0018681,Symptom,headache,,,,,0,128,5,True,1.0,pair.no_trigger|pair.dist_4_10|pair.same_clause|pair.type_prior
PMC3917415_01,PMC3917415,TREATED_WITH,affirmed,Person,,,,Person,,181,193,C0032950,Treatment,prednisolone,treated as,142,152,TREAT,129,258,10,False,2.354,score.trigger_weight|pair.dist_4_10|pair.cross_clause|pair.patient_anchor
PMC3917415_01,PMC3917415,TREATED_WITH,affirmed,Person,,,,Person,,558,571,C0020852,Treatment,antibody (IgG,anti-double-stranded,509,529,,505,605,5,False,2.007,score.trigger_weight|pair.dist_4_10|pair.cross_clause|pair.patient_anchor
PMC3917415_01,PMC3917415,HAS_DIAGNOSIS,affirmed,Person,,,,Person,,715,718,C0024141,Diagnosis,SLE,considering,690,701,,690,830,4,False,1.647,score.trigger_weight|pair.dist_4_10|pair.cross_clause|pair.patient_anchor
PMC3917415_01,PMC3917415,HAS_DIAGNOSIS,historical,Concept,715,718,C0024141,Diagnosis,SLE,737,758,C0022661,Diagnosis,chronic renal failure,developed,727,736,PRESENT,690,830,3,False,2.227,score.trigger_weight|pair.dist_1_3|pair.cross_clause|pair.type_prior
PMC3917415_01,PMC3917415,TREATED_WITH,negated,Concept,737,758,C0022661,Diagnosis,chronic renal failure,767,781,C4551529,Treatment,renal dialysis,,,,,690,830,1,True,2.0,pair.no_trigger|pair.dist_1_3|pair.same_clause|pair.type_prior
PMC3917415_01,PMC3917415,TREATED_WITH,affirmed,Person,,,,Person,,862,880,C0024485,Exam,magnetic resonance,performed using,839,854,TREAT,831,910,7,False,1.814,score.trigger_weight|pair.dist_4_10|pair.cross_clause|pair.patient_anchor
PMC3917415_01,PMC3917415,TREATED_WITH,affirmed,Person,,,,Person,,1146,1158,C0337280,Treatment,fenestration,revealed,1135,1143,REVEAL,1131,1278,3,False,3.527,score.trigger_weight|pair.dist_1_3|pair.cross_clause|pair.patient_anchor
PMC3917415_01,PMC3917415,TREATED_WITH,affirmed,Concept,1206,1223,C2713497,Diagnosis,saccular aneurysm,1251,1263,C0337280,Treatment,fenestration,,,,,1131,1278,6,True,1.2,pair.no_trigger|pair.dist_4_10|pair.same_clause|pair.type_prior
PMC3917415_01,PMC3917415,HAS_DIAGNOSIS,hedged,Person,,,,Person,,1306,1323,C0162869,Diagnosis,ruptured aneurysm,consistent with,1288,1303,DIAGNOSE,1279,1324,5,False,1.994,score.trigger_weight|pair.dist_4_10|pair.cross_clause|pair.patient_anchor
PMC3917415_01,PMC3917415,LOCATED_IN,affirmed,Concept,1347,1357,C0010280,Treatment,craniotomy,1384,1388,C0027530,BodyPart,neck,performed to,1362,1374,TREAT,1325,1421,5,True,3.454,score.trigger_weight|pair.dist_4_10|pair.same_clause|pair.type_prior
PMC3917415_01,PMC3917415,HAS_DIAGNOSIS,affirmed,Concept,1384,1388,C0027530,BodyPart,neck,1396,1404,C0002940,Diagnosis,aneurysm,,,,,1325,1421,2,True,1.0,pair.no_trigger|pair.dist_1_3|pair.same_clause
PMC3917415_01,PMC3917415,REVEALED_BY,affirmed,Concept,1491,1501,C0026018,Exam,microscopy,1443,1460,C0162869,Diagnosis,ruptured aneurysm,confirmed under,1466,1481,DIAGNOSE,1422,1560,0,True,2.854,score.trigger_weight|pair.dist_4_10|pair.same_clause|orient.swapped
PMC3917415_01,PMC3917415,HAS_DIAGNOSIS,affirmed,Person,,,,Person,,1697,1715,C0265110,Diagnosis,cerebral vasospasm,present,1650,1657,PRESENT,1646,1857,7,False,2.727,score.trigger_weight|pair.dist_4_10|pair.cross_clause|pair.patient_anchor
PMC3917415_01,PMC3917415,HAS_DIAGNOSIS,affirmed,Person,,,,Person,,1889,1918,C0020258,Diagnosis,normal pressure hydrocephalus,developed,1879,1888,PRESENT,1858,1972,3,False,3.527,score.trigger_weight|pair.dist_1_3|pair.cross_clause|pair.patient_anchor
PMC3917415_01,PMC3917415,TREATED_WITH,affirmed,Concept,1889,1918,C0020258,Diagnosis,normal pressure hydrocephalus,1930,1939,C0021107,Treatment,placement,requiring,1920,1929,,1858,1972,1,False,1.947,score.trigger_weight|pair.dist_1_3|pair.cross_clause|pair.type_prior
PMC3917415_01,PMC3917415,TREATED_WITH,affirmed,Concept,1930,1939,C0021107,Treatment,placement,1945,1971,C0162702,Treatment,ventriculoperitoneal shunt,,,,,1858,1972,2,True,1.2,pair.no_trigger|pair.dist_1_3|pair.same_clause|pair.type_prior
PMC3950436_01,PMC3950436,TREATED_WITH,affirmed,Concept,71,76,C0027651,Diagnosis,tumor,104,116,C0040590,Treatment,tracheostomy,scheduled for,81,94,,0,146,4,True,3.494,score.trigger_weight|pair.dist_4_10|pair.same_clause|pair.type_prior
PMC3950436_01,PMC3950436,LOCATED_IN,affirmed,Concept,104,116,C0040590,Treatment,tracheostomy,124,130,C0458827,BodyPart,airway,due to,117,123,CAUSE,0,146,2,True,3.954,score.trigger_weight|pair.dist_1_3|pair.same_clause|pair.type_prior
PMC3950436_01,PMC3950436,LOCATED_IN,affirmed,Concept,151,156,C0027651,Diagnosis,tumor,178,188,C0521367,BodyPart,oropharynx,invaded,157,164,,147,298,4,False,1.317,score.trigger_weight|pair.dist_4_10|pair.cross_clause|pair.type_prior
PMC3950436_01,PMC3950436,LOCATED_IN,affirmed,Concept,178,188,C0521367,BodyPart,oropharynx,217,221,C0015392,BodyPart,eyes,causing displacement of,189,212,CAUSE,147,298,4,True,1.569,score.trigger_weight|pair.dist_4_10|pair.same_clause|pair.type_prior
PMC3950436_01,PMC3950436,LOCATED_IN,affirmed,Concept,223,240,C0027429,Finding,nasal obstruction,254,259,C0230028,BodyPart,mouth,limited,246,253,,147,298,2,True,3.737,score.trigger_weight|pair.dist_1_3|pair.same_clause|pair.type_prior
PMC3950436_01,PMC3950436,TREATED_WITH,affirmed,Concept,403,414,C0017196,Treatment,gastrostomy,432,447,C0086225,Treatment,enteral feeding,inserted for,419,431,,299,448,3,True,3.494,score.trigger_weight|pair.dist_1_3|pair.same_clause|pair.type_prior
PMC3950436_01,PMC3950436,COORDINATE_WITH,affirmed,Concept,315,338,C0520679,Diagnosis,obstructive sleep apnea,340,359,C0013404,Symptom,shortness of breath,,,,,299,448,0,False,1.6,pair.no_trigger|pair.dist_0|pair.cross_clause|pair.type_prior|pair.coordinate
PMC3950436_01,PMC3950436,COORDINATE_WITH,affirmed,Concept,361,378,C3665347,Finding,visual impairment,383,392,C0011168,Diagnosis,dysphagia,,,,,299,448,1,False,1.9,pair.no_trigger|pair.dist_1_3|pair.cross_clause|pair.type_prior|pair.coordinate
PMC3950436_01,PMC3950436,TREATED_WITH,affirmed,Concept,383,392,C0011168,Diagnosis,dysphagia,403,414,C0017196,Treatment,gastrostomy,,,,,299,448,2,True,2.0,pair.no_trigger|pair.dist_1_3|pair.same_clause|pair.type_prior
PMC3950436_01,PMC3950436,HAS_DIAGNOSIS,affirmed,Concept,467,477,C2825055,Diagnosis,recurrence,485,490,C0027651,Diagnosis,tumor,,,,,449,566,2,True,1.2,pair.no_trigger|pair.dist_1_3|pair.same_clause|pair.type_prior
PMC3950436_01,PMC3950436,LOCATED_IN,affirmed,Concept,904,912,C0205082,Finding,severely,923,929,C0458827,BodyPart,airway,distorted,913,922,,824,963,1,True,3.737,score.trigger_weight|pair.dist_1_3|pair.same_clause|pair.type_prior
PMC3950436_01,PMC3950436,TREATED_WITH,affirmed,Concept,1157,1161,C0030193,Symptom,pain,1184,1206,C0040590,Treatment,tracheostomy procedure,,,,,1029,1207,3,True,1.36,pair.no_trigger|pair.dist_1_3|pair.same_clause|pair.type_prior
PMC3950436_01,PMC3950436,HAS_FINDING,affirmed,Concept,1317,1325,C0344106,Treatment,sedation,1389,1403,C1271104,Finding,blood pressure,initiated under,1330,1345,TREAT,1268,1654,8,True,2.854,score.trigger_weight|pair.dist_4_10|pair.same_clause
PMC3950436_01,PMC3950436,TREATED_WITH,affirmed,Concept,1594,1607,C0445115,Treatment,normal saline,1637,1648,C0017196,Treatment,gastrostomy,administered through,1612,1632,TREAT,1268,1654,4,True,3.054,score.trigger_weight|pair.dist_4_10|pair.same_clause|pair.type_prior
PMC3950436_01,PMC3950436,COORDINATE_WITH,affirmed,Concept,1308,1315,C0543467,Treatment,surgery,1317,1325,C0344106,Treatment,sedation,,,,,1268,1654,0,False,1.0,pair.no_trigger|pair.dist_0|pair.cross_clause|pair.type_prior|pair.coordinate
PMC3950436_01,PMC3950436,HAS_FINDING,affirmed,Concept,1422,1427,C0018787,BodyPart,heart,1434,1436,C0332167,Finding,HR,,,,,1268,1654,1,True,1.0,pair.no_trigger|pair.dist_1_3|pair.same_clause
PMC3950436_01,PMC3950436,TREATED_WITH,affirmed,Concept,1712,1727,C0113293,Treatment,dexmedetomidine,1729,1737,C0876757,Treatment,Precedex,,,,,1655,1807,0,True,1.0,pair.no_trigger|pair.dist_0|pair.same_clause|pair.type_prior
PMC3950436_01,PMC3950436,HAS_FINDING,affirmed,Concept,2039,2046,C0235195,Finding,sedated,2051,2056,C0234422,Finding,awake,,,,,2016,2093,1,True,1.2,pair.no_trigger|pair.dist_1_3|pair.same_clause|pair.type_prior
PMC3950436_01,PMC3950436,LOCATED_IN,affirmed,Concept,2051,2056,C0234422,Finding,awake,2062,2065,C0015392,BodyPart,eye,,,,,2016,2093,1,True,1.43,pair.no_trigger|pair.dist_1_3|pair.same_clause|pair.type_prior
PMC3950436_01,PMC3950436,REVEALED_BY,affirmed,Person,,,,Person,,2151,2168,C1623258,Exam,electrocardiogram,applied for,2122,2133,,2094,2186,8,False,1.994,score.trigger_weight|pair.dist_4_10|pair.cross_clause|pair.patient_anchor
PMC3950436_01,PMC3950436,REVEALED_BY,affirmed,Person,,,,Person,,2170,2184,C0034108,Exam,pulse oximetry,applied for,2122,2133,,2094,2186,9,False,3.994,score.trigger_weight|pair.dist_4_10|pair.cross_clause|pair.patient_anchor|pair.coordinate
PMC3950436_01,PMC3950436,LOCATED_IN,affirmed,Person,,,,Person,,2289,2305,C1276271,BodyPart,antecubital vein,inserted in,2268,2279,,2247,2345,10,False,1.994,score.trigger_weight|pair.dist_4_10|pair.cross_clause|pair.patient_anchor
PMC3950436_01,PMC3950436,REVEALED_BY,affirmed,Concept,2316,2326,C0041618,Exam,ultrasound,2289,2305,C1276271,BodyPart,antecubital vein,guided by,2306,2315,,2247,2345,0,True,3.294,score.trigger_weight|pair.dist_1_3|pair.same_clause|orient.swapped
PMC3950436_01,PMC3950436,REVEALED_BY,affirmed,Concept,2316,2326,C0041618,Exam,ultrasound,2289,2305,C1276271,BodyPart,antecubital vein,,,,,2247,2345,2,True,1.0,pair.no_trigger|pair.dist_1_3|pair.same_clause|orient.swapped
PMC3950436_01,PMC3950436,HAS_FINDING,negated,Concept,2316,2326,C0041618,Exam,ultrasound,2335,2344,C5441521,Finding,complaint,,,,,2247,2345,1,True,2.0,pair.no_trigger|pair.dist_1_3|pair.same_clause|pair.type_prior
PMC3950436_01,PMC3950436,TREATED_WITH,affirmed,Concept,2351,2360,C0023660,Treatment,lidocaine,2366,2376,C0014563,Treatment,adrenaline,,,,,2346,2500,1,True,1.2,pair.no_trigger|pair.dist_1_3|pair.same_clause|pair.type_prior
PMC3950436_01,PMC3950436,TREATED_WITH,affirmed,Person,,,,Person,,2508,2520,C0040590,Treatment,tracheostomy,cuffed,2501,2507,,2501,2563,1,False,2.807,score.trigger_weight|pair.dist_1_3|pair.cross_clause|pair.patient_anchor
PMC3950436_01,PMC3950436,TREATED_WITH,affirmed,Person,,,,Person,,2659,2671,C0040590,Treatment,tracheostomy,cuffed,2652,2658,,2626,2742,6,False,2.007,score.trigger_weight|pair.dist_4_10|pair.cross_clause|pair.patient_anchor
PMC4073451_01,PMC4073451,LOCATED_IN,affirmed,Concept,136,142,C0221198,Finding,lesion,162,185,C0925384,BodyPart,ramus of right mandible,involving,143,152,LOCATE,0,262,3,False,2.457,score.trigger_weight|pair.dist_1_3|pair.cross_clause|pair.type_prior
PMC4073451_01,PMC4073451,REVEALED_BY,affirmed,Person,,,,Person,,296,304,C0038999,Finding,swelling,showed,282,288,REVEAL,263,400,5,False,2.727,score.trigger_weight|pair.dist_4_10|pair.cross_clause|pair.patient_anchor
PMC4073451_01,PMC4073451,LOCATED_IN,affirmed,Concept,296,304,C0038999,Finding,swelling,318,332,C1718564,BodyPart,right mandible,,,,,263,400,3,True,1.43,pair.no_trigger|pair.dist_1_3|pair.same_clause|pair.type_prior
PMC4073451_01,PMC4073451,HAS_FINDING,affirmed,Concept,477,491,C0524865,Treatment,reconstruction,533,539,C0221198,Finding,lesion,performed to,496,508,TREAT,401,676,7,True,2.854,score.trigger_weight|pair.dist_4_10|pair.same_clause
PMC4073451_01,PMC4073451,REVEALED_BY,affirmed,Concept,533,539,C0221198,Finding,lesion,581,587,C0221198,Finding,lesion,showed,554,560,REVEAL,401,676,6,False,1.427,score.trigger_weight|pair.dist_4_10|pair.cross_clause|pair.type_prior
PMC4073451_01,PMC4073451,HAS_FINDING,affirmed,Concept,677,694,C0184922,Exam,Incisional biopsy,709,731,C1720162,Finding,under local anesthesia,performed,699,708,TREAT,677,785,2,True,5.027,score.trigger_weight|pair.dist_1_3|pair.same_clause|pair.type_prior
PMC4073451_01,PMC4073451,REVEALED_BY,affirmed,Concept,709,731,C1720162,Finding,under local anesthesia,751,757,C0221198,Finding,lesion,revealing,732,741,REVEAL,677,785,3,True,4.227,score.trigger_weight|pair.dist_1_3|pair.same_clause|pair.type_prior
PMC4073451_01,PMC4073451,HAS_DIAGNOSIS,affirmed,Person,,,,Person,,843,873,C1708604,Diagnosis,keratocystic odontogenic tumor,diagnosed,831,840,DIAGNOSE,786,874,8,False,2.727,score.trigger_weight|pair.dist_4_10|pair.cross_clause|pair.patient_anchor
PMC4073451_01,PMC4073451,HAS_FINDING,affirmed,Concept,908,921,C1829459,Treatment,decompression,991,1015,C1719976,Finding,under general anesthesia,performed,926,935,TREAT,875,1016,10,False,1.227,score.trigger_weight|pair.dist_4_10|pair.cross_clause
PMC4073451_01,PMC4073451,HAS_DIAGNOSIS,affirmed,Concept,1167,1173,C0221198,Finding,lesion,1220,1250,C1708604,Diagnosis,keratocystic odontogenic tumor,,,,,1017,1263,8,True,1.1,pair.no_trigger|pair.dist_4_10|pair.same_clause|pair.type_prior
PMC4073451_01,PMC4073451,HAS_FINDING,affirmed,Concept,1320,1327,C0040405,Exam,CT scan,1365,1371,C0221198,Finding,lesion,done,1332,1336,,1318,1438,7,False,1.147,score.trigger_weight|pair.dist_4_10|pair.cross_clause|pair.type_prior
PMC4073451_01,PMC4073451,LOCATED_IN,affirmed,Concept,1365,1371,C0221198,Finding,lesion,1401,1414,C0222652,BodyPart,cortical bone,caused,1377,1383,CAUSE,1318,1438,5,True,3.657,score.trigger_weight|pair.dist_4_10|pair.same_clause|pair.type_prior
PMC4073451_01,PMC4073451,LOCATED_IN,affirmed,Concept,1401,1414,C0222652,BodyPart,cortical bone,1426,1430,C0262950,BodyPart,bone,suggesting,1415,1425,,1318,1438,1,True,2.647,score.trigger_weight|pair.dist_1_3|pair.same_clause|pair.type_prior
PMC4073451_01,PMC4073451,TREATED_WITH,affirmed,Concept,1614,1621,C0040405,Exam,CT scan,1664,1675,C0184906,Treatment,bifurcation,performed,1626,1635,TREAT,1588,1852,6,True,3.227,score.trigger_weight|pair.dist_4_10|pair.same_clause
PMC4310058_01,PMC4310058,HAS_FINDING,affirmed,Person,,,,Person,,225,232,C3843647,Finding,2 years,involved in,192,203,LOCATE,180,356,9,False,1.904,score.trigger_weight|pair.dist_4_10|pair.cross_clause|pair.patient_anchor
PMC4310058_01,PMC4310058,HAS_DIAGNOSIS,hedged,Concept,225,232,C3843647,Finding,2 years,273,283,C0006107,Diagnosis,concussion,evaluated for,248,261,,180,356,7,False,1.394,score.trigger_weight|pair.dist_4_10|pair.cross_clause|pair.type_prior
PMC4310058_01,PMC4310058,HAS_SYMPTOM,affirmed,Person,,,,Person,,397,406,C0018681,Symptom,headaches,described,369,378,,357,467,5,False,2.007,score.trigger_weight|pair.dist_4_10|pair.cross_clause|pair.patient_anchor
PMC4310058_01,PMC4310058,LOCATED_IN,affirmed,Concept,714,721,C3843647,Finding,2 years,738,743,C0037303,BodyPart,skull,showed,729,735,REVEAL,692,790,3,False,2.457,score.trigger_weight|pair.dist_1_3|pair.cross_clause|pair.type_prior
PMC4310058_01,PMC4310058,REVEALED_BY,affirmed,Concept,833,835,C0040405,Exam,CT,862,869,C0333307,Diagnosis,erosion,showed,843,849,REVEAL,791,901,3,True,5.027,score.trigger_weight|pair.dist_1_3|pair.same_clause|pair.type_prior
PMC4310058_01,PMC4310058,LOCATED_IN,affirmed,Concept,862,869,C0333307,Diagnosis,erosion,877,882,C0037303,BodyPart,skull,,,,,791,901,2,True,1.81,pair.no_trigger|pair.dist_1_3|pair.same_clause|pair.type_prior
PMC4310058_01,PMC4310058,LOCATED_IN,affirmed,Person,,,,Person,,951,956,C0036270,BodyPart,scalp,involve,931,938,,902,957,10,False,1.647,score.trigger_weight|pair.dist_4_10|pair.cross_clause|pair.patient_anchor
PMC4310058_01,PMC4310058,HAS_FINDING,affirmed,Concept,960,991,C0024485,Exam,magnetic resonance imaging (MRI,1044,1050,C0221198,Finding,lesion,obtained,997,1005,,958,1078,8,False,1.507,score.trigger_weight|pair.dist_4_10|pair.cross_clause|pair.type_prior
PMC4310058_01,PMC4310058,LOCATED_IN,affirmed,Concept,1044,1050,C0221198,Finding,lesion,1058,1063,C0037303,BodyPart,skull,,,,,958,1078,2,True,1.43,pair.no_trigger|pair.dist_1_3|pair.same_clause|pair.type_prior
PMC4310058_01,PMC4310058,LOCATED_IN,affirmed,Concept,1079,1087,C0728940,Treatment,Excision,1095,1100,C0037303,BodyPart,skull,,,,,1079,1174,2,True,1.6,pair.no_trigger|pair.dist_1_3|pair.same_clause|pair.type_prior
PMC4310058_01,PMC4310058,HAS_FINDING,affirmed,Concept,1405,1409,C0262950,BodyPart,bone,1414,1423,C0205400,Finding,thickened,,,,,1387,1454,1,True,1.0,pair.no_trigger|pair.dist_1_3|pair.same_clause
PMC4310058_01,PMC4310058,TREATED_WITH,affirmed,Person,,,,Person,,1810,1819,C0543467,Treatment,operation,tolerated,1796,1805,,1784,1887,4,False,2.007,score.trigger_weight|pair.dist_4_10|pair.cross_clause|pair.patient_anchor
PMC4310058_01,PMC4310058,LOCATED_IN,affirmed,Concept,2152,2162,C0334168,Finding,woven bone,2203,2207,C0262950,BodyPart,bone,eroded,2196,2202,,2074,2208,7,True,2.937,score.trigger_weight|pair.dist_4_10|pair.same_clause|pair.type_prior
PMC4310058_01,PMC4310058,HAS_FINDING,affirmed,Concept,2144,2148,C4321394,Finding,foci,2152,2162,C0334168,Finding,woven bone,,,,,2074,2208,1,True,1.2,pair.no_trigger|pair.dist_1_3|pair.same_clause|pair.type_prior
PMC4310058_01,PMC4310058,LOCATED_IN,affirmed,Person,,,,Person,,2231,2235,C0262950,BodyPart,bone,angulated spicules of,2209,2230,,2209,2314,3,False,1.929,score.trigger_weight|pair.dist_1_3|pair.cross_clause|pair.patient_anchor
PMC4630775_01,PMC4630775,HAS_DIAGNOSIS,affirmed,Concept,72,89,C1384674,Finding,cesarean delivery,94,124,C3541213,Diagnosis,prolonged rupture of membranes,,,,,0,125,1,True,1.9,pair.no_trigger|pair.dist_1_3|pair.same_clause|pair.type_prior
PMC4630775_01,PMC4630775,HAS_FINDING,affirmed,Person,,,,Person,,153,165,C0237849,Finding,desquamation,presented with,138,152,PRESENT,126,302,4,False,2.354,score.trigger_weight|pair.dist_4_10|pair.cross_clause|pair.patient_anchor
PMC4630775_01,PMC4630775,LOCATED_IN,affirmed,Concept,153,165,C0237849,Finding,desquamation,173,177,C0230373,BodyPart,palm,,,,,126,302,2,True,1.43,pair.no_trigger|pair.dist_1_3|pair.same_clause|pair.type_prior
PMC4630775_01,PMC4630775,HAS_DIAGNOSIS,affirmed,Concept,261,268,C0016536,BodyPart,forearm,280,288,C0022116,Diagnosis,ischemia,,,,,126,302,2,True,1.0,pair.no_trigger|pair.dist_1_3|pair.same_clause
PMC4630775_01,PMC4630775,LOCATED_IN,affirmed,Concept,280,288,C0022116,Diagnosis,ischemia,296,301,C0040067,BodyPart,thumb,,,,,126,302,2,True,1.81,pair.no_trigger|pair.dist_1_3|pair.same_clause|pair.type_prior
PMC4630775_01,PMC4630775,CAUSED_BY,affirmed,Person,,,,Person,,326,355,C5782100,Diagnosis,neonatal compartment syndrome,causes of,316,325,CAUSE,303,356,5,False,1.994,score.trigger_weight|pair.dist_4_10|pair.cross_clause|pair.patient_anchor
PMC4782471_01,PMC4782471,HAS_FINDING,affirmed,Concept,0,4,C0052080,Treatment,A 10,73,77,C3840882,Finding,5 mm,presented with,29,43,PRESENT,0,168,8,True,2.854,score.trigger_weight|pair.dist_4_10|pair.same_clause
PMC4782471_01,PMC4782471,TREATED_WITH,affirmed,Person,,,,Person,,198,205,C0185003,Treatment,closure,scheduled for,177,190,,169,340,5,False,1.994,score.trigger_weight|pair.dist_4_10|pair.cross_clause|pair.patient_anchor
PMC4782471_01,PMC4782471,HAS_SYMPTOM,family,Concept,198,205,C0185003,Treatment,closure,233,259,C0231807,Symptom,breathlessness on exertion,reported,224,232,PRESENT,169,340,4,True,3.227,score.trigger_weight|pair.dist_4_10|pair.same_clause
PMC4782471_01,PMC4782471,HAS_FINDING,hedged,Concept,297,305,C0750558,Finding,unlikely,309,314,C3810854,Finding,close,,,,,169,340,1,True,1.2,pair.no_trigger|pair.dist_1_3|pair.same_clause|pair.type_prior
PMC4782471_01,PMC4782471,TREATED_WITH,affirmed,Person,,,,Person,,470,477,C0185003,Treatment,closure,underwent,453,462,TREAT,441,574,4,False,2.727,score.trigger_weight|pair.dist_4_10|pair.cross_clause|pair.patient_anchor
PMC4782471_01,PMC4782471,TREATED_WITH,affirmed,Concept,470,477,C0185003,Treatment,closure,484,488,C0052080,Treatment,a 10,using,478,483,,441,574,1,True,3.147,score.trigger_weight|pair.dist_1_3|pair.same_clause|pair.type_prior
PMC4782471_01,PMC4782471,HAS_DIAGNOSIS,affirmed,Person,,,,Person,,886,902,C0476474,Diagnosis,persistent fever,developed,874,883,PRESENT,846,976,7,False,2.727,score.trigger_weight|pair.dist_4_10|pair.cross_clause|pair.patient_anchor
PMC4782471_01,PMC4782471,TREATED_WITH,affirmed,Concept,1080,1085,C0018787,BodyPart,heart,1095,1100,C0536753,Treatment,140/m,,,,,1054,1180,2,True,1.0,pair.no_trigger|pair.dist_1_3|pair.same_clause
PMC4782471_01,PMC4782471,COORDINATE_WITH,affirmed,Concept,1123,1129,C3842955,Finding,30/min,1135,1149,C1271104,Finding,blood pressure,,,,,1054,1180,1,False,1.2,pair.no_trigger|pair.dist_1_3|pair.cross_clause|pair.type_prior|pair.coordinate
PMC4782471_01,PMC4782471,HAS_FINDING,affirmed,Concept,1187,1202,C0232257,Finding,systolic murmur,1204,1207,C0442759,Finding,3/6,,,,,1181,1326,0,True,1.0,pair.no_trigger|pair.dist_0|pair.same_clause|pair.type_prior
PMC4782471_01,PMC4782471,HAS_FINDING,affirmed,Concept,1204,1207,C0442759,Finding,3/6,1213,1221,C0442726,Finding,detected,,,,,1181,1326,1,True,1.2,pair.no_trigger|pair.dist_1_3|pair.same_clause|pair.type_prior
PMC4782471_01,PMC4782471,COORDINATE_WITH,affirmed,Concept,1280,1300,C0333286,Diagnosis,splinter hemorrhages,1304,1316,C0240916,Finding,Roth's spots,,,,,1181,1326,1,False,1.8,pair.no_trigger|pair.dist_1_3|pair.cross_clause|pair.type_prior|pair.coordinate
PMC4782471_01,PMC4782471,COORDINATE_WITH,affirmed,Concept,1304,1316,C0240916,Finding,Roth's spots,1317,1325,C0442726,Finding,detected,,,,,1181,1326,0,True,3.0,pair.no_trigger|pair.dist_0|pair.same_clause|pair.type_prior|pair.coordinate
PMC4782471_01,PMC4782471,REVEALED_BY,affirmed,Person,,,,Person,,1363,1402,C0151632,Finding,elevated erythrocyte sedimentation rate,showed,1353,1359,REVEAL,1327,1584,4,False,2.727,score.trigger_weight|pair.dist_4_10|pair.cross_clause|pair.patient_anchor
PMC4782471_01,PMC4782471,TREATED_WITH,affirmed,Concept,1491,1512,C0427564,Finding,normal platelet count,1566,1583,C0005841,Treatment,blood transfusion,received,1557,1565,TREAT,1327,1584,11,True,1.787,score.trigger_weight|pair.dist_gt_10|pair.same_clause|pair.type_prior
PMC4782471_01,PMC4782471,COORDINATE_WITH,affirmed,Concept,1483,1486,C3842088,Finding,mm3,1491,1512,C0427564,Finding,normal platelet count,,,,,1327,1584,1,False,1.2,pair.no_trigger|pair.dist_1_3|pair.cross_clause|pair.type_prior|pair.coordinate
PMC4782471_01,PMC4782471,REVEALED_BY,affirmed,Concept,1664,1680,C0013516,Exam,Echocardiography,1704,1708,C3840882,Finding,5 mm,revealed vegetation of,1681,1703,REVEAL,1664,1809,3,True,3.669,score.trigger_weight|pair.dist_1_3|pair.same_clause|pair.type_prior
PMC4782471_01,PMC4782471,LOCATED_IN,affirmed,Concept,1711,1715,C3842086,Finding,6 mm,1732,1747,C0040960,BodyPart,tricuspid valve,attached to,1716,1727,,1664,1809,3,True,3.724,score.trigger_weight|pair.dist_1_3|pair.same_clause|pair.type_prior
PMC4782471_01,PMC4782471,HAS_FINDING,affirmed,Concept,1704,1708,C3840882,Finding,5 mm,1711,1715,C3842086,Finding,6 mm,,,,,1664,1809,1,True,1.2,pair.no_trigger|pair.dist_1_3|pair.same_clause|pair.type_prior
PMC4782471_01,PMC4782471,REVEALED_BY,affirmed,Person,,,,Person,,1844,1854,C0012359,Diagnosis,dilatation,showed moderate to,1818,1836,REVEAL,1810,1909,6,False,1.369,score.trigger_weight|pair.dist_4_10|pair.cross_clause|pair.patient_anchor
PMC4782471_01,PMC4782471,LOCATED_IN,affirmed,Concept,1844,1854,C0012359,Diagnosis,dilatation,1862,1877,C0225883,BodyPart,right ventricle,,,,,1810,1909,2,True,1.81,pair.no_trigger|pair.dist_1_3|pair.same_clause|pair.type_prior
PMC4782471_01,PMC4782471,HAS_DIAGNOSIS,affirmed,Person,,,,Person,,2007,2029,C1541923,Diagnosis,infective endocarditis,diagnosed with,1992,2006,DIAGNOSE,1976,2145,5,False,2.354,score.trigger_weight|pair.dist_4_10|pair.cross_clause|pair.patient_anchor
PMC4782471_01,PMC4782471,REVEALED_BY,negated,Person,,,,Person,,2268,2282,C3844714,Finding,no improvement,showed,2261,2267,REVEAL,2257,2439,2,False,3.527,score.trigger_weight|pair.dist_1_3|pair.cross_clause|pair.patient_anchor
PMC4782471_01,PMC4782471,HAS_FINDING,affirmed,Concept,2268,2282,C3844714,Finding,no improvement,2320,2338,C0277799,Finding,intermittent fever,continued to,2299,2311,TREAT,2257,2439,7,False,1.054,score.trigger_weight|pair.dist_4_10|pair.cross_clause|pair.type_prior
PMC4782471_01,PMC4782471,REVEALED_BY,affirmed,Concept,2340,2351,C0018941,Exam,blood tests,2370,2382,C0023518,Diagnosis,leucocytosis,showed,2352,2358,REVEAL,2257,2439,2,True,5.027,score.trigger_weight|pair.dist_1_3|pair.same_clause|pair.type_prior
PMC4782471_01,PMC4782471,TREATED_WITH,affirmed,Person,,,,Person,,2492,2514,C0007202,Treatment,cardiopulmonary bypass,underwent,2457,2466,TREAT,2440,2515,7,False,2.727,score.trigger_weight|pair.dist_4_10|pair.cross_clause|pair.patient_anchor
PMC4782471_01,PMC4782471,LOCATED_IN,affirmed,Concept,2528,2540,C0225844,BodyPart,right atrium,2562,2577,C0040960,BodyPart,tricuspid valve,revealed,2541,2549,REVEAL,2516,2643,3,True,3.727,score.trigger_weight|pair.dist_1_3|pair.same_clause|pair.type_prior
PMC4782471_01,PMC4782471,LOCATED_IN,affirmed,Person,,,,Person,,2706,2723,C0440774,BodyPart,pericardial patch,removed,2657,2664,TREAT,2644,2769,12,False,1.027,score.trigger_weight|pair.dist_gt_10|pair.cross_clause|pair.patient_anchor
PMC4782471_01,PMC4782471,HAS_DIAGNOSIS,affirmed,Person,,,,Person,,2957,2968,C0018794,Diagnosis,heart block,developed,2947,2956,PRESENT,2935,3072,3,False,3.527,score.trigger_weight|pair.dist_1_3|pair.cross_clause|pair.patient_anchor
PMC4782471_01,PMC4782471,HAS_DIAGNOSIS,affirmed,Concept,2957,2968,C0018794,Diagnosis,heart block,3039,3052,C0018801,Diagnosis,heart failure,continued to,3009,3021,TREAT,2935,3072,10,False,1.054,score.trigger_weight|pair.dist_4_10|pair.cross_clause|pair.type_prior
PMC4782471_01,PMC4782471,TREATED_WITH,affirmed,Person,,,,Person,,3111,3121,C0014563,Treatment,adrenaline,required,3077,3085,,3073,3182,6,False,2.007,score.trigger_weight|pair.dist_4_10|pair.cross_clause|pair.patient_anchor
PMC4782471_01,PMC4782471,TREATED_WITH,affirmed,Person,,,,Person,,3123,3131,C0013030,Treatment,dopamine,required,3077,3085,,3073,3182,7,False,4.007,score.trigger_weight|pair.dist_4_10|pair.cross_clause|pair.patient_anchor|pair.coordinate
PMC4782471_01,PMC4782471,TREATED_WITH,affirmed,Person,,,,Person,,3137,3147,C0012963,Treatment,dobutamine,required,3077,3085,,3073,3182,9,False,4.007,score.trigger_weight|pair.dist_4_10|pair.cross_clause|pair.patient_anchor|pair.coordinate
PMC4782471_01,PMC4782471,COORDINATE_WITH,affirmed,Concept,3111,3121,C0014563,Treatment,adrenaline,3123,3131,C0013030,Treatment,dopamine,,,,,3073,3182,0,False,1.0,pair.no_trigger|pair.dist_0|pair.cross_clause|pair.type_prior|pair.coordinate
PMC4782471_01,PMC4782471,COORDINATE_WITH,affirmed,Concept,3123,3131,C0013030,Treatment,dopamine,3137,3147,C0012963,Treatment,dobutamine,,,,,3073,3182,1,False,1.2,pair.no_trigger|pair.dist_1_3|pair.cross_clause|pair.type_prior|pair.coordinate
PMC4782471_01,PMC4782471,TREATED_WITH,affirmed,Concept,3244,3248,C1546956,Finding,died,3262,3269,C0543467,Treatment,surgery,,,,,3240,3270,3,True,1.26,pair.no_trigger|pair.dist_1_3|pair.same_clause|pair.type_prior
PMC4828947_01,PMC4828947,HAS_SYMPTOM,historical,Person,,,,Person,,56,64,C0036572,Symptom,seizures,presented with,18,32,PRESENT,0,87,8,False,2.354,score.trigger_weight|pair.dist_4_10|pair.cross_clause|pair.patient_anchor
PMC4828947_01,PMC4828947,REVEALED_BY,affirmed,Concept,122,125,C0013819,Exam,EEG,158,182,C0149958,Diagnosis,complex partial seizures,found to,144,152,REVEAL,88,219,6,False,1.854,score.trigger_weight|pair.dist_4_10|pair.cross_clause|pair.type_prior
PMC4828947_01,PMC4828947,LOCATED_IN,affirmed,Concept,158,182,C0149958,Diagnosis,complex partial seizures,200,218,C0228233,BodyPart,left temporal lobe,arising from,183,195,LOCATE,88,219,3,True,4.104,score.trigger_weight|pair.dist_1_3|pair.same_clause|pair.type_prior
PMC4828947_01,PMC4828947,LOCATED_IN,affirmed,Concept,224,232,C0036572,Symptom,seizures,270,274,C0018670,BodyPart,head,started with,233,245,TREAT,220,347,5,False,1.344,score.trigger_weight|pair.dist_4_10|pair.cross_clause|pair.type_prior
PMC4828947_01,PMC4828947,LOCATED_IN,affirmed,Concept,319,328,C0872410,Diagnosis,posturing,336,346,C0230370,BodyPart,right hand,,,,,220,347,2,True,1.81,pair.no_trigger|pair.dist_1_3|pair.same_clause|pair.type_prior
PMC4828947_01,PMC4828947,HAS_DIAGNOSIS,affirmed,Concept,380,392,C0233485,Finding,apprehension,407,416,C0973461,Diagnosis,dysphasia,,,,,348,426,2,True,1.9,pair.no_trigger|pair.dist_1_3|pair.same_clause|pair.type_prior
PMC4828947_01,PMC4828947,LOCATED_IN,affirmed,Concept,444,453,C0973461,Diagnosis,dysphasia,489,493,C0028429,BodyPart,nose,continued,454,463,TREAT,427,520,5,False,2.037,score.trigger_weight|pair.dist_4_10|pair.cross_clause|pair.type_prior
PMC4828947_01,PMC4828947,TREATED_WITH,affirmed,Person,,,,Person,,560,567,C0543467,Treatment,surgery,considered,533,543,,521,721,7,False,2.007,score.trigger_weight|pair.dist_4_10|pair.cross_clause|pair.patient_anchor
PMC4828947_01,PMC4828947,TREATED_WITH,affirmed,Concept,638,646,C0036572,Symptom,seizures,665,678,C0069751,Treatment,oxcarbazepine,treated with,652,664,TREAT,521,721,3,True,4.014,score.trigger_weight|pair.dist_1_3|pair.same_clause|pair.type_prior
PMC4828947_01,PMC4828947,HAS_FINDING,negated,Concept,726,741,C0262926,Finding,medical history,779,791,C0035648,Finding,risk factors,epilepsy-associated,759,778,,722,846,4,True,2.707,score.trigger_weight|pair.dist_4_10|pair.same_clause|pair.type_prior
PMC4828947_01,PMC4828947,HAS_DIAGNOSIS,negated,Concept,779,791,C0035648,Finding,risk factors,800,816,C0009952,Diagnosis,febrile seizures,,,,,722,846,2,True,1.9,pair.no_trigger|pair.dist_1_3|pair.same_clause|pair.type_prior
PMC4828947_01,PMC4828947,COORDINATE_WITH,affirmed,Concept,800,816,C0009952,Diagnosis,febrile seizures,818,828,C0025289,Diagnosis,meningitis,,,,,722,846,0,False,1.0,pair.no_trigger|pair.dist_0|pair.cross_clause|pair.type_prior|pair.coordinate
PMC4828947_01,PMC4828947,COORDINATE_WITH,affirmed,Concept,818,828,C0025289,Diagnosis,meningitis,834,845,C0018674,Diagnosis,head trauma,,,,,722,846,1,False,1.2,pair.no_trigger|pair.dist_1_3|pair.cross_clause|pair.type_prior|pair.coordinate
PMC4828947_01,PMC4828947,HAS_DIAGNOSIS,family,Concept,851,865,C0241889,Finding,family history,894,902,C0014544,Diagnosis,epilepsy,,,,,847,903,5,True,1.1,pair.no_trigger|pair.dist_4_10|pair.same_clause|pair.type_prior
PMC4828947_01,PMC4828947,REVEALED_BY,affirmed,Concept,970,1001,C0024485,Exam,magnetic resonance imaging (MRI,1026,1032,C0221198,Finding,lesion,showed,1008,1014,REVEAL,960,1163,4,True,4.227,score.trigger_weight|pair.dist_4_10|pair.same_clause|pair.type_prior
PMC4828947_01,PMC4828947,LOCATED_IN,affirmed,Concept,1353,1356,C0013819,Exam,EEG,1393,1411,C0228233,BodyPart,left temporal lobe,showed,1357,1363,REVEAL,1332,1473,6,True,3.627,score.trigger_weight|pair.dist_4_10|pair.same_clause|pair.type_prior
PMC4828947_01,PMC4828947,REVEALED_BY,affirmed,Concept,1469,1472,C0024485,Exam,MRI,1459,1465,C0221198,Finding,lesion,,,,,1332,1473,1,True,1.0,pair.no_trigger|pair.dist_1_3|pair.same_clause|orient.swapped
PMC4828947_01,PMC4828947,TREATED_WITH,affirmed,Concept,1513,1529,C5963120,Treatment,awake craniotomy,1577,1595,C2959749,Treatment,temporal lobectomy,left-sided,1566,1576,,1474,1654,6,True,2.707,score.trigger_weight|pair.dist_4_10|pair.same_clause|pair.type_prior
PMC4828947_01,PMC4828947,HAS_DIAGNOSIS,affirmed,Concept,2581,2587,C0221198,Finding,lesion,2610,2623,C0206716,Diagnosis,ganglioglioma,compatible with,2592,2607,DIAGNOSE,2557,2624,4,True,3.304,score.trigger_weight|pair.dist_4_10|pair.same_clause|pair.type_prior
PMC4835621_01,PMC4835621,HAS_SYMPTOM,affirmed,Person,,,,Person,,191,200,C0018681,Symptom,headaches,complained of,167,180,PRESENT,155,273,5,False,2.354,score.trigger_weight|pair.dist_4_10|pair.cross_clause|pair.patient_anchor
PMC4835621_01,PMC4835621,HAS_FINDING,affirmed,Person,,,,Person,,201,217,C3845366,Finding,on a daily basis,complained of,167,180,PRESENT,155,273,6,False,4.354,score.trigger_weight|pair.dist_4_10|pair.cross_clause|pair.patient_anchor|pair.coordinate
PMC4835621_01,PMC4835621,COORDINATE_WITH,affirmed,Concept,191,200,C0018681,Symptom,headaches,201,217,C3845366,Finding,on a daily basis,,,,,155,273,0,True,2.8,pair.no_trigger|pair.dist_0|pair.same_clause|pair.coordinate
PMC4835621_01,PMC4835621,COORDINATE_WITH,affirmed,Concept,486,498,C0028081,Symptom,night sweats,500,509,C0018965,Symptom,hematuria,,,,,439,541,0,False,1.0,pair.no_trigger|pair.dist_0|pair.cross_clause|pair.type_prior|pair.coordinate
PMC4835621_01,PMC4835621,COORDINATE_WITH,affirmed,Concept,500,509,C0018965,Symptom,hematuria,511,519,C0011991,Symptom,diarrhea,,,,,439,541,0,False,1.0,pair.no_trigger|pair.dist_0|pair.cross_clause|pair.type_prior|pair.coordinate
PMC4835621_01,PMC4835621,HAS_DIAGNOSIS,negated,Person,,,,Person,,593,602,C0014591,Diagnosis,epistaxis,had,554,557,PRESENT,542,603,9,False,1.227,score.trigger_weight|pair.dist_4_10|pair.cross_clause|pair.patient_anchor
PMC4835621_01,PMC4835621,HAS_DIAGNOSIS,historical,Concept,618,638,C0455458,Finding,past medical history,659,671,C0020538,Diagnosis,hypertension,,,,,604,689,3,True,1.9,pair.no_trigger|pair.dist_1_3|pair.same_clause|pair.type_prior
PMC4835621_01,PMC4835621,COORDINATE_WITH,affirmed,Concept,659,671,C0020538,Diagnosis,hypertension,676,688,C0029456,Diagnosis,osteoporosis,,,,,604,689,1,False,1.2,pair.no_trigger|pair.dist_1_3|pair.cross_clause|pair.type_prior|pair.coordinate
PMC4835621_01,PMC4835621,TREATED_WITH,affirmed,Concept,712,723,C4284232,Treatment,medications,731,754,C0006684,Treatment,calcium channel blocker,,,,,690,822,2,True,1.2,pair.no_trigger|pair.dist_1_3|pair.same_clause|pair.type_prior
PMC4835621_01,PMC4835621,COORDINATE_WITH,affirmed,Concept,731,754,C0006684,Treatment,calcium channel blocker,759,778,C0020261,Treatment,hydrochlorothiazide,,,,,690,822,1,False,1.2,pair.no_trigger|pair.dist_1_3|pair.cross_clause|pair.type_prior|pair.coordinate
PMC4835621_01,PMC4835621,COORDINATE_WITH,affirmed,Concept,759,778,C0020261,Treatment,hydrochlorothiazide,783,792,C0042866,Treatment,vitamin D,,,,,690,822,1,False,1.2,pair.no_trigger|pair.dist_1_3|pair.cross_clause|pair.type_prior|pair.coordinate
PMC4835621_01,PMC4835621,COORDINATE_WITH,affirmed,Concept,783,792,C0042866,Treatment,vitamin D,798,805,C0006675,Treatment,calcium,,,,,690,822,1,True,3.2,pair.no_trigger|pair.dist_1_3|pair.same_clause|pair.type_prior|pair.coordinate
PMC4835621_01,PMC4835621,HAS_FINDING,negated,Person,,,,Person,,1041,1049,C0022346,Finding,jaundice,have,1036,1040,PRESENT,992,1050,10,False,1.227,score.trigger_weight|pair.dist_4_10|pair.cross_clause|pair.patient_anchor
PMC4835621_01,PMC4835621,HAS_FINDING,affirmed,Person,,,,Person,,1087,1096,C0031256,Finding,petechiae,scattered,1077,1086,,1051,1138,4,False,2.007,score.trigger_weight|pair.dist_4_10|pair.cross_clause|pair.patient_anchor
PMC4835621_01,PMC4835621,LOCATED_IN,affirmed,Concept,1087,1096,C0031256,Finding,petechiae,1120,1137,C1140618,BodyPart,upper extremities,observed over,1102,1115,REVEAL,1051,1138,4,True,3.284,score.trigger_weight|pair.dist_4_10|pair.same_clause|pair.type_prior
PMC4835621_01,PMC4835621,LOCATED_IN,affirmed,Concept,1190,1210,C0442816,Finding,within normal limits,1221,1226,C0018787,BodyPart,heart,,,,,1139,1247,1,True,1.43,pair.no_trigger|pair.dist_1_3|pair.same_clause|pair.type_prior
PMC4835621_01,PMC4835621,REVEALED_BY,negated,Concept,1262,1274,C0038002,Finding,splenomegaly,1292,1298,C0025222,Finding,melena,noted,1279,1284,REVEAL,1248,1340,4,False,1.427,score.trigger_weight|pair.dist_4_10|pair.cross_clause|pair.type_prior
PMC4835621_01,PMC4835621,REVEALED_BY,affirmed,Concept,1262,1274,C0038002,Finding,splenomegaly,1302,1314,C0018932,Diagnosis,hematochezia,noted,1279,1284,REVEAL,1248,1340,6,False,3.427,score.trigger_weight|pair.dist_4_10|pair.cross_clause|pair.type_prior|pair.coordinate
PMC4835621_01,PMC4835621,REVEALED_BY,affirmed,Concept,1302,1314,C0018932,Diagnosis,hematochezia,1328,1334,C4521903,Finding,rectal,found in,1319,1327,REVEAL,1248,1340,3,True,4.454,score.trigger_weight|pair.dist_1_3|pair.same_clause|pair.type_prior
PMC4835621_01,PMC4835621,COORDINATE_WITH,affirmed,Concept,1292,1298,C0025222,Finding,melena,1302,1314,C0018932,Diagnosis,hematochezia,,,,,1248,1340,1,False,1.9,pair.no_trigger|pair.dist_1_3|pair.cross_clause|pair.type_prior|pair.coordinate
PMC4835621_01,PMC4835621,REVEALED_BY,affirmed,Person,,,,Person,,1529,1536,C0202691,Exam,head CT,enhanced,1520,1528,,1508,1576,2,False,2.807,score.trigger_weight|pair.dist_1_3|pair.cross_clause|pair.patient_anchor
PMC4835621_01,PMC4835621,LOCATED_IN,negated,Concept,1529,1536,C0202691,Exam,head CT,1554,1566,C0524466,BodyPart,intracranial,,,,,1508,1576,3,True,1.4,pair.no_trigger|pair.dist_1_3|pair.same_clause|pair.type_prior
PMC4835621_01,PMC4835621,REVEALED_BY,affirmed,Concept,1588,1604,C0086143,Exam,diagnostic tests,1616,1638,C0023508,Exam,white blood cell count,revealed,1605,1613,REVEAL,1577,1794,2,True,4.127,score.trigger_weight|pair.dist_1_3|pair.same_clause|pair.type_prior
PMC4835621_01,PMC4835621,HAS_FINDING,affirmed,Concept,1942,1952,C0016006,Treatment,fibrinogen,1962,1982,C0442816,Finding,within normal limits,,,,,1916,1983,2,True,1.0,pair.no_trigger|pair.dist_1_3|pair.same_clause
PMC4835621_01,PMC4835621,REVEALED_BY,affirmed,Concept,1984,1999,C0005774,Exam,Blood chemistry,2031,2051,C0023901,Exam,liver function tests,revealed,2000,2008,REVEAL,1984,2052,4,False,1.327,score.trigger_weight|pair.dist_4_10|pair.cross_clause|pair.type_prior
PMC4835621_01,PMC4835621,LOCATED_IN,affirmed,Concept,2299,2317,C0005954,Exam,Bone marrow biopsy,2354,2360,C0376152,BodyPart,marrow,demonstrated,2318,2330,REVEAL,2299,2418,3,True,4.427,score.trigger_weight|pair.dist_1_3|pair.same_clause|pair.type_prior
PMC4835621_01,PMC4835621,HAS_FINDING,affirmed,Concept,2649,2666,C1442171,BodyPart,chest and abdomen,2708,2718,C0205400,Finding,thickening,performed,2671,2680,TREAT,2568,2760,6,False,1.227,score.trigger_weight|pair.dist_4_10|pair.cross_clause
PMC4835621_01,PMC4835621,REVEALED_BY,affirmed,Concept,2612,2631,C0040405,Exam,computed tomography,2599,2609,C0006826,Diagnosis,malignancy,,,,,2568,2760,1,True,1.0,pair.no_trigger|pair.dist_1_3|pair.same_clause|orient.swapped
PMC4835621_01,PMC4835621,HAS_FINDING,affirmed,Concept,2769,2775,C1699633,Exam,PET CT,2824,2834,C0205400,Finding,thickening,supported,2776,2785,,2761,2982,6,True,3.507,score.trigger_weight|pair.dist_4_10|pair.same_clause|pair.type_prior
PMC4835621_01,PMC4835621,LOCATED_IN,affirmed,Concept,2824,2834,C0205400,Finding,thickening,2842,2856,C0007144,BodyPart,gastric cardia,,,,,2761,2982,2,True,1.43,pair.no_trigger|pair.dist_1_3|pair.same_clause|pair.type_prior
PMC4835621_01,PMC4835621,TREATED_WITH,affirmed,Concept,2997,3006,C0393022,Treatment,rituximab,3046,3055,C0439775,Treatment,elevation,initiated with,3021,3035,TREAT,2983,3115,6,True,3.054,score.trigger_weight|pair.dist_4_10|pair.same_clause|pair.type_prior
PMC4835621_01,PMC4835621,HAS_DIAGNOSIS,affirmed,Person,,,,Person,,3163,3183,C0149871,Diagnosis,deep vein thrombosis,developed,3151,3160,PRESENT,3116,3253,6,False,2.727,score.trigger_weight|pair.dist_4_10|pair.cross_clause|pair.patient_anchor
PMC4835621_01,PMC4835621,TREATED_WITH,affirmed,Concept,3203,3231,C0019139,Treatment,low molecular weight heparin,3233,3237,C0019139,Treatment,LMWH,,,,,3116,3253,0,True,1.0,pair.no_trigger|pair.dist_0|pair.same_clause|pair.type_prior
PMC4835621_01,PMC4835621,REVEALED_BY,affirmed,Concept,3281,3299,C0192657,Exam,gastroduodenoscopy,3313,3329,C0577015,Finding,normal esophagus,demonstrated,3300,3312,REVEAL,3254,3413,1,True,5.027,score.trigger_weight|pair.dist_1_3|pair.same_clause|pair.type_prior
PMC4835621_01,PMC4835621,REVEALED_BY,historical,Concept,3414,3428,C0192420,Exam,Gastric biopsy,3451,3468,C0085695,Diagnosis,chronic gastritis,found,3429,3434,REVEAL,3414,3527,3,True,5.027,score.trigger_weight|pair.dist_1_3|pair.same_clause|pair.type_prior
PMC4835621_01,PMC4835621,HAS_FINDING,affirmed,Person,,,,Person,,4223,4243,C0442816,Finding,within normal limits,remained,4214,4222,,4188,4281,5,False,2.007,score.trigger_weight|pair.dist_4_10|pair.cross_clause|pair.patient_anchor
PMC5137649_01,PMC5137649,HAS_FINDING,affirmed,Person,,,,Person,,37,42,C3842675,Finding,3-day,presented with,20,34,PRESENT,0,140,7,False,2.354,score.trigger_weight|pair.dist_4_10|pair.cross_clause|pair.patient_anchor
PMC5137649_01,PMC5137649,HAS_SYMPTOM,affirmed,Concept,95,99,C0030193,Symptom,pain,116,122,C0027497,Symptom,nausea,associated with,100,115,,0,140,2,True,3.494,score.trigger_weight|pair.dist_1_3|pair.same_clause|pair.type_prior
PMC5137649_01,PMC5137649,HAS_SYMPTOM,affirmed,Concept,95,99,C0030193,Symptom,pain,127,139,C0009806,Symptom,constipation,associated with,100,115,,0,140,4,False,5.494,score.trigger_weight|pair.dist_1_3|pair.same_clause|pair.type_prior|pair.coordinate
PMC5137649_01,PMC5137649,LOCATED_IN,historical,Concept,37,42,C3842675,Finding,3-day,54,65,C0733995,BodyPart,right flank,,,,,0,140,2,True,1.43,pair.no_trigger|pair.dist_1_3|pair.same_clause|pair.type_prior
PMC5137649_01,PMC5137649,COORDINATE_WITH,affirmed,Concept,116,122,C0027497,Symptom,nausea,127,139,C0009806,Symptom,constipation,,,,,0,140,1,False,1.2,pair.no_trigger|pair.dist_1_3|pair.cross_clause|pair.type_prior|pair.coordinate
PMC5137649_01,PMC5137649,TREATED_WITH,affirmed,Person,,,,Person,,300,319,C0040405,Exam,computed tomography,underwent,272,281,TREAT,268,413,4,False,2.727,score.trigger_weight|pair.dist_4_10|pair.cross_clause|pair.patient_anchor
PMC5137649_01,PMC5137649,REVEALED_BY,affirmed,Concept,300,319,C0040405,Exam,computed tomography,348,354,C0221198,Finding,lesion,demonstrating,321,334,REVEAL,268,413,5,False,2.227,score.trigger_weight|pair.dist_4_10|pair.cross_clause|pair.type_prior
PMC5137649_01,PMC5137649,LOCATED_IN,affirmed,Concept,348,354,C0221198,Finding,lesion,367,374,C3714551,BodyPart,stomach,,,,,268,413,2,True,1.43,pair.no_trigger|pair.dist_1_3|pair.same_clause|pair.type_prior
PMC5137649_01,PMC5137649,TREATED_WITH,affirmed,Person,,,,Person,,441,448,C1880510,Exam,EUS-FNA,underwent,431,440,TREAT,414,619,3,False,3.527,score.trigger_weight|pair.dist_1_3|pair.cross_clause|pair.patient_anchor
PMC5137649_01,PMC5137649,REVEALED_BY,negated,Person,,,,Person,,649,674,C0391857,Finding,no evidence of malignancy,demonstrated,636,648,REVEAL,620,911,5,False,2.727,score.trigger_weight|pair.dist_4_10|pair.cross_clause|pair.patient_anchor
PMC5137649_01,PMC5137649,TREATED_WITH,affirmed,Person,,,,Person,,951,969,C0728940,Treatment,surgical resection,referred for,938,950,PRESENT,912,970,6,False,2.354,score.trigger_weight|pair.dist_4_10|pair.cross_clause|pair.patient_anchor
PMC5137649_01,PMC5137649,LOCATED_IN,affirmed,Concept,1173,1179,C0221198,Finding,lesion,1225,1232,C3714551,BodyPart,stomach,noted to,1184,1192,REVEAL,1024,1246,9,True,3.284,score.trigger_weight|pair.dist_4_10|pair.same_clause|pair.type_prior
PMC5137649_01,PMC5137649,LOCATED_IN,affirmed,Concept,1173,1179,C0221198,Finding,lesion,1237,1245,C0030274,BodyPart,pancreas,noted to,1184,1192,REVEAL,1024,1246,11,False,5.284,score.trigger_weight|pair.dist_4_10|pair.same_clause|pair.type_prior|pair.coordinate
PMC5137649_01,PMC5137649,LOCATED_IN,affirmed,Concept,1319,1325,C0221198,Finding,lesion,1346,1353,C3714551,BodyPart,stomach,originated from,1326,1341,,1247,1354,3,True,3.724,score.trigger_weight|pair.dist_1_3|pair.same_clause|pair.type_prior
PMC5137649_01,PMC5137649,LOCATED_IN,negated,Concept,1370,1379,C0014245,Exam,endoscopy,1430,1437,C3714551,BodyPart,stomach,performed,1384,1393,TREAT,1355,1449,8,False,1.627,score.trigger_weight|pair.dist_4_10|pair.cross_clause|pair.type_prior
PMC5137649_01,PMC5137649,LOCATED_IN,affirmed,Person,,,,Person,,1710,1725,C4266477,BodyPart,coeliac vessels,dissected off,1692,1705,,1685,1858,5,False,1.994,score.trigger_weight|pair.dist_4_10|pair.cross_clause|pair.patient_anchor
PMC5137649_01,PMC5137649,LOCATED_IN,affirmed,Concept,1866,1893,C0079304,Exam,oesophagogastroduodenoscopy,1958,1965,C3714551,BodyPart,stomach,revealed,1894,1902,REVEAL,1859,2007,11,True,1.927,score.trigger_weight|pair.dist_gt_10|pair.same_clause|pair.type_prior
PMC5137649_01,PMC5137649,HAS_FINDING,affirmed,Person,,,,Person,,2213,2218,C3840892,Finding,day 4,discharged home on,2180,2198,,2164,2287,7,False,1.129,score.trigger_weight|pair.dist_4_10|pair.cross_clause|pair.patient_anchor
PMC5137649_01,PMC5137649,HAS_SYMPTOM,affirmed,Person,,,,Person,,2337,2341,C0030193,Symptom,pain,complete resolution of,2310,2332,,2288,2406,8,False,1.009,score.trigger_weight|pair.dist_4_10|pair.cross_clause|pair.patient_anchor
PMC5137649_01,PMC5137649,HAS_SYMPTOM,affirmed,Person,,,,Person,,2346,2352,C0027497,Symptom,nausea,complete resolution of,2310,2332,,2288,2406,10,False,3.009,score.trigger_weight|pair.dist_4_10|pair.cross_clause|pair.patient_anchor|pair.coordinate
PMC5137649_01,PMC5137649,COORDINATE_WITH,affirmed,Concept,2337,2341,C0030193,Symptom,pain,2346,2352,C0027497,Symptom,nausea,,,,,2288,2406,1,False,1.2,pair.no_trigger|pair.dist_1_3|pair.cross_clause|pair.type_prior|pair.coordinate
PMC5804616_01,PMC5804616,COORDINATE_WITH,affirmed,Concept,11,17,C0813207,Treatment,bypass,18,25,C0543467,Treatment,surgery,,,,,0,110,0,True,3.0,pair.no_trigger|pair.dist_0|pair.same_clause|pair.type_prior|pair.coordinate
PMC5804616_01,PMC5804616,TREATED_WITH,affirmed,Person,,,,Person,,128,140,C3665472,Treatment,chemotherapy,undergone,118,127,TREAT,111,311,3,False,2.807,score.trigger_weight|pair.dist_1_3|pair.cross_clause|pair.patient_anchor
PMC5804616_01,PMC5804616,TREATED_WITH,affirmed,Person,,,,Person,,145,157,C1522449,Treatment,radiotherapy,undergone,118,127,TREAT,111,311,5,False,4.807,score.trigger_weight|pair.dist_1_3|pair.cross_clause|pair.patient_anchor|pair.coordinate
PMC5804616_01,PMC5804616,COORDINATE_WITH,affirmed,Concept,128,140,C3665472,Treatment,chemotherapy,145,157,C1522449,Treatment,radiotherapy,,,,,111,311,1,False,1.2,pair.no_trigger|pair.dist_1_3|pair.cross_clause|pair.type_prior|pair.coordinate
PMC5804616_01,PMC5804616,HAS_DIAGNOSIS,affirmed,Concept,145,157,C1522449,Treatment,radiotherapy,162,179,C0546837,Diagnosis,esophageal cancer,,,,,111,311,1,True,1.18,pair.no_trigger|pair.dist_1_3|pair.same_clause|pair.type_prior
PMC5804616_01,PMC5804616,LOCATED_IN,hedged,Concept,162,179,C0546837,Diagnosis,esophageal cancer,211,227,C0011666,BodyPart,descending aorta,,,,,111,311,5,True,1.01,pair.no_trigger|pair.dist_4_10|pair.same_clause|pair.type_prior
PMC5804616_01,PMC5804616,COORDINATE_WITH,historical,Concept,451,466,C0332119,Finding,past history of,467,479,C0020538,Diagnosis,hypertension,,,,,433,540,0,True,3.7,pair.no_trigger|pair.dist_0|pair.same_clause|pair.type_prior|pair.coordinate
PMC5804616_01,PMC5804616,COORDINATE_WITH,affirmed,Concept,467,479,C0020538,Diagnosis,hypertension,481,498,C0011849,Diagnosis,diabetes mellitus,,,,,433,540,0,False,1.0,pair.no_trigger|pair.dist_0|pair.cross_clause|pair.type_prior|pair.coordinate
PMC5804616_01,PMC5804616,COORDINATE_WITH,affirmed,Concept,481,498,C0011849,Diagnosis,diabetes mellitus,500,514,C0005684,Diagnosis,bladder cancer,,,,,433,540,0,False,1.0,pair.no_trigger|pair.dist_0|pair.cross_clause|pair.type_prior|pair.coordinate
PMC5804616_01,PMC5804616,COORDINATE_WITH,affirmed,Concept,500,514,C0005684,Diagnosis,bladder cancer,520,539,C0007785,Diagnosis,cerebral infarction,,,,,433,540,1,False,1.2,pair.no_trigger|pair.dist_1_3|pair.cross_clause|pair.type_prior|pair.coordinate
PMC5804616_01,PMC5804616,TREATED_WITH,affirmed,Concept,554,581,C0150411,Exam,arterial blood gas analysis,599,605,C0030054,Treatment,oxygen,showed,582,588,REVEAL,541,703,3,True,4.027,score.trigger_weight|pair.dist_1_3|pair.same_clause
PMC5804616_01,PMC5804616,REVEALED_BY,affirmed,Concept,717,736,C0040405,Exam,computed tomography,800,804,C3842088,Finding,3 mm,showed,737,743,REVEAL,704,938,9,False,2.227,score.trigger_weight|pair.dist_4_10|pair.cross_clause|pair.type_prior
PMC5804616_01,PMC5804616,LOCATED_IN,affirmed,Concept,800,804,C3842088,Finding,3 mm,842,860,C0225630,BodyPart,left main bronchus,located in,806,816,LOCATE,704,938,7,False,1.284,score.trigger_weight|pair.dist_4_10|pair.cross_clause|pair.type_prior
PMC5804616_01,PMC5804616,REVEALED_BY,affirmed,Concept,842,860,C0225630,BodyPart,left main bronchus,884,900,C0032227,Diagnosis,pleural effusion,demonstrated,871,883,REVEAL,704,938,3,False,2.027,score.trigger_weight|pair.dist_1_3|pair.cross_clause
PMC5804616_01,PMC5804616,TREATED_WITH,affirmed,Concept,1241,1259,C0225630,BodyPart,left main bronchus,1322,1331,C0025376,Treatment,pethidine,using bronchoscopy after,1260,1284,,1102,1332,8,True,1.509,score.trigger_weight|pair.dist_4_10|pair.same_clause
PMC5804616_01,PMC5804616,LOCATED_IN,affirmed,Concept,1615,1635,C0559312,Exam,One-lung ventilation,1717,1736,C0225608,BodyPart,right main bronchus,planned as,1655,1665,,1615,1776,15,True,1.194,score.trigger_weight|pair.dist_gt_10|pair.same_clause|pair.type_prior
PMC5804616_01,PMC5804616,HAS_FINDING,affirmed,Concept,1717,1736,C0225608,BodyPart,right main bronchus,1745,1768,C0412771,Finding,spontaneous respiration,,,,,1615,1776,2,True,1.0,pair.no_trigger|pair.dist_1_3|pair.same_clause
PMC5804616_01,PMC5804616,HAS_DIAGNOSIS,affirmed,Concept,1850,1870,C0559312,Exam,one-lung ventilation,1915,1921,C0010957,Diagnosis,damage,believed,1893,1901,,1777,1974,8,False,1.507,score.trigger_weight|pair.dist_4_10|pair.cross_clause|pair.type_prior
PMC5804616_01,PMC5804616,REVEALED_BY,affirmed,Concept,1850,1870,C0559312,Exam,one-lung ventilation,1814,1837,C0412771,Finding,spontaneous respiration,,,,,1777,1974,2,True,1.0,pair.no_trigger|pair.dist_1_3|pair.same_clause|orient.swapped
PMC5804616_01,PMC5804616,TREATED_WITH,negated,Concept,2046,2065,C0225608,BodyPart,right main bronchus,2082,2089,C0087111,Treatment,therapy,,,,,1975,2115,3,True,1.0,pair.no_trigger|pair.dist_1_3|pair.same_clause
PMC5804616_01,PMC5804616,REVEALED_BY,affirmed,Concept,2292,2312,C0559312,Exam,one-lung ventilation,2265,2274,C0700292,Finding,hypoxemia,developed during,2275,2291,PRESENT,2203,2467,0,True,3.654,score.trigger_weight|pair.dist_1_3|pair.same_clause|orient.swapped
PMC5804616_01,PMC5804616,LOCATED_IN,hedged,Concept,2322,2352,C0019540,Treatment,high-frequency jet ventilation,2410,2428,C0225630,BodyPart,left main bronchus,performed selectively to,2362,2386,TREAT,2203,2467,10,True,2.469,score.trigger_weight|pair.dist_4_10|pair.same_clause|pair.type_prior
PMC5804616_01,PMC5804616,HAS_FINDING,affirmed,Concept,2252,2256,C0018563,BodyPart,hand,2265,2274,C0700292,Finding,hypoxemia,,,,,2203,2467,2,True,1.0,pair.no_trigger|pair.dist_1_3|pair.same_clause
PMC5804616_01,PMC5804616,REVEALED_BY,affirmed,Concept,2292,2312,C0559312,Exam,one-lung ventilation,2265,2274,C0700292,Finding,hypoxemia,,,,,2203,2467,2,True,1.0,pair.no_trigger|pair.dist_1_3|pair.same_clause|orient.swapped
PMC5804616_01,PMC5804616,HAS_DIAGNOSIS,affirmed,Concept,2519,2533,C5575665,Finding,extracorporeal,2572,2595,C0035229,Diagnosis,pulmonary insufficiency,,,,,2468,2623,6,True,1.1,pair.no_trigger|pair.dist_4_10|pair.same_clause|pair.type_prior
PMC5804616_01,PMC5804616,TREATED_WITH,affirmed,Concept,2651,2661,C0278134,Symptom,anesthesia,2682,2693,C0074414,Treatment,sevoflurane,induced with,2666,2678,,2624,2733,4,True,2.854,score.trigger_weight|pair.dist_4_10|pair.same_clause|pair.type_prior
PMC5804616_01,PMC5804616,TREATED_WITH,affirmed,Concept,2995,3004,C0023660,Treatment,lidocaine,3042,3061,C0444889,Treatment,continuous infusion,injected,3009,3017,TREAT,2944,3142,5,False,1.427,score.trigger_weight|pair.dist_4_10|pair.cross_clause|pair.type_prior
PMC5804616_01,PMC5804616,TREATED_WITH,affirmed,Concept,3042,3061,C0444889,Treatment,continuous infusion,3070,3081,C0073571,Treatment,ropivacaine,,,,,2944,3142,2,True,1.2,pair.no_trigger|pair.dist_1_3|pair.same_clause|pair.type_prior
PMC5804616_01,PMC5804616,LOCATED_IN,affirmed,Person,,,,Person,,3550,3554,C0024109,BodyPart,lung,assumed,3537,3544,,3534,3698,3,False,2.807,score.trigger_weight|pair.dist_1_3|pair.cross_clause|pair.patient_anchor
PMC5804616_01,PMC5804616,LOCATED_IN,affirmed,Concept,3555,3566,C0004144,Diagnosis,atelectasis,3583,3589,C0458827,BodyPart,airway,associated with,3567,3582,,3534,3698,2,True,4.104,score.trigger_weight|pair.dist_1_3|pair.same_clause|pair.type_prior
PMC5804616_01,PMC5804616,REVEALED_BY,affirmed,Person,,,,Person,,3737,3748,C0028778,Finding,obstruction,showed,3730,3736,REVEAL,3699,3805,3,False,3.527,score.trigger_weight|pair.dist_1_3|pair.cross_clause|pair.patient_anchor
PMC5804616_01,PMC5804616,REVEALED_BY,affirmed,Concept,4079,4090,C0039985,Exam,chest X-ray,4100,4118,C0546333,Finding,right pneumothorax,revealed,4091,4099,REVEAL,4046,4128,1,True,5.027,score.trigger_weight|pair.dist_1_3|pair.same_clause|pair.type_prior
PMC5804616_01,PMC5804616,HAS_FINDING,affirmed,Concept,4143,4151,C0013103,Treatment,drainage,4171,4189,C0546333,Finding,right pneumothorax,inserted,4161,4169,,4129,4272,3,False,1.307,score.trigger_weight|pair.dist_1_3|pair.cross_clause
PMC5804616_01,PMC5804616,TREATED_WITH,affirmed,Person,,,,Person,,4678,4697,C0002913,Treatment,epidural anesthesia,plan,4634,4638,,4619,4898,8,False,1.647,score.trigger_weight|pair.dist_4_10|pair.cross_clause|pair.patient_anchor
PMC5804616_01,PMC5804616,TREATED_WITH,affirmed,Person,,,,Person,,4702,4740,C1531943,Treatment,maintenance of spontaneous respiration,plan,4634,4638,,4619,4898,11,False,3.647,score.trigger_weight|pair.dist_4_10|pair.cross_clause|pair.patient_anchor|pair.coordinate
PMC5804616_01,PMC5804616,CAUSED_BY,affirmed,Concept,4853,4862,C0700292,Finding,hypoxemia,4885,4897,C0032326,Diagnosis,pneumothorax,due to,4863,4869,CAUSE,4619,4898,3,True,4.254,score.trigger_weight|pair.dist_1_3|pair.same_clause|pair.type_prior
PMC5804616_01,PMC5804616,COORDINATE_WITH,affirmed,Concept,4678,4697,C0002913,Treatment,epidural anesthesia,4702,4740,C1531943,Treatment,maintenance of spontaneous respiration,,,,,4619,4898,1,False,1.2,pair.no_trigger|pair.dist_1_3|pair.cross_clause|pair.type_prior|pair.coordinate
PMC5804616_01,PMC5804616,TREATED_WITH,affirmed,Concept,4702,4740,C1531943,Treatment,maintenance of spontaneous respiration,4752,4770,C0543467,Treatment,surgical procedure,,,,,4619,4898,2,True,1.2,pair.no_trigger|pair.dist_1_3|pair.same_clause|pair.type_prior
PMC5804616_01,PMC5804616,HAS_FINDING,hedged,Concept,4919,4929,C0225706,BodyPart,right lung,4963,4986,C0412771,Finding,spontaneous respiration,facilitated by,4944,4958,,4899,5030,6,True,2.494,score.trigger_weight|pair.dist_4_10|pair.same_clause
PMC5804616_01,PMC5804616,LOCATED_IN,affirmed,Concept,4903,4911,C0344329,Finding,collapse,4919,4929,C0225706,BodyPart,right lung,,,,,4899,5030,2,True,1.43,pair.no_trigger|pair.dist_1_3|pair.same_clause|pair.type_prior
PMC5804616_01,PMC5804616,HAS_FINDING,hedged,Concept,5097,5121,C0149781,Diagnosis,spontaneous pneumothorax,5137,5145,C0750558,Finding,unlikely,considered,5126,5136,,5031,5163,2,True,4.107,score.trigger_weight|pair.dist_1_3|pair.same_clause|pair.type_prior
PMC5804616_01,PMC5804616,HAS_FINDING,affirmed,Concept,5233,5246,C0877248,Diagnosis,adverse event,5275,5298,C0412771,Finding,spontaneous respiration,associated with,5247,5262,,5164,5339,3,True,4.094,score.trigger_weight|pair.dist_1_3|pair.same_clause|pair.type_prior
PMC5804616_01,PMC5804616,COORDINATE_WITH,affirmed,Concept,5613,5619,C0332219,Finding,easily,5620,5625,C0028778,Finding,block,,,,,5475,5638,0,True,3.0,pair.no_trigger|pair.dist_0|pair.same_clause|pair.type_prior|pair.coordinate
PMC5804616_01,PMC5804616,LOCATED_IN,affirmed,Concept,5659,5664,C0017547,Diagnosis,giant,5680,5686,C0225594,BodyPart,carina,,,,,5639,5847,3,True,1.81,pair.no_trigger|pair.dist_1_3|pair.same_clause|pair.type_prior
PMC5804616_01,PMC5804616,LOCATED_IN,affirmed,Concept,5737,5748,C1299583,Finding,independent,5769,5773,C0024109,BodyPart,lung,,,,,5639,5847,3,True,1.43,pair.no_trigger|pair.dist_1_3|pair.same_clause|pair.type_prior
PMC5804616_01,PMC5804616,TREATED_WITH,negated,Concept,6249,6268,C0225608,BodyPart,right main bronchus,6285,6292,C0087111,Treatment,therapy,,,,,6178,6318,3,True,1.0,pair.no_trigger|pair.dist_1_3|pair.same_clause
PMC5804616_01,PMC5804616,HAS_FINDING,affirmed,Person,,,,Person,,6834,6857,C0412771,Finding,spontaneous respiration,present,6732,6739,PRESENT,6725,6858,18,False,1.027,score.trigger_weight|pair.dist_gt_10|pair.cross_clause|pair.patient_anchor
PMC5804616_01,PMC5804616,TREATED_WITH,affirmed,Concept,6874,6892,C0546333,Finding,right pneumothorax,6913,6931,C0543467,Treatment,surgical procedure,occurred during,6893,6908,,6859,6974,3,True,3.554,score.trigger_weight|pair.dist_1_3|pair.same_clause|pair.type_prior
PMC5804616_01,PMC5804616,HAS_DIAGNOSIS,hedged,Concept,6995,7005,C0225706,BodyPart,right lung,7055,7067,C0032326,Diagnosis,pneumothorax,facilitated with,7020,7036,,6975,7190,8,True,2.494,score.trigger_weight|pair.dist_4_10|pair.same_clause
PMC5804616_01,PMC5804616,CAUSED_BY,hedged,Concept,7055,7067,C0032326,Diagnosis,pneumothorax,7075,7098,C0412771,Finding,spontaneous respiration,due to,7068,7074,CAUSE,6975,7190,2,True,4.154,score.trigger_weight|pair.dist_1_3|pair.same_clause|pair.type_prior
PMC5804616_01,PMC5804616,LOCATED_IN,affirmed,Concept,6979,6987,C0344329,Finding,collapse,6995,7005,C0225706,BodyPart,right lung,,,,,6975,7190,2,True,1.43,pair.no_trigger|pair.dist_1_3|pair.same_clause|pair.type_prior
PMC5804616_01,PMC5804616,LOCATED_IN,hedged,Concept,7110,7121,C0004144,Diagnosis,atelectasis,7155,7160,C0024109,BodyPart,lungs,,,,,6975,7190,7,True,1.01,pair.no_trigger|pair.dist_4_10|pair.same_clause|pair.type_prior
PMC5804616_01,PMC5804616,HAS_DIAGNOSIS,hedged,Concept,7351,7365,C3843761,Finding,at higher risk,7406,7412,C3263722,Diagnosis,injury,,,,,7191,7451,7,True,1.1,pair.no_trigger|pair.dist_4_10|pair.same_clause|pair.type_prior
PMC5804616_01,PMC5804616,LOCATED_IN,hedged,Concept,7406,7412,C3263722,Diagnosis,injury,7420,7435,C0225777,BodyPart,parietal pleura,,,,,7191,7451,2,True,1.81,pair.no_trigger|pair.dist_1_3|pair.same_clause|pair.type_prior
PMC5804616_01,PMC5804616,TREATED_WITH,hedged,Concept,7420,7435,C0225777,BodyPart,parietal pleura,7443,7450,C0543467,Treatment,surgery,,,,,7191,7451,1,True,1.0,pair.no_trigger|pair.dist_1_3|pair.same_clause
PMC5804616_01,PMC5804616,TREATED_WITH,affirmed,Concept,7497,7509,C0032326,Diagnosis,pneumothorax,7555,7561,C0813207,Treatment,bypass,occurred in,7515,7526,,7452,7718,7,True,3.494,score.trigger_weight|pair.dist_4_10|pair.same_clause|pair.type_prior
PMC5804616_01,PMC5804616,TREATED_WITH,affirmed,Concept,7497,7509,C0032326,Diagnosis,pneumothorax,7562,7569,C0543467,Treatment,surgery,occurred in,7515,7526,,7452,7718,8,True,5.494,score.trigger_weight|pair.dist_4_10|pair.same_clause|pair.type_prior|pair.coordinate
PMC5804616_01,PMC5804616,HAS_FINDING,affirmed,Concept,7611,7626,C0225777,BodyPart,parietal pleura,7689,7694,C3810854,Finding,close,performed,7679,7688,TREAT,7452,7718,8,False,1.227,score.trigger_weight|pair.dist_4_10|pair.cross_clause
PMC5804616_01,PMC5804616,COORDINATE_WITH,affirmed,Concept,7555,7561,C0813207,Treatment,bypass,7562,7569,C0543467,Treatment,surgery,,,,,7452,7718,0,True,3.0,pair.no_trigger|pair.dist_0|pair.same_clause|pair.type_prior|pair.coordinate
PMC5804616_01,PMC5804616,TREATED_WITH,affirmed,Person,,,,Person,,7803,7809,C0813207,Treatment,bypass,present,7730,7737,PRESENT,7719,7994,13,False,1.027,score.trigger_weight|pair.dist_gt_10|pair.cross_clause|pair.patient_anchor
PMC5804616_01,PMC5804616,TREATED_WITH,affirmed,Person,,,,Person,,7810,7817,C0543467,Treatment,surgery,present,7730,7737,PRESENT,7719,7994,14,False,3.027,score.trigger_weight|pair.dist_gt_10|pair.cross_clause|pair.patient_anchor|pair.coordinate
PMC5804616_01,PMC5804616,COORDINATE_WITH,affirmed,Concept,7803,7809,C0813207,Treatment,bypass,7810,7817,C0543467,Treatment,surgery,,,,,7719,7994,0,True,3.0,pair.no_trigger|pair.dist_0|pair.same_clause|pair.type_prior|pair.coordinate
PMC5804616_01,PMC5804616,HAS_DIAGNOSIS,affirmed,Person,,,,Person,,8016,8028,C0032326,Diagnosis,pneumothorax,taking,7995,8001,,7995,8219,4,False,1.647,score.trigger_weight|pair.dist_4_10|pair.cross_clause|pair.patient_anchor
PMC5804616_01,PMC5804616,HAS_FINDING,affirmed,Person,,,,Person,,8258,8281,C0412771,Finding,spontaneous respiration,plan to,8242,8249,,8220,8425,6,False,1.814,score.trigger_weight|pair.dist_4_10|pair.cross_clause|pair.patient_anchor
PMC5804616_01,PMC5804616,TREATED_WITH,hedged,Concept,8305,8317,C0032326,Diagnosis,pneumothorax,8372,8379,C0543467,Treatment,surgery,undergoing,8348,8358,TREAT,8220,8425,7,True,4.227,score.trigger_weight|pair.dist_4_10|pair.same_clause|pair.type_prior
PMC5804616_01,PMC5804616,HAS_FINDING,hedged,Concept,8372,8379,C0543467,Treatment,surgery,8396,8401,C3810854,Finding,close,performed,8386,8395,TREAT,8220,8425,2,True,4.027,score.trigger_weight|pair.dist_1_3|pair.same_clause
PMC5804616_01,PMC5804616,HAS_DIAGNOSIS,affirmed,Concept,8258,8281,C0412771,Finding,spontaneous respiration,8305,8317,C0032326,Diagnosis,pneumothorax,,,,,8220,8425,5,True,1.1,pair.no_trigger|pair.dist_4_10|pair.same_clause|pair.type_prior
PMC5804616_01,PMC5804616,HAS_FINDING,affirmed,Concept,8441,8461,C0559312,Exam,one-lung ventilation,8474,8497,C0412771,Finding,spontaneous respiration,,,,,8426,8598,2,True,2.0,pair.no_trigger|pair.dist_1_3|pair.same_clause|pair.type_prior
PMC5804616_01,PMC5804616,HAS_DIAGNOSIS,affirmed,Concept,8474,8497,C0412771,Finding,spontaneous respiration,8553,8565,C0032326,Diagnosis,pneumothorax,,,,,8426,8598,9,True,1.1,pair.no_trigger|pair.dist_4_10|pair.same_clause|pair.type_prior
PMC5804616_01,PMC5804616,TREATED_WITH,affirmed,Concept,8553,8565,C0032326,Diagnosis,pneumothorax,8583,8589,C0813207,Treatment,bypass,,,,,8426,8598,2,True,2.0,pair.no_trigger|pair.dist_1_3|pair.same_clause|pair.type_prior
PMC5804616_01,PMC5804616,COORDINATE_WITH,affirmed,Concept,8583,8589,C0813207,Treatment,bypass,8590,8597,C0543467,Treatment,surgery,,,,,8426,8598,0,True,3.0,pair.no_trigger|pair.dist_0|pair.same_clause|pair.type_prior|pair.coordinate
PMC5833205_01,PMC5833205,HAS_FINDING,affirmed,Concept,137,154,C0151205,Diagnosis,periorbital edema,197,205,C0038999,Finding,swelling,reported,179,187,PRESENT,100,332,8,False,2.027,score.trigger_weight|pair.dist_4_10|pair.cross_clause|pair.type_prior
PMC5833205_01,PMC5833205,CAUSED_BY,affirmed,Concept,197,205,C0038999,Finding,swelling,275,295,C5980104,Finding,abdominal distension,resulting in,252,264,CAUSE,100,332,9,False,1.054,score.trigger_weight|pair.dist_4_10|pair.cross_clause|pair.type_prior
PMC5833205_01,PMC5833205,CAUSED_BY,affirmed,Concept,197,205,C0038999,Finding,swelling,300,331,C5230913,Diagnosis,bilateral lower extremity edema,resulting in,252,264,CAUSE,100,332,12,False,3.054,score.trigger_weight|pair.dist_4_10|pair.cross_clause|pair.type_prior|pair.coordinate
PMC5833205_01,PMC5833205,COORDINATE_WITH,affirmed,Concept,275,295,C5980104,Finding,abdominal distension,300,331,C5230913,Diagnosis,bilateral lower extremity edema,,,,,100,332,1,False,1.9,pair.no_trigger|pair.dist_1_3|pair.cross_clause|pair.type_prior|pair.coordinate
PMC5833205_01,PMC5833205,TREATED_WITH,affirmed,Concept,610,628,C0681827,Exam,Laboratory studies,679,686,C5966160,Treatment,albumin,obtained at,629,640,,610,747,7,True,2.494,score.trigger_weight|pair.dist_4_10|pair.same_clause
PMC5833205_01,PMC5833205,HAS_DIAGNOSIS,hedged,Concept,797,815,C0681827,Exam,Laboratory studies,876,893,C5194182,Diagnosis,microcytic anemia,obtained in,816,827,,797,1068,9,True,3.494,score.trigger_weight|pair.dist_4_10|pair.same_clause|pair.type_prior
PMC5833205_01,PMC5833205,TREATED_WITH,affirmed,Concept,959,974,C0240066,Diagnosis,iron deficiency,976,984,C0015879,Treatment,ferritin,,,,,797,1068,0,True,1.8,pair.no_trigger|pair.dist_0|pair.same_clause|pair.type_prior
PMC5833205_01,PMC5833205,TREATED_WITH,affirmed,Concept,1003,1018,C0020639,Diagnosis,hypoproteinemia,1020,1027,C5966160,Treatment,albumin,,,,,797,1068,0,True,1.8,pair.no_trigger|pair.dist_0|pair.same_clause|pair.type_prior
PMC5833205_01,PMC5833205,REVEALED_BY,affirmed,Person,,,,Person,,1271,1286,C6069601,Exam,upper endoscopy,included performance of,1247,1270,,1240,1413,4,False,1.129,score.trigger_weight|pair.dist_4_10|pair.cross_clause|pair.patient_anchor
PMC5833205_01,PMC5833205,REVEALED_BY,affirmed,Person,,,,Person,,1291,1302,C0009378,Exam,colonoscopy,included performance of,1247,1270,,1240,1413,7,False,3.129,score.trigger_weight|pair.dist_4_10|pair.cross_clause|pair.patient_anchor|pair.coordinate
PMC5833205_01,PMC5833205,COORDINATE_WITH,affirmed,Concept,1271,1286,C6069601,Exam,upper endoscopy,1291,1302,C0009378,Exam,colonoscopy,,,,,1240,1413,1,False,1.1,pair.no_trigger|pair.dist_1_3|pair.cross_clause|pair.type_prior|pair.coordinate
PMC5833205_01,PMC5833205,LOCATED_IN,affirmed,Person,,,,Person,,1514,1528,C0034193,BodyPart,gastric antrum,revealed,1448,1456,REVEAL,1414,1667,15,False,1.027,score.trigger_weight|pair.dist_gt_10|pair.cross_clause|pair.patient_anchor
PMC5833205_01,PMC5833205,LOCATED_IN,historical,Concept,1608,1620,C0021368,Diagnosis,inflammation,1628,1637,C0014876,BodyPart,esophagus,,,,,1414,1667,2,True,1.81,pair.no_trigger|pair.dist_1_3|pair.same_clause|pair.type_prior
PMC5833205_01,PMC5833205,TREATED_WITH,affirmed,Person,,,,Person,,1691,1702,C1879316,Treatment,transfusion,received,1680,1688,TREAT,1668,1826,4,False,2.727,score.trigger_weight|pair.dist_4_10|pair.cross_clause|pair.patient_anchor
PMC5833205_01,PMC5833205,TREATED_WITH,affirmed,Concept,1717,1739,C2316467,Treatment,packed red blood cells,1766,1770,C0302583,Treatment,iron,treated with,1748,1760,TREAT,1668,1826,5,False,1.054,score.trigger_weight|pair.dist_4_10|pair.cross_clause|pair.type_prior
PMC5833205_01,PMC5833205,TREATED_WITH,affirmed,Concept,1717,1739,C2316467,Treatment,packed red blood cells,1771,1782,C0035139,Treatment,replacement,treated with,1748,1760,TREAT,1668,1826,6,False,3.054,score.trigger_weight|pair.dist_4_10|pair.cross_clause|pair.type_prior|pair.coordinate
PMC5833205_01,PMC5833205,COORDINATE_WITH,affirmed,Concept,1766,1770,C0302583,Treatment,iron,1771,1782,C0035139,Treatment,replacement,,,,,1668,1826,0,True,3.0,pair.no_trigger|pair.dist_0|pair.same_clause|pair.type_prior|pair.coordinate
PMC5833205_01,PMC5833205,TREATED_WITH,affirmed,Person,,,,Person,,2094,2101,C0087111,Treatment,therapy,responded favorably to,2051,2073,,2048,2102,7,False,1.129,score.trigger_weight|pair.dist_4_10|pair.cross_clause|pair.patient_anchor
PMC5833205_01,PMC5833205,HAS_DIAGNOSIS,negated,Person,,,,Person,,2140,2145,C0013604,Diagnosis,edema,had,2110,2113,PRESENT,2103,2172,7,False,1.227,score.trigger_weight|pair.dist_4_10|pair.cross_clause|pair.patient_anchor
PMC5833205_01,PMC5833205,COORDINATE_WITH,affirmed,Concept,2268,2272,C0302583,Treatment,iron,2273,2280,C0087111,Treatment,therapy,,,,,2245,2351,0,True,3.0,pair.no_trigger|pair.dist_0|pair.same_clause|pair.type_prior|pair.coordinate
PMC5875137_01,PMC5875137,HAS_DIAGNOSIS,affirmed,Person,,,,Person,,62,75,C0006142,Diagnosis,breast cancer,diagnostic assessments for,33,59,DIAGNOSE,0,244,10,False,1.069,score.trigger_weight|pair.dist_4_10|pair.cross_clause|pair.patient_anchor
PMC5875137_01,PMC5875137,LOCATED_IN,affirmed,Concept,62,75,C0006142,Diagnosis,breast cancer,94,99,C0817096,BodyPart,chest,diagnosed by,81,93,DIAGNOSE,0,244,3,False,2.464,score.trigger_weight|pair.dist_1_3|pair.cross_clause|pair.type_prior
PMC5875137_01,PMC5875137,HAS_FINDING,affirmed,Concept,121,129,C0040405,Exam,CT) scan,143,155,C0231221,Finding,asymptomatic,,,,,0,244,3,True,2.0,pair.no_trigger|pair.dist_1_3|pair.same_clause|pair.type_prior
PMC5875137_01,PMC5875137,HAS_DIAGNOSIS,affirmed,Concept,143,155,C0231221,Finding,asymptomatic,166,181,C0003486,Diagnosis,aortic aneurysm,,,,,0,244,1,True,1.9,pair.no_trigger|pair.dist_1_3|pair.same_clause|pair.type_prior
PMC5875137_01,PMC5875137,TREATED_WITH,affirmed,Person,,,,Person,,283,313,C0729662,Treatment,replacement of ascending aorta,underwent,264,273,TREAT,245,477,6,False,2.727,score.trigger_weight|pair.dist_4_10|pair.cross_clause|pair.patient_anchor
PMC5875137_01,PMC5875137,LOCATED_IN,affirmed,Concept,360,371,C0677554,Treatment,anastomosis,379,407,C0447054,BodyPart,left internal mammary artery,,,,,245,477,2,True,1.6,pair.no_trigger|pair.dist_1_3|pair.same_clause|pair.type_prior
PMC5875137_01,PMC5875137,TREATED_WITH,affirmed,Person,,,,Person,,492,514,C0700431,Treatment,cardiac rehabilitation,underwent,482,491,TREAT,478,589,2,False,3.527,score.trigger_weight|pair.dist_1_3|pair.cross_clause|pair.patient_anchor
PMC5875137_01,PMC5875137,REVEALED_BY,affirmed,Concept,606,613,C0543467,Treatment,surgery,654,670,C4296962,Finding,"function, normal",showed,619,625,REVEAL,590,812,5,False,1.227,score.trigger_weight|pair.dist_4_10|pair.cross_clause
PMC5875137_01,PMC5875137,HAS_FINDING,affirmed,Concept,830,838,C0202823,Exam,chest CT,858,866,C2981153,Finding,focusing,performed,848,857,TREAT,813,927,3,True,5.027,score.trigger_weight|pair.dist_1_3|pair.same_clause|pair.type_prior
PMC5875137_01,PMC5875137,LOCATED_IN,negated,Concept,884,889,C0003483,BodyPart,aorta,907,919,C0729936,BodyPart,intracardiac,showed,897,903,REVEAL,813,927,3,False,1.727,score.trigger_weight|pair.dist_1_3|pair.cross_clause|pair.type_prior
PMC5875137_01,PMC5875137,LOCATED_IN,affirmed,Concept,858,866,C2981153,Finding,focusing,874,879,C0018787,BodyPart,heart,,,,,813,927,2,True,1.43,pair.no_trigger|pair.dist_1_3|pair.same_clause|pair.type_prior
PMC6083636_P1,PMC6083636,COORDINATE_WITH,affirmed,Concept,250,270,C1272091,Finding,history of amblyopia,272,282,C0038379,Diagnosis,strabismus,,,,,237,360,0,False,1.7,pair.no_trigger|pair.dist_0|pair.cross_clause|pair.type_prior|pair.coordinate
PMC6083636_P1,PMC6083636,COORDINATE_WITH,affirmed,Concept,458,464,C4521296,Finding,ocular,465,473,C0001916,Diagnosis,albinism,,,,,361,474,0,True,3.7,pair.no_trigger|pair.dist_0|pair.same_clause|pair.type_prior|pair.coordinate
PMC6083636_P1,PMC6083636,REVEALED_BY,affirmed,Concept,770,776,C0016823,BodyPart,fundus,806,819,C6009859,Finding,foveal reflex,revealed,789,797,REVEAL,698,820,4,True,3.227,score.trigger_weight|pair.dist_4_10|pair.same_clause
PMC6083636_P1,PMC6083636,REVEALED_BY,affirmed,Person,,,,Person,,1463,1469,C0332573,Finding,macula,showed,1432,1438,REVEAL,1420,1534,6,False,2.727,score.trigger_weight|pair.dist_4_10|pair.cross_clause|pair.patient_anchor
PMC6083636_P1,PMC6083636,LOCATED_IN,affirmed,Person,,,,Person,,1776,1782,C0035298,BodyPart,retina,note,1741,1745,REVEAL,1738,1865,7,False,2.727,score.trigger_weight|pair.dist_4_10|pair.cross_clause|pair.patient_anchor
PMC6083636_P1,PMC6083636,HAS_FINDING,affirmed,Concept,1776,1782,C0035298,BodyPart,retina,1786,1795,C5425799,Finding,all other,,,,,1738,1865,1,True,1.0,pair.no_trigger|pair.dist_1_3|pair.same_clause
PMC6083636_P1,PMC6083636,TREATED_WITH,affirmed,Person,,,,Person,,1909,1913,C0100700,Treatment,300A,performed with,1876,1890,TREAT,1866,1986,6,False,2.354,score.trigger_weight|pair.dist_4_10|pair.cross_clause|pair.patient_anchor
PMC6083636_P1,PMC6083636,REVEALED_BY,affirmed,Person,,,,Person,,2131,2138,C3539106,Finding,defined,show,2117,2121,REVEAL,2074,2240,6,False,2.727,score.trigger_weight|pair.dist_4_10|pair.cross_clause|pair.patient_anchor
PMC6083636_P1,PMC6083636,REVEALED_BY,affirmed,Person,,,,Person,,2952,2957,C0449820,Finding,score,showed,2931,2937,REVEAL,2900,3141,9,False,2.727,score.trigger_weight|pair.dist_4_10|pair.cross_clause|pair.patient_anchor
PMC6083636_P1,PMC6083636,REVEALED_BY,affirmed,Concept,3156,3160,C0475806,Finding,near,3171,3193,C0423062,Diagnosis,intermittent exotropia,showed,3161,3167,REVEAL,3142,3340,2,True,4.927,score.trigger_weight|pair.dist_1_3|pair.same_clause|pair.type_prior
PMC6083636_P1,PMC6083636,HAS_FINDING,affirmed,Concept,3221,3241,C0271385,Diagnosis,horizontal nystagmus,3284,3288,C0553544,Finding,gaze,,,,,3142,3340,7,True,1.0,pair.no_trigger|pair.dist_4_10|pair.same_clause|pair.type_prior
PMC6083636_P1,PMC6083636,HAS_FINDING,negated,Concept,3362,3371,C0028738,Diagnosis,nystagmus,3411,3415,C0553544,Finding,gaze,present in,3380,3390,PRESENT,3341,3469,7,True,3.654,score.trigger_weight|pair.dist_4_10|pair.same_clause|pair.type_prior
PMC6134951_01,PMC6134951,HAS_DIAGNOSIS,affirmed,Concept,52,69,C0455544,Finding,history of asthma,83,96,C0151241,Diagnosis,atrial myxoma,resected,74,82,TREAT,0,220,2,False,2.927,score.trigger_weight|pair.dist_1_3|pair.cross_clause|pair.type_prior
PMC6134951_01,PMC6134951,LOCATED_IN,affirmed,Concept,83,96,C0151241,Diagnosis,atrial myxoma,118,133,C1261076,BodyPart,left upper lobe,found to,102,110,REVEAL,0,220,5,False,1.664,score.trigger_weight|pair.dist_4_10|pair.cross_clause|pair.type_prior
PMC6134951_01,PMC6134951,HAS_FINDING,affirmed,Concept,118,133,C1261076,BodyPart,left upper lobe,144,155,C0034079,Finding,lung nodule,,,,,0,220,1,True,1.0,pair.no_trigger|pair.dist_1_3|pair.same_clause
PMC6134951_01,PMC6134951,COORDINATE_WITH,affirmed,Concept,144,155,C0034079,Finding,lung nodule,157,184,C0520743,Diagnosis,mediastinal lymphadenopathy,,,,,0,220,0,False,1.7,pair.no_trigger|pair.dist_0|pair.cross_clause|pair.type_prior|pair.coordinate
PMC6134951_01,PMC6134951,REVEALED_BY,affirmed,Concept,277,287,C5885800,Exam,1-positive,237,253,C0032227,Diagnosis,pleural effusion,consistent with,258,273,DIAGNOSE,221,313,0,True,2.494,score.trigger_weight|pair.dist_4_10|pair.same_clause|orient.swapped
PMC6134951_01,PMC6134951,HAS_DIAGNOSIS,affirmed,Concept,221,229,C0010818,Exam,Cytology,237,253,C0032227,Diagnosis,pleural effusion,,,,,221,313,2,True,2.0,pair.no_trigger|pair.dist_1_3|pair.same_clause|pair.type_prior
PMC6134951_01,PMC6134951,HAS_FINDING,hedged,Concept,277,287,C5885800,Exam,1-positive,288,297,C4522268,Finding,pulmonary,,,,,221,313,0,True,1.8,pair.no_trigger|pair.dist_0|pair.same_clause|pair.type_prior
PMC6134951_01,PMC6134951,COORDINATE_WITH,hedged,Concept,288,297,C4522268,Finding,pulmonary,298,312,C0001418,Diagnosis,adenocarcinoma,,,,,221,313,0,True,3.7,pair.no_trigger|pair.dist_0|pair.same_clause|pair.type_prior|pair.coordinate
PMC6134951_01,PMC6134951,TREATED_WITH,negated,Person,,,,Person,,429,435,C1293131,Treatment,fusion,revealed,330,338,REVEAL,314,436,18,False,1.027,score.trigger_weight|pair.dist_gt_10|pair.cross_clause|pair.patient_anchor
PMC6134951_01,PMC6134951,TREATED_WITH,affirmed,Person,,,,Person,,512,523,C0079083,Treatment,carboplatin,treated initially with,474,496,TREAT,466,618,8,False,1.369,score.trigger_weight|pair.dist_4_10|pair.cross_clause|pair.patient_anchor
PMC6134951_01,PMC6134951,TREATED_WITH,affirmed,Person,,,,Person,,528,538,C0210657,Treatment,pemetrexed,treated initially with,474,496,TREAT,466,618,10,False,3.369,score.trigger_weight|pair.dist_4_10|pair.cross_clause|pair.patient_anchor|pair.coordinate
PMC6134951_01,PMC6134951,COORDINATE_WITH,affirmed,Concept,512,523,C0079083,Treatment,carboplatin,528,538,C0210657,Treatment,pemetrexed,,,,,466,618,1,False,1.2,pair.no_trigger|pair.dist_1_3|pair.cross_clause|pair.type_prior|pair.coordinate
PMC6134951_01,PMC6134951,HAS_DIAGNOSIS,affirmed,Concept,657,670,C5236074,Finding,identified by,693,698,C0027651,Diagnosis,tumor,ngs-based,671,680,,619,728,2,True,4.207,score.trigger_weight|pair.dist_1_3|pair.same_clause|pair.type_prior
PMC6134951_01,PMC6134951,HAS_FINDING,affirmed,Concept,646,652,C1293131,Treatment,fusion,657,670,C5236074,Finding,identified by,,,,,619,728,1,True,1.0,pair.no_trigger|pair.dist_1_3|pair.same_clause
PMC6134951_01,PMC6134951,TREATED_WITH,affirmed,Person,,,,Person,,1067,1076,C3853921,Treatment,alectinib,started on,1056,1066,TREAT,1044,1153,4,False,2.354,score.trigger_weight|pair.dist_4_10|pair.cross_clause|pair.patient_anchor
PMC6134951_01,PMC6134951,HAS_FINDING,affirmed,Person,,,,Person,,1207,1224,C0234918,Finding,morbilliform rash,developed,1182,1191,PRESENT,1154,1342,8,False,2.727,score.trigger_weight|pair.dist_4_10|pair.cross_clause|pair.patient_anchor
PMC6134951_01,PMC6134951,LOCATED_IN,affirmed,Concept,1207,1224,C0234918,Finding,morbilliform rash,1240,1245,C0460005,BodyPart,trunk,,,,,1154,1342,2,True,1.43,pair.no_trigger|pair.dist_1_3|pair.same_clause|pair.type_prior
PMC6134951_01,PMC6134951,REVEALED_BY,affirmed,Concept,1446,1452,C0221198,Finding,lesion,1496,1516,C0262981,Diagnosis,interface dermatitis,showing,1473,1480,REVEAL,1434,1611,6,False,2.127,score.trigger_weight|pair.dist_4_10|pair.cross_clause|pair.type_prior
PMC6134951_01,PMC6134951,HAS_DIAGNOSIS,hedged,Concept,1551,1564,C0011609,Diagnosis,drug eruption,1574,1598,C0020522,Diagnosis,type IV hypersensitivity,delayed,1566,1573,,1434,1611,1,True,3.507,score.trigger_weight|pair.dist_1_3|pair.same_clause|pair.type_prior
PMC6134951_01,PMC6134951,HAS_FINDING,negated,Person,,,,Person,,1636,1648,C2240374,Finding,eosinophilia,had,1616,1619,PRESENT,1612,1757,4,False,1.227,score.trigger_weight|pair.dist_4_10|pair.cross_clause|pair.patient_anchor
PMC6134951_01,PMC6134951,HAS_DIAGNOSIS,affirmed,Concept,1680,1691,C1704258,Finding,abnormality,1703,1716,C0041755,Diagnosis,drug reaction,suggest,1695,1702,,1612,1757,2,True,3.847,score.trigger_weight|pair.dist_1_3|pair.same_clause|pair.type_prior
PMC6134951_01,PMC6134951,HAS_FINDING,affirmed,Concept,1680,1691,C1704258,Finding,abnormality,1722,1734,C2240374,Finding,eosinophilia,suggest,1695,1702,,1612,1757,5,True,5.847,score.trigger_weight|pair.dist_1_3|pair.same_clause|pair.type_prior|pair.coordinate
PMC6134951_01,PMC6134951,COORDINATE_WITH,affirmed,Concept,1670,1679,C4522268,Finding,pulmonary,1680,1691,C1704258,Finding,abnormality,,,,,1612,1757,0,True,3.0,pair.no_trigger|pair.dist_0|pair.same_clause|pair.type_prior|pair.coordinate
PMC6134951_01,PMC6134951,COORDINATE_WITH,affirmed,Concept,1703,1716,C0041755,Diagnosis,drug reaction,1722,1734,C2240374,Finding,eosinophilia,,,,,1612,1757,1,True,3.8,pair.no_trigger|pair.dist_1_3|pair.same_clause|pair.type_prior|pair.coordinate
PMC6134951_01,PMC6134951,COORDINATE_WITH,affirmed,Concept,1853,1861,C0039128,Diagnosis,syphilis,1863,1879,C0038463,Diagnosis,strongyloidiasis,,,,,1758,1896,0,False,1.0,pair.no_trigger|pair.dist_0|pair.cross_clause|pair.type_prior|pair.coordinate
PMC6134951_01,PMC6134951,COORDINATE_WITH,affirmed,Concept,1863,1879,C0038463,Diagnosis,strongyloidiasis,1885,1895,C0004610,Finding,bacteremia,,,,,1758,1896,1,False,1.8,pair.no_trigger|pair.dist_1_3|pair.cross_clause|pair.type_prior|pair.coordinate
PMC6134951_01,PMC6134951,TREATED_WITH,affirmed,Person,,,,Person,,2081,2086,C0591126,Treatment,at 10,continued,2071,2080,TREAT,2062,2146,3,False,3.527,score.trigger_weight|pair.dist_1_3|pair.cross_clause|pair.patient_anchor
PMC6134951_01,PMC6134951,TREATED_WITH,affirmed,Person,,,,Person,,2177,2192,C0012522,Treatment,diphenhydramine,received,2156,2164,TREAT,2147,2270,6,False,2.727,score.trigger_weight|pair.dist_4_10|pair.cross_clause|pair.patient_anchor
PMC6134951_01,PMC6134951,COORDINATE_WITH,affirmed,Concept,2227,2237,C0032952,Treatment,prednisone,2242,2269,C1252065,Treatment,topical triamcinolone cream,,,,,2147,2270,1,False,1.2,pair.no_trigger|pair.dist_1_3|pair.cross_clause|pair.type_prior|pair.coordinate
PMC6134951_01,PMC6134951,HAS_SYMPTOM,affirmed,Concept,2309,2313,C5779629,Diagnosis,rash,2350,2357,C0015967,Symptom,febrile,improved,2314,2322,,2305,2421,5,False,1.307,score.trigger_weight|pair.dist_4_10|pair.cross_clause|pair.type_prior
PMC6134951_01,PMC6134951,TREATED_WITH,affirmed,Concept,2350,2357,C0015967,Symptom,febrile,2395,2405,C0032952,Treatment,prednisone,resolved following,2367,2385,,2305,2421,6,True,2.854,score.trigger_weight|pair.dist_4_10|pair.same_clause|pair.type_prior
PMC6134951_01,PMC6134951,TREATED_WITH,affirmed,Person,,,,Person,,2650,2660,C4287815,Treatment,brigatinib,started with,2637,2649,TREAT,2629,2705,4,False,2.354,score.trigger_weight|pair.dist_4_10|pair.cross_clause|pair.patient_anchor
PMC6134951_01,PMC6134951,HAS_DIAGNOSIS,negated,Person,,,,Person,,2752,2756,C5779629,Diagnosis,rash,tolerated,2710,2719,,2706,2767,7,False,2.007,score.trigger_weight|pair.dist_4_10|pair.cross_clause|pair.patient_anchor
PMC6134951_01,PMC6134951,HAS_SYMPTOM,affirmed,Person,,,,Person,,2761,2766,C0015967,Symptom,fever,tolerated,2710,2719,,2706,2767,9,False,4.007,score.trigger_weight|pair.dist_4_10|pair.cross_clause|pair.patient_anchor|pair.coordinate
PMC6134951_01,PMC6134951,COORDINATE_WITH,affirmed,Concept,2752,2756,C5779629,Diagnosis,rash,2761,2766,C0015967,Symptom,fever,,,,,2706,2767,1,False,1.8,pair.no_trigger|pair.dist_1_3|pair.cross_clause|pair.type_prior|pair.coordinate
PMC6134951_01,PMC6134951,REVEALED_BY,affirmed,Person,,,,Person,,2823,2839,C0032227,Diagnosis,pleural effusion,showed,2798,2804,REVEAL,2768,2871,7,False,2.727,score.trigger_weight|pair.dist_4_10|pair.cross_clause|pair.patient_anchor
PMC6134951_01,PMC6134951,REVEALED_BY,affirmed,Person,,,,Person,,2844,2849,C0027651,Diagnosis,tumor,showed,2798,2804,REVEAL,2768,2871,10,False,4.727,score.trigger_weight|pair.dist_4_10|pair.cross_clause|pair.patient_anchor|pair.coordinate
PMC6134951_01,PMC6134951,COORDINATE_WITH,affirmed,Concept,2823,2839,C0032227,Diagnosis,pleural effusion,2844,2849,C0027651,Diagnosis,tumor,,,,,2768,2871,1,False,1.2,pair.no_trigger|pair.dist_1_3|pair.cross_clause|pair.type_prior|pair.coordinate
PMC6343374_01,PMC6343374,TREATED_WITH,affirmed,Concept,102,118,C0013516,Exam,Echocardiography,144,147,C2962221,Treatment,TAC,allowed,119,126,,102,227,4,True,2.507,score.trigger_weight|pair.dist_4_10|pair.same_clause
PMC6343374_01,PMC6343374,LOCATED_IN,affirmed,Concept,144,147,C2962221,Treatment,TAC,169,180,C0003489,BodyPart,aortic arch,interrupted,157,168,,102,227,4,False,1.107,score.trigger_weight|pair.dist_4_10|pair.cross_clause|pair.type_prior
PMC6343374_01,PMC6343374,HAS_FINDING,affirmed,Person,,,,Person,,422,427,C3842673,Finding,day 6,performed on,409,421,TREAT,385,456,5,False,2.354,score.trigger_weight|pair.dist_4_10|pair.cross_clause|pair.patient_anchor
PMC6343374_01,PMC6343374,TREATED_WITH,affirmed,Concept,422,427,C3842673,Finding,day 6,438,455,C1282959,Treatment,median sternotomy,,,,,385,456,2,True,1.26,pair.no_trigger|pair.dist_1_3|pair.same_clause|pair.type_prior
PMC6343374_01,PMC6343374,HAS_DIAGNOSIS,affirmed,Person,,,,Person,,507,511,C0009443,Diagnosis,cold,achieved with,483,496,,457,696,6,False,1.994,score.trigger_weight|pair.dist_4_10|pair.cross_clause|pair.patient_anchor
PMC6343374_01,PMC6343374,TREATED_WITH,affirmed,Concept,507,511,C0009443,Diagnosis,cold,518,530,C0018791,Treatment,cardioplegia,,,,,457,696,1,True,2.0,pair.no_trigger|pair.dist_1_3|pair.same_clause|pair.type_prior
PMC6343374_01,PMC6343374,LOCATED_IN,affirmed,Person,,,,Person,,899,916,C0038530,BodyPart,subclavian artery,removed,882,889,TREAT,850,1083,8,False,2.727,score.trigger_weight|pair.dist_4_10|pair.cross_clause|pair.patient_anchor
PMC6343374_01,PMC6343374,LOCATED_IN,affirmed,Concept,925,941,C0011666,BodyPart,descending aorta,987,992,C0460005,BodyPart,trunk,augmented,969,978,,850,1083,8,True,2.207,score.trigger_weight|pair.dist_4_10|pair.same_clause|pair.type_prior
PMC6343374_01,PMC6343374,HAS_DIAGNOSIS,hedged,Concept,1026,1041,C0003956,BodyPart,ascending aorta,1061,1082,C0221725,Diagnosis,bronchial obstruction,,,,,850,1083,3,True,1.0,pair.no_trigger|pair.dist_1_3|pair.same_clause
PMC6343374_01,PMC6343374,TREATED_WITH,affirmed,Person,,,,Person,,1493,1500,C0543467,Treatment,surgery,underwent,1396,1405,TREAT,1393,1566,17,False,1.027,score.trigger_weight|pair.dist_gt_10|pair.cross_clause|pair.patient_anchor
PMC6343374_01,PMC6343374,LOCATED_IN,affirmed,Concept,1493,1500,C0543467,Treatment,surgery,1547,1565,C0225630,BodyPart,left main bronchus,caused,1511,1517,CAUSE,1393,1566,7,False,1.827,score.trigger_weight|pair.dist_4_10|pair.cross_clause|pair.type_prior
PMC6343374_01,PMC6343374,TREATED_WITH,affirmed,Person,,,,Person,,1611,1624,C0522778,Treatment,stent removal,underwent,1601,1610,TREAT,1567,1668,8,False,2.727,score.trigger_weight|pair.dist_4_10|pair.cross_clause|pair.patient_anchor
PMC6343374_01,PMC6343374,TREATED_WITH,affirmed,Concept,1632,1638,C0374711,Treatment,repair,1645,1667,C0007202,Treatment,cardiopulmonary bypass,,,,,1567,1668,1,True,1.2,pair.no_trigger|pair.dist_1_3|pair.same_clause|pair.type_prior
PMC6343374_01,PMC6343374,HAS_DIAGNOSIS,affirmed,Person,,,,Person,,1725,1739,C0264353,Diagnosis,bronchomalacia,complicated with,1708,1724,,1669,1777,7,False,1.994,score.trigger_weight|pair.dist_4_10|pair.cross_clause|pair.patient_anchor
PMC6343374_01,PMC6343374,TREATED_WITH,affirmed,Concept,1725,1739,C0264353,Diagnosis,bronchomalacia,1766,1776,C0021925,Treatment,intubation,required,1747,1755,,1669,1777,3,False,2.307,score.trigger_weight|pair.dist_1_3|pair.cross_clause|pair.type_prior
PMC6343374_01,PMC6343374,REVEALED_BY,negated,Concept,1873,1889,C0013516,Exam,echocardiography,1937,1945,C1261287,Diagnosis,stenosis,showed,1911,1917,REVEAL,1851,2045,10,True,4.227,score.trigger_weight|pair.dist_4_10|pair.same_clause|pair.type_prior
PMC6343374_01,PMC6343374,TREATED_WITH,historical,Person,,,,Person,,2188,2195,C0543467,Treatment,surgery,showed,2138,2144,REVEAL,2091,2196,15,False,1.027,score.trigger_weight|pair.dist_gt_10|pair.cross_clause|pair.patient_anchor
PMC6343374_01,PMC6343374,TREATED_WITH,affirmed,Person,,,,Person,,2310,2316,C0374711,Treatment,repair,need to,2278,2285,,2259,2435,10,False,1.994,score.trigger_weight|pair.dist_4_10|pair.cross_clause|pair.patient_anchor
PMC6343374_01,PMC6343374,TREATED_WITH,affirmed,Concept,2356,2381,C0455844,Finding,right ventricular outflow,2388,2402,C0524865,Treatment,reconstruction,,,,,2259,2435,1,True,1.26,pair.no_trigger|pair.dist_1_3|pair.same_clause|pair.type_prior
PMC6343374_01,PMC6343374,LOCATED_IN,hedged,Concept,2742,2754,C0009566,Diagnosis,complication,2783,2794,C0003489,BodyPart,aortic arch,,,,,2719,2832,4,True,1.01,pair.no_trigger|pair.dist_4_10|pair.same_clause|pair.type_prior
PMC6343374_01,PMC6343374,HAS_DIAGNOSIS,hedged,Concept,2795,2806,C0677554,Treatment,anastomosis,2810,2831,C0264351,Diagnosis,bronchial compression,,,,,2719,2832,1,True,1.18,pair.no_trigger|pair.dist_1_3|pair.same_clause|pair.type_prior
PMC6343374_01,PMC6343374,HAS_FINDING,affirmed,Person,,,,Person,,3062,3067,C0332461,Finding,patch,based on,3034,3042,,3034,3185,6,False,1.994,score.trigger_weight|pair.dist_4_10|pair.cross_clause|pair.patient_anchor
PMC6343374_01,PMC6343374,TREATED_WITH,affirmed,Concept,3062,3067,C0332461,Finding,patch,3068,3080,C1293122,Treatment,augmentation,,,,,3034,3185,0,True,1.06,pair.no_trigger|pair.dist_0|pair.same_clause|pair.type_prior
PMC6343374_01,PMC6343374,TREATED_WITH,affirmed,Concept,3068,3080,C1293122,Treatment,augmentation,3103,3121,C0441480,Treatment,direct anastomosis,,,,,3034,3185,3,True,1.2,pair.no_trigger|pair.dist_1_3|pair.same_clause|pair.type_prior
PMC6343374_01,PMC6343374,LOCATED_IN,affirmed,Concept,3103,3121,C0441480,Treatment,direct anastomosis,3129,3144,C0003956,BodyPart,ascending aorta,,,,,3034,3185,2,True,1.6,pair.no_trigger|pair.dist_1_3|pair.same_clause|pair.type_prior
PMC6343374_01,PMC6343374,HAS_DIAGNOSIS,hedged,Concept,3129,3144,C0003956,BodyPart,ascending aorta,3163,3184,C0264351,Diagnosis,bronchial compression,,,,,3034,3185,3,True,1.0,pair.no_trigger|pair.dist_1_3|pair.same_clause
PMC6343374_01,PMC6343374,HAS_DIAGNOSIS,affirmed,Person,,,,Person,,3247,3255,C1261287,Diagnosis,stenosis,worked,3191,3197,,3186,3367,9,False,2.007,score.trigger_weight|pair.dist_4_10|pair.cross_clause|pair.patient_anchor
PMC6343374_01,PMC6343374,HAS_FINDING,hedged,Person,,,,Person,,3407,3413,C0564405,Finding,relief,believed,3371,3379,,3368,3578,6,False,2.007,score.trigger_weight|pair.dist_4_10|pair.cross_clause|pair.patient_anchor
PMC6343374_01,PMC6343374,HAS_FINDING,affirmed,Concept,3935,3956,C0334096,Diagnosis,intimal proliferation,3964,3966,C0332138,Finding,SE,,,,,3692,3998,2,True,1.8,pair.no_trigger|pair.dist_1_3|pair.same_clause|pair.type_prior
PMC6343374_01,PMC6343374,HAS_FINDING,affirmed,Person,,,,Person,,4308,4310,C0332138,Finding,SE,based on,4273,4281,,4273,4332,6,False,1.994,score.trigger_weight|pair.dist_4_10|pair.cross_clause|pair.patient_anchor
PMC6343374_01,PMC6343374,HAS_FINDING,affirmed,Person,,,,Person,,4367,4374,C0033213,Finding,problem,created,4357,4364,,4333,4410,5,False,2.007,score.trigger_weight|pair.dist_4_10|pair.cross_clause|pair.patient_anchor
PMC6343374_01,PMC6343374,HAS_DIAGNOSIS,affirmed,Concept,4367,4374,C0033213,Finding,problem,4395,4409,C0264353,Diagnosis,bronchomalacia,,,,,4333,4410,4,True,1.1,pair.no_trigger|pair.dist_4_10|pair.same_clause|pair.type_prior
PMC6343374_01,PMC6343374,HAS_DIAGNOSIS,affirmed,Person,,,,Person,,4500,4521,C0264351,Diagnosis,bronchial compression,developed,4490,4499,PRESENT,4487,4577,2,False,3.527,score.trigger_weight|pair.dist_1_3|pair.cross_clause|pair.patient_anchor
PMC6343374_01,PMC6343374,TREATED_WITH,affirmed,Person,,,,Person,,4602,4618,C0728940,Treatment,surgical removal,underwent,4592,4601,TREAT,4578,4646,3,False,3.527,score.trigger_weight|pair.dist_1_3|pair.cross_clause|pair.patient_anchor
PMC6343374_01,PMC6343374,REVEALED_BY,affirmed,Person,,,,Person,,4690,4704,C0264353,Diagnosis,bronchomalacia,found,4667,4672,REVEAL,4647,4754,6,False,2.727,score.trigger_weight|pair.dist_4_10|pair.cross_clause|pair.patient_anchor
PMC6343374_01,PMC6343374,TREATED_WITH,affirmed,Concept,4690,4704,C0264353,Diagnosis,bronchomalacia,4731,4753,C0199470,Treatment,mechanical ventilation,required,4712,4720,,4647,4754,3,False,2.307,score.trigger_weight|pair.dist_1_3|pair.cross_clause|pair.type_prior
PMC6343374_01,PMC6343374,HAS_FINDING,affirmed,Person,,,,Person,,4982,4993,C0028778,Finding,obstruction,based on,4954,4962,,4954,5024,5,False,1.994,score.trigger_weight|pair.dist_4_10|pair.cross_clause|pair.patient_anchor
PMC6354154_01,PMC6354154,COORDINATE_WITH,affirmed,Concept,522,525,C0733758,Treatment,FSH,527,529,C0023607,Treatment,LH,,,,,462,594,0,False,1.0,pair.no_trigger|pair.dist_0|pair.cross_clause|pair.type_prior|pair.coordinate
PMC6354154_01,PMC6354154,COORDINATE_WITH,affirmed,Concept,545,557,C0039601,Treatment,testosterone,563,591,C0011185,Treatment,dehydroepiandrosterone (DHEA,,,,,462,594,1,False,1.2,pair.no_trigger|pair.dist_1_3|pair.cross_clause|pair.type_prior|pair.coordinate
PMC6354154_01,PMC6354154,LOCATED_IN,affirmed,Concept,610,625,C0041618,Exam,ultrasonography,659,665,C0042149,BodyPart,uterus,performed,630,639,TREAT,595,776,5,True,3.627,score.trigger_weight|pair.dist_4_10|pair.same_clause|pair.type_prior
PMC6354154_01,PMC6354154,LOCATED_IN,affirmed,Concept,610,625,C0041618,Exam,ultrasonography,670,677,C0029939,BodyPart,ovaries,performed,630,639,TREAT,595,776,7,False,5.627,score.trigger_weight|pair.dist_4_10|pair.same_clause|pair.type_prior|pair.coordinate
PMC6354154_01,PMC6354154,HAS_FINDING,negated,Person,,,,Person,,859,879,C0455458,Finding,past medical history,had,843,846,PRESENT,815,914,8,False,1.227,score.trigger_weight|pair.dist_4_10|pair.cross_clause|pair.patient_anchor
PMC6354154_01,PMC6354154,REVEALED_BY,affirmed,Person,,,,Person,,938,960,C1880304,Exam,diagnostic laparoscopy,proposed for,923,935,,915,982,5,False,1.994,score.trigger_weight|pair.dist_4_10|pair.cross_clause|pair.patient_anchor
PMC6354154_01,PMC6354154,LOCATED_IN,affirmed,Concept,1131,1136,C0152054,Treatment,touch,1158,1169,C0227873,BodyPart,right ovary,observed in,1142,1153,REVEAL,983,1170,4,False,1.454,score.trigger_weight|pair.dist_4_10|pair.cross_clause|pair.type_prior
PMC6354154_01,PMC6354154,HAS_DIAGNOSIS,negated,Person,,,,Person,,1202,1209,C3203359,Diagnosis,rupture,removed,1185,1192,TREAT,1171,1244,5,False,2.727,score.trigger_weight|pair.dist_4_10|pair.cross_clause|pair.patient_anchor
PMC6354154_01,PMC6354154,HAS_DIAGNOSIS,affirmed,Person,,,,Person,,1394,1399,C0027651,Diagnosis,tumor,yellow-colored,1379,1393,,1353,1487,5,False,2.007,score.trigger_weight|pair.dist_4_10|pair.cross_clause|pair.patient_anchor
PMC6354154_01,PMC6354154,HAS_DIAGNOSIS,affirmed,Person,,,,Person,,1562,1567,C0027651,Diagnosis,tumor,occupied by,1548,1559,,1488,1706,10,False,1.994,score.trigger_weight|pair.dist_4_10|pair.cross_clause|pair.patient_anchor
PMC6354154_01,PMC6354154,HAS_FINDING,affirmed,Person,,,,Person,,1568,1574,C0221198,Finding,lesion,occupied by,1548,1559,,1488,1706,11,False,3.994,score.trigger_weight|pair.dist_4_10|pair.cross_clause|pair.patient_anchor|pair.coordinate
PMC6354154_01,PMC6354154,COORDINATE_WITH,affirmed,Concept,1562,1567,C0027651,Diagnosis,tumor,1568,1574,C0221198,Finding,lesion,,,,,1488,1706,0,True,3.6,pair.no_trigger|pair.dist_0|pair.same_clause|pair.type_prior|pair.coordinate
PMC6354154_01,PMC6354154,HAS_DIAGNOSIS,hedged,Person,,,,Person,,1906,1924,C0334412,Diagnosis,steroid cell tumor,consistent with,1882,1897,DIAGNOSE,1862,1929,6,False,1.994,score.trigger_weight|pair.dist_4_10|pair.cross_clause|pair.patient_anchor
PMC6354154_01,PMC6354154,HAS_DIAGNOSIS,negated,Person,,,,Person,,2104,2114,C2825055,Diagnosis,recurrence,had,2085,2088,PRESENT,2067,2173,8,False,1.227,score.trigger_weight|pair.dist_4_10|pair.cross_clause|pair.patient_anchor
PMC6354154_01,PMC6354154,TREATED_WITH,affirmed,Person,,,,Person,,2194,2216,C0015915,Treatment,in vitro fertilization,proposed to,2182,2193,,2174,2328,4,False,1.994,score.trigger_weight|pair.dist_4_10|pair.cross_clause|pair.patient_anchor
PMC6354154_01,PMC6354154,COORDINATE_WITH,affirmed,Concept,2240,2252,C0018061,Treatment,gonadotropin,2253,2260,C0087111,Treatment,therapy,,,,,2174,2328,0,True,3.0,pair.no_trigger|pair.dist_0|pair.same_clause|pair.type_prior|pair.coordinate
PMC6949661_01,PMC6949661,HAS_SYMPTOM,negated,Concept,139,159,C0042024,Diagnosis,urinary incontinence,186,197,C4048158,Symptom,convulsions,witnessed,176,185,,0,198,4,False,1.307,score.trigger_weight|pair.dist_4_10|pair.cross_clause|pair.type_prior
PMC6949661_01,PMC6949661,COORDINATE_WITH,affirmed,Concept,114,119,C0012833,Symptom,dizzy,124,132,C0683369,Finding,confused,,,,,0,198,1,False,1.0,pair.no_trigger|pair.dist_1_3|pair.cross_clause|pair.coordinate
PMC6949661_01,PMC6949661,COORDINATE_WITH,affirmed,Concept,124,132,C0683369,Finding,confused,139,159,C0042024,Diagnosis,urinary incontinence,,,,,0,198,1,False,1.9,pair.no_trigger|pair.dist_1_3|pair.cross_clause|pair.type_prior|pair.coordinate
PMC6949661_01,PMC6949661,COORDINATE_WITH,affirmed,Concept,222,227,C0015967,Symptom,fever,229,237,C0018681,Symptom,headache,,,,,199,309,0,False,1.0,pair.no_trigger|pair.dist_0|pair.cross_clause|pair.type_prior|pair.coordinate
PMC6949661_01,PMC6949661,COORDINATE_WITH,affirmed,Concept,229,237,C0018681,Symptom,headache,239,249,C0008031,Symptom,chest pain,,,,,199,309,0,False,1.0,pair.no_trigger|pair.dist_0|pair.cross_clause|pair.type_prior|pair.coordinate
PMC6949661_01,PMC6949661,COORDINATE_WITH,affirmed,Concept,239,249,C0008031,Symptom,chest pain,251,270,C0013404,Symptom,shortness of breath,,,,,199,309,0,False,1.0,pair.no_trigger|pair.dist_0|pair.cross_clause|pair.type_prior|pair.coordinate
PMC6949661_01,PMC6949661,COORDINATE_WITH,affirmed,Concept,251,270,C0013404,Symptom,shortness of breath,275,287,C0030252,Finding,palpitations,,,,,199,309,1,False,1.0,pair.no_trigger|pair.dist_1_3|pair.cross_clause|pair.coordinate
PMC6949661_01,PMC6949661,COORDINATE_WITH,affirmed,Concept,275,287,C0030252,Finding,palpitations,292,308,C0018799,Diagnosis,cardiac diseases,,,,,199,309,1,False,1.9,pair.no_trigger|pair.dist_1_3|pair.cross_clause|pair.type_prior|pair.coordinate
PMC6949661_01,PMC6949661,REVEALED_BY,affirmed,Concept,667,670,C1623258,Exam,ECG,678,706,C0149721,Diagnosis,left ventricular hypertrophy,showed,671,677,REVEAL,604,732,1,True,5.027,score.trigger_weight|pair.dist_1_3|pair.same_clause|pair.type_prior
PMC6949661_01,PMC6949661,REVEALED_BY,affirmed,Concept,667,670,C1623258,Exam,ECG,711,731,C1997354,Finding,early repolarization,showed,671,677,REVEAL,604,732,5,False,7.027,score.trigger_weight|pair.dist_1_3|pair.same_clause|pair.type_prior|pair.coordinate
PMC6949661_01,PMC6949661,LOCATED_IN,affirmed,Concept,625,633,C0040405,Exam,CT) scan,641,645,C0018670,BodyPart,head,,,,,604,732,2,True,1.4,pair.no_trigger|pair.dist_1_3|pair.same_clause|pair.type_prior
PMC6949661_01,PMC6949661,COORDINATE_WITH,affirmed,Concept,678,706,C0149721,Diagnosis,left ventricular hypertrophy,711,731,C1997354,Finding,early repolarization,,,,,604,732,1,False,1.8,pair.no_trigger|pair.dist_1_3|pair.cross_clause|pair.type_prior|pair.coordinate
PMC6949661_01,PMC6949661,REVEALED_BY,historical,Person,,,,Person,,897,903,C0025222,Finding,melena,revealed,835,843,REVEAL,819,1075,14,False,1.027,score.trigger_weight|pair.dist_gt_10|pair.cross_clause|pair.patient_anchor
PMC6949661_01,PMC6949661,HAS_FINDING,affirmed,Person,,,,Person,,1121,1132,C0039231,Finding,tachycardia,developed,1111,1120,PRESENT,1076,1179,8,False,2.727,score.trigger_weight|pair.dist_4_10|pair.cross_clause|pair.patient_anchor
PMC6949661_01,PMC6949661,HAS_FINDING,affirmed,Person,,,,Person,,1268,1280,C0232693,Finding,bowel sounds,appreciated,1252,1263,,1237,1293,5,False,2.007,score.trigger_weight|pair.dist_4_10|pair.cross_clause|pair.patient_anchor
PMC6949661_01,PMC6949661,TREATED_WITH,affirmed,Person,,,,Person,,1426,1430,C0041942,Treatment,urea,showed,1370,1376,REVEAL,1351,1438,14,False,1.027,score.trigger_weight|pair.dist_gt_10|pair.cross_clause|pair.patient_anchor
PMC6949661_01,PMC6949661,HAS_FINDING,affirmed,Concept,1477,1499,C0358591,Treatment,proton pump inhibitors,1515,1522,C5453073,Finding,2 units,transfused,1504,1514,TREAT,1439,1589,2,False,2.027,score.trigger_weight|pair.dist_1_3|pair.cross_clause
PMC6949661_01,PMC6949661,TREATED_WITH,affirmed,Concept,1515,1522,C5453073,Finding,2 units,1526,1548,C2316467,Treatment,packed red blood cells,,,,,1439,1589,1,True,1.26,pair.no_trigger|pair.dist_1_3|pair.same_clause|pair.type_prior
PMC6949661_01,PMC6949661,LOCATED_IN,affirmed,Concept,1590,1621,C0079304,Exam,Esophagogastroduodenoscopy (EGD,1677,1685,C0013303,BodyPart,duodenum,showed,1623,1629,REVEAL,1590,1727,10,True,3.627,score.trigger_weight|pair.dist_4_10|pair.same_clause|pair.type_prior
PMC6949661_01,PMC6949661,HAS_DIAGNOSIS,negated,Concept,1677,1685,C0013303,BodyPart,duodenum,1701,1709,C0019080,Diagnosis,bleeding,,,,,1590,1727,3,True,1.0,pair.no_trigger|pair.dist_1_3|pair.same_clause
PMC6949661_01,PMC6949661,LOCATED_IN,affirmed,Concept,1760,1771,C0399619,Exam,enteroscopy,1824,1831,C0034196,BodyPart,pylorus,showed,1772,1778,REVEAL,1728,1863,9,True,3.627,score.trigger_weight|pair.dist_4_10|pair.same_clause|pair.type_prior
PMC6949661_01,PMC6949661,HAS_DIAGNOSIS,affirmed,Concept,1824,1831,C0034196,BodyPart,pylorus,1843,1851,C0019080,Diagnosis,bleeding,,,,,1728,1863,2,True,1.0,pair.no_trigger|pair.dist_1_3|pair.same_clause
PMC6949661_01,PMC6949661,HAS_FINDING,affirmed,Person,,,,Person,,1881,1903,C0578150,Finding,hemodynamically stable,remained,1872,1880,,1864,1968,2,False,2.807,score.trigger_weight|pair.dist_1_3|pair.cross_clause|pair.patient_anchor
PMC6949661_01,PMC6949661,HAS_FINDING,affirmed,Concept,1969,1983,C1536105,Exam,CT angiography,2021,2027,C0449416,Finding,source,done in,1988,1995,,1969,2182,8,True,3.314,score.trigger_weight|pair.dist_4_10|pair.same_clause|pair.type_prior
PMC6949661_01,PMC6949661,REVEALED_BY,negated,Concept,2059,2076,C6024877,Treatment,coil embolization,2109,2114,C0005874,Symptom,blush,reveal,2093,2099,REVEAL,1969,2182,6,False,1.227,score.trigger_weight|pair.dist_4_10|pair.cross_clause
PMC6949661_01,PMC6949661,HAS_DIAGNOSIS,affirmed,Concept,2021,2027,C0449416,Finding,source,2031,2039,C0019080,Diagnosis,bleeding,,,,,1969,2182,1,True,1.9,pair.no_trigger|pair.dist_1_3|pair.same_clause|pair.type_prior
PMC6949661_01,PMC6949661,LOCATED_IN,negated,Concept,2109,2114,C0005874,Symptom,blush,2124,2135,C0021852,BodyPart,small bowel,,,,,1969,2182,2,True,1.49,pair.no_trigger|pair.dist_1_3|pair.same_clause|pair.type_prior
PMC6949661_01,PMC6949661,LOCATED_IN,affirmed,Concept,2143,2161,C0743997,Finding,incidental finding,2175,2181,C0022646,BodyPart,kidney,,,,,1969,2182,2,True,1.43,pair.no_trigger|pair.dist_1_3|pair.same_clause|pair.type_prior
PMC6949661_01,PMC6949661,TREATED_WITH,affirmed,Person,,,,Person,,2205,2227,C1880304,Exam,diagnostic laparoscopy,underwent,2195,2204,TREAT,2183,2294,3,False,3.527,score.trigger_weight|pair.dist_1_3|pair.cross_clause|pair.patient_anchor
PMC6949661_01,PMC6949661,REVEALED_BY,negated,Concept,2205,2227,C1880304,Exam,diagnostic laparoscopy,2250,2261,C1704258,Finding,abnormality,show,2241,2245,REVEAL,2183,2294,5,True,4.227,score.trigger_weight|pair.dist_4_10|pair.same_clause|pair.type_prior
PMC6949661_01,PMC6949661,HAS_FINDING,affirmed,Concept,2295,2304,C0014245,Exam,Endoscopy,2345,2351,C0221198,Finding,lesion,carried out to,2309,2323,,2295,2432,7,True,3.489,score.trigger_weight|pair.dist_4_10|pair.same_clause|pair.type_prior
PMC6949661_01,PMC6949661,LOCATED_IN,affirmed,Concept,2441,2451,C0023038,Treatment,laparotomy,2498,2511,C6068984,BodyPart,upper jejunum,performed to,2456,2468,TREAT,2433,2512,8,True,3.454,score.trigger_weight|pair.dist_4_10|pair.same_clause|pair.type_prior
PMC6949661_01,PMC6949661,LOCATED_IN,affirmed,Concept,2521,2527,C0221198,Finding,lesion,2567,2574,C0022378,BodyPart,jejunum,seen on,2532,2539,,2513,2690,8,True,2.744,score.trigger_weight|pair.dist_4_10|pair.same_clause|pair.type_prior
PMC6949661_01,PMC6949661,LOCATED_IN,affirmed,Concept,2755,2761,C5686944,Diagnosis,pushed,2790,2795,C0021853,BodyPart,bowel,,,,,2730,2826,7,True,1.01,pair.no_trigger|pair.dist_4_10|pair.same_clause|pair.type_prior
PMC6949661_01,PMC6949661,TREATED_WITH,affirmed,Person,,,,Person,,2935,2942,C0543467,Treatment,surgery,made,2905,2909,,2893,2992,7,False,1.647,score.trigger_weight|pair.dist_4_10|pair.cross_clause|pair.patient_anchor
PMC6949661_01,PMC6949661,HAS_DIAGNOSIS,negated,Concept,2935,2942,C0543467,Treatment,surgery,2983,2991,C0019080,Diagnosis,bleeding,develop,2955,2962,PRESENT,2893,2992,7,False,1.407,score.trigger_weight|pair.dist_4_10|pair.cross_clause|pair.type_prior
PMC6949661_01,PMC6949661,HAS_FINDING,affirmed,Person,,,,Person,,3030,3037,C3843647,Finding,2 years,seen in,3005,3012,,2993,3070,8,False,1.814,score.trigger_weight|pair.dist_4_10|pair.cross_clause|pair.patient_anchor
PMC6949661_01,PMC6949661,TREATED_WITH,affirmed,Concept,3030,3037,C3843647,Finding,2 years,3041,3048,C0543467,Treatment,surgery,,,,,2993,3070,1,True,1.26,pair.no_trigger|pair.dist_1_3|pair.same_clause|pair.type_prior
PMC6949661_01,PMC6949661,REVEALED_BY,affirmed,Person,,,,Person,,3130,3148,C0008519,Diagnosis,heterotopic tissue,showed,3081,3087,REVEAL,3071,3149,8,False,2.727,score.trigger_weight|pair.dist_4_10|pair.cross_clause|pair.patient_anchor
PMC6949661_01,PMC6949661,REVEALED_BY,affirmed,Concept,3216,3223,C0022378,BodyPart,jejunum,3253,3260,C0700124,Finding,dilated,showing,3225,3232,REVEAL,3150,3359,4,False,1.227,score.trigger_weight|pair.dist_4_10|pair.cross_clause
PMC6949661_01,PMC6949661,LOCATED_IN,affirmed,Concept,3253,3260,C0700124,Finding,dilated,3261,3266,C1285092,BodyPart,gland,,,,,3150,3359,0,True,1.23,pair.no_trigger|pair.dist_0|pair.same_clause|pair.type_prior
PMC7086412_01,PMC7086412,TREATED_WITH,affirmed,Concept,40,44,C0030563,Finding,para,77,85,C0011209,Treatment,Delivery,presented to,50,62,PRESENT,0,144,6,False,1.114,score.trigger_weight|pair.dist_4_10|pair.cross_clause|pair.type_prior
PMC7086412_01,PMC7086412,HAS_DIAGNOSIS,historical,Person,,,,Person,,206,218,C0015927,Diagnosis,fetal demise,diagnosed,158,167,DIAGNOSE,145,293,10,False,2.727,score.trigger_weight|pair.dist_4_10|pair.cross_clause|pair.patient_anchor
PMC7086412_01,PMC7086412,HAS_FINDING,historical,Concept,206,218,C0015927,Diagnosis,fetal demise,283,292,C0549206,Finding,pregnancy,certified,226,235,,145,293,10,True,3.307,score.trigger_weight|pair.dist_4_10|pair.same_clause|pair.type_prior
PMC7086412_01,PMC7086412,TREATED_WITH,affirmed,Person,,,,Person,,469,476,C0017725,Treatment,glucose,noted,428,433,REVEAL,395,644,14,False,1.027,score.trigger_weight|pair.dist_gt_10|pair.cross_clause|pair.patient_anchor
PMC7086412_01,PMC7086412,HAS_FINDING,affirmed,Person,,,,Person,,803,811,C0549206,Finding,pregnant,performed,787,796,TREAT,732,897,12,False,1.027,score.trigger_weight|pair.dist_gt_10|pair.cross_clause|pair.patient_anchor
PMC7086412_01,PMC7086412,HAS_FINDING,negated,Concept,824,848,C3669205,Treatment,blood glucose monitoring,875,892,C5203192,Finding,weeks gestational,repeated after,857,871,,732,897,5,True,2.494,score.trigger_weight|pair.dist_4_10|pair.same_clause
PMC7086412_01,PMC7086412,HAS_DIAGNOSIS,affirmed,Concept,1566,1574,C0011847,Diagnosis,diabetes,1619,1627,C0011847,Diagnosis,Diabetes,based on,1575,1583,,1033,1640,7,True,2.694,score.trigger_weight|pair.dist_4_10|pair.same_clause|pair.type_prior
PMC7086412_01,PMC7086412,TREATED_WITH,affirmed,Concept,1301,1320,C0311370,Diagnosis,lupus anticoagulant,1321,1331,C0003241,Treatment,antibodies,,,,,1033,1640,0,True,1.8,pair.no_trigger|pair.dist_0|pair.same_clause|pair.type_prior
PMC7086412_01,PMC7086412,COORDINATE_WITH,affirmed,Concept,1393,1417,C0584960,Diagnosis,factor V Leiden mutation,1423,1448,C1260403,Diagnosis,prothrombin gene mutation,,,,,1033,1640,1,False,1.2,pair.no_trigger|pair.dist_1_3|pair.cross_clause|pair.type_prior|pair.coordinate
PMC7086412_01,PMC7086412,HAS_FINDING,affirmed,Concept,1423,1448,C1260403,Diagnosis,prothrombin gene mutation,1467,1478,C1704258,Finding,abnormality,,,,,1033,1640,5,True,1.0,pair.no_trigger|pair.dist_4_10|pair.same_clause|pair.type_prior
PMC7086412_01,PMC7086412,TREATED_WITH,affirmed,Person,,,,Person,,1749,1767,C0259787,Treatment,induction of labor,underwent,1736,1745,TREAT,1724,1870,4,False,2.727,score.trigger_weight|pair.dist_4_10|pair.cross_clause|pair.patient_anchor
PMC7086412_01,PMC7086412,TREATED_WITH,affirmed,Concept,1789,1800,C0085174,Treatment,misoprostol,1813,1820,C0733348,Treatment,Pitocin,followed by,1801,1812,,1724,1870,2,True,3.494,score.trigger_weight|pair.dist_1_3|pair.same_clause|pair.type_prior
PMC7086412_01,PMC7086412,TREATED_WITH,affirmed,Concept,1789,1800,C0085174,Treatment,misoprostol,1821,1833,C1293122,Treatment,augmentation,followed by,1801,1812,,1724,1870,3,True,5.494,score.trigger_weight|pair.dist_1_3|pair.same_clause|pair.type_prior|pair.coordinate
PMC7086412_01,PMC7086412,TREATED_WITH,affirmed,Concept,1789,1800,C0085174,Treatment,misoprostol,1838,1869,C1384591,Treatment,artificial rupture of membranes,followed by,1801,1812,,1724,1870,5,False,5.494,score.trigger_weight|pair.dist_1_3|pair.same_clause|pair.type_prior|pair.coordinate
PMC7086412_01,PMC7086412,COORDINATE_WITH,affirmed,Concept,1813,1820,C0733348,Treatment,Pitocin,1821,1833,C1293122,Treatment,augmentation,,,,,1724,1870,0,True,3.0,pair.no_trigger|pair.dist_0|pair.same_clause|pair.type_prior|pair.coordinate
PMC7086412_01,PMC7086412,COORDINATE_WITH,affirmed,Concept,1821,1833,C1293122,Treatment,augmentation,1838,1869,C1384591,Treatment,artificial rupture of membranes,,,,,1724,1870,1,False,1.2,pair.no_trigger|pair.dist_1_3|pair.cross_clause|pair.type_prior|pair.coordinate
PMC7086412_01,PMC7086412,HAS_DIAGNOSIS,affirmed,Concept,1875,1878,C5551868,Finding,met,1892,1904,C0032914,Diagnosis,preeclampsia,,,,,1871,1956,2,True,1.9,pair.no_trigger|pair.dist_1_3|pair.same_clause|pair.type_prior
PMC7086412_01,PMC7086412,HAS_DIAGNOSIS,affirmed,Person,,,,Person,,1984,1992,C0012359,Diagnosis,dilation,progressed to,1961,1974,,1957,2036,4,False,1.994,score.trigger_weight|pair.dist_4_10|pair.cross_clause|pair.patient_anchor
PMC7086412_01,PMC7086412,LOCATED_IN,affirmed,Person,,,,Person,,2125,2129,C0018670,BodyPart,head,initiated,2049,2058,TREAT,2037,2144,12,False,1.027,score.trigger_weight|pair.dist_gt_10|pair.cross_clause|pair.patient_anchor
PMC7086412_01,PMC7086412,LOCATED_IN,affirmed,Person,,,,Person,,2363,2367,C0018670,BodyPart,head,applied,2311,2318,,2298,2368,10,False,2.007,score.trigger_weight|pair.dist_4_10|pair.cross_clause|pair.patient_anchor
PMC7086412_01,PMC7086412,LOCATED_IN,affirmed,Concept,2474,2492,C0473306,Treatment,McRoberts maneuver,2498,2508,C1550314,BodyPart,suprapubic,,,,,2474,2547,1,True,1.6,pair.no_trigger|pair.dist_1_3|pair.same_clause|pair.type_prior
PMC7086412_01,PMC7086412,LOCATED_IN,affirmed,Concept,2699,2717,C0473306,Treatment,McRoberts maneuver,2723,2733,C1550314,BodyPart,suprapubic,,,,,2699,2816,1,True,1.6,pair.no_trigger|pair.dist_1_3|pair.same_clause|pair.type_prior
PMC7086412_01,PMC7086412,TREATED_WITH,negated,Person,,,,Person,,2858,2866,C0011209,Treatment,delivery,repeated in,2842,2853,,2817,2926,7,False,1.994,score.trigger_weight|pair.dist_4_10|pair.cross_clause|pair.patient_anchor
PMC7086412_01,PMC7086412,TREATED_WITH,affirmed,Person,,,,Person,,3106,3119,C0017887,Treatment,nitroglycerin,achieved with,3062,3075,,3039,3120,9,False,1.994,score.trigger_weight|pair.dist_4_10|pair.cross_clause|pair.patient_anchor
PMC7086412_01,PMC7086412,LOCATED_IN,affirmed,Person,,,,Person,,3147,3155,C0037004,BodyPart,shoulder,allowed,3126,3133,,3121,3298,4,False,2.007,score.trigger_weight|pair.dist_4_10|pair.cross_clause|pair.patient_anchor
PMC7086412_01,PMC7086412,TREATED_WITH,affirmed,Concept,3147,3155,C0037004,BodyPart,shoulder,3179,3200,C0473307,Treatment,Wood's Screw maneuver,disimpacted with,3162,3178,,3121,3298,4,True,2.494,score.trigger_weight|pair.dist_4_10|pair.same_clause
PMC7086412_01,PMC7086412,CAUSED_BY,affirmed,Concept,3179,3200,C0473307,Treatment,Wood's Screw maneuver,3218,3226,C0011209,Treatment,delivery,resulting in,3201,3213,CAUSE,3121,3298,3,True,3.854,score.trigger_weight|pair.dist_1_3|pair.same_clause|pair.type_prior
PMC7086412_02,PMC7086412,TREATED_WITH,affirmed,Concept,27,31,C0030563,Finding,para,65,73,C0011209,Treatment,Delivery,presented to,38,50,PRESENT,0,174,6,False,1.114,score.trigger_weight|pair.dist_4_10|pair.cross_clause|pair.type_prior
PMC7086412_02,PMC7086412,HAS_FINDING,affirmed,Concept,113,128,C2053598,Finding,gestational age,136,145,C5441521,Finding,complaint,,,,,0,174,2,True,1.2,pair.no_trigger|pair.dist_1_3|pair.same_clause|pair.type_prior
PMC7086412_02,PMC7086412,REVEALED_BY,affirmed,Person,,,,Person,,213,225,C0015927,Diagnosis,fetal demise,found to,183,191,REVEAL,175,226,7,False,2.354,score.trigger_weight|pair.dist_4_10|pair.cross_clause|pair.patient_anchor
PMC7086412_02,PMC7086412,HAS_FINDING,affirmed,Concept,330,352,C0017741,Exam,glucose tolerance test,394,411,C5203192,Finding,weeks gestational,,,,,227,503,6,True,1.2,pair.no_trigger|pair.dist_4_10|pair.same_clause|pair.type_prior
PMC7086412_02,PMC7086412,HAS_FINDING,affirmed,Person,,,,Person,,664,671,C0015663,Finding,fasting,performed with,649,663,TREAT,609,760,9,False,2.354,score.trigger_weight|pair.dist_4_10|pair.cross_clause|pair.patient_anchor
PMC7086412_02,PMC7086412,CAUSED_BY,negated,Concept,777,796,C0271650,Diagnosis,glucose intolerance,822,828,C0087136,Finding,single,made due to,801,812,CAUSE,761,879,6,True,3.169,score.trigger_weight|pair.dist_4_10|pair.same_clause|pair.type_prior
PMC7086412_02,PMC7086412,HAS_DIAGNOSIS,negated,Concept,761,773,C0686906,Finding,No diagnosis,777,796,C0271650,Diagnosis,glucose intolerance,,,,,761,879,1,True,1.9,pair.no_trigger|pair.dist_1_3|pair.same_clause|pair.type_prior
PMC7086412_02,PMC7086412,HAS_FINDING,affirmed,Person,,,,Person,,937,954,C5203192,Finding,weeks gestational,undergo,899,906,TREAT,880,1012,11,False,1.027,score.trigger_weight|pair.dist_gt_10|pair.cross_clause|pair.patient_anchor
PMC7086412_02,PMC7086412,CAUSED_BY,affirmed,Person,,,,Person,,1052,1059,C0015663,Finding,fasting,resulted with,1038,1051,CAUSE,1013,1148,8,False,2.354,score.trigger_weight|pair.dist_4_10|pair.cross_clause|pair.patient_anchor
PMC7086412_02,PMC7086412,CAUSED_BY,negated,Concept,1172,1191,C0271650,Diagnosis,glucose intolerance,1217,1223,C0087136,Finding,single,made due to,1196,1207,CAUSE,1149,1239,6,True,3.169,score.trigger_weight|pair.dist_4_10|pair.same_clause|pair.type_prior
PMC7086412_02,PMC7086412,HAS_DIAGNOSIS,negated,Concept,1156,1168,C0686906,Finding,no diagnosis,1172,1191,C0271650,Diagnosis,glucose intolerance,,,,,1149,1239,1,True,1.9,pair.no_trigger|pair.dist_1_3|pair.same_clause|pair.type_prior
PMC7086412_02,PMC7086412,HAS_DIAGNOSIS,affirmed,Concept,1507,1515,C0011847,Diagnosis,diabetes,1560,1568,C0011847,Diagnosis,Diabetes,based on,1516,1524,,1399,1581,7,True,2.694,score.trigger_weight|pair.dist_4_10|pair.same_clause|pair.type_prior
PMC7086412_02,PMC7086412,TREATED_WITH,affirmed,Person,,,,Person,,1607,1625,C0259787,Treatment,induction of labor,underwent,1594,1603,TREAT,1582,1728,4,False,2.727,score.trigger_weight|pair.dist_4_10|pair.cross_clause|pair.patient_anchor
PMC7086412_02,PMC7086412,TREATED_WITH,affirmed,Concept,1647,1658,C0085174,Treatment,misoprostol,1671,1678,C0733348,Treatment,Pitocin,followed by,1659,1670,,1582,1728,2,True,3.494,score.trigger_weight|pair.dist_1_3|pair.same_clause|pair.type_prior
PMC7086412_02,PMC7086412,TREATED_WITH,affirmed,Concept,1647,1658,C0085174,Treatment,misoprostol,1679,1691,C1293122,Treatment,augmentation,followed by,1659,1670,,1582,1728,3,True,5.494,score.trigger_weight|pair.dist_1_3|pair.same_clause|pair.type_prior|pair.coordinate
PMC7086412_02,PMC7086412,TREATED_WITH,affirmed,Concept,1647,1658,C0085174,Treatment,misoprostol,1696,1727,C1384591,Treatment,artificial rupture of membranes,followed by,1659,1670,,1582,1728,5,False,5.494,score.trigger_weight|pair.dist_1_3|pair.same_clause|pair.type_prior|pair.coordinate
PMC7086412_02,PMC7086412,COORDINATE_WITH,affirmed,Concept,1671,1678,C0733348,Treatment,Pitocin,1679,1691,C1293122,Treatment,augmentation,,,,,1582,1728,0,True,3.0,pair.no_trigger|pair.dist_0|pair.same_clause|pair.type_prior|pair.coordinate
PMC7086412_02,PMC7086412,COORDINATE_WITH,affirmed,Concept,1679,1691,C1293122,Treatment,augmentation,1696,1727,C1384591,Treatment,artificial rupture of membranes,,,,,1582,1728,1,False,1.2,pair.no_trigger|pair.dist_1_3|pair.cross_clause|pair.type_prior|pair.coordinate
PMC7086412_02,PMC7086412,HAS_DIAGNOSIS,affirmed,Concept,1733,1736,C5551868,Finding,met,1750,1762,C0032914,Diagnosis,preeclampsia,,,,,1729,1814,2,True,1.9,pair.no_trigger|pair.dist_1_3|pair.same_clause|pair.type_prior
PMC7086412_02,PMC7086412,HAS_DIAGNOSIS,affirmed,Person,,,,Person,,1842,1850,C0012359,Diagnosis,dilation,progressed to,1819,1832,,1815,1880,4,False,1.994,score.trigger_weight|pair.dist_4_10|pair.cross_clause|pair.patient_anchor
PMC7086412_02,PMC7086412,TREATED_WITH,affirmed,Person,,,,Person,,1940,1948,C0011209,Treatment,delivery,initiated,1893,1902,TREAT,1881,1967,8,False,2.727,score.trigger_weight|pair.dist_4_10|pair.cross_clause|pair.patient_anchor
PMC7086412_02,PMC7086412,LOCATED_IN,affirmed,Concept,1940,1948,C0011209,Treatment,delivery,1962,1966,C0018670,BodyPart,head,,,,,1881,1967,3,True,1.6,pair.no_trigger|pair.dist_1_3|pair.same_clause|pair.type_prior
PMC7086412_02,PMC7086412,LOCATED_IN,affirmed,Concept,2082,2100,C0473306,Treatment,McRoberts maneuver,2106,2116,C1550314,BodyPart,suprapubic,,,,,2082,2155,1,True,1.6,pair.no_trigger|pair.dist_1_3|pair.same_clause|pair.type_prior
PMC7086412_02,PMC7086412,LOCATED_IN,affirmed,Person,,,,Person,,2282,2290,C0037004,BodyPart,shoulder,rotated into,2241,2253,,2225,2309,10,False,1.994,score.trigger_weight|pair.dist_4_10|pair.cross_clause|pair.patient_anchor
PMC7086412_02,PMC7086412,LOCATED_IN,affirmed,Person,,,,Person,,2333,2337,C1995000,BodyPart,back,turned,2326,2332,,2310,2411,4,False,2.007,score.trigger_weight|pair.dist_4_10|pair.cross_clause|pair.patient_anchor
PMC7086412_02,PMC7086412,LOCATED_IN,affirmed,Concept,2473,2481,C0011209,Treatment,Delivery,2499,2502,C1140618,BodyPart,arm,,,,,2473,2547,3,True,1.6,pair.no_trigger|pair.dist_1_3|pair.same_clause|pair.type_prior
PMC7086412_02,PMC7086412,TREATED_WITH,affirmed,Concept,2560,2566,C0004454,BodyPart,axilla,2602,2614,C0086225,Treatment,feeding tube,placed using,2577,2589,TREAT,2548,2615,6,True,2.314,score.trigger_weight|pair.dist_4_10|pair.same_clause
PMC7086412_02,PMC7086412,CAUSED_BY,affirmed,Concept,3006,3023,C0269825,Diagnosis,shoulder dystocia,3041,3049,C0011209,Treatment,delivery,resulting in,3024,3036,CAUSE,2969,3117,3,True,4.654,score.trigger_weight|pair.dist_1_3|pair.same_clause|pair.type_prior
PMC7102447_01,PMC7102447,HAS_SYMPTOM,historical,Concept,108,146,C0553895,Treatment,bioprosthetic mitral valve replacement,225,245,C0476273,Symptom,respiratory distress,presented with,203,217,PRESENT,0,276,14,True,1.154,score.trigger_weight|pair.dist_gt_10|pair.same_clause
PMC7102447_01,PMC7102447,TREATED_WITH,historical,Concept,225,245,C0476273,Symptom,respiratory distress,265,275,C0021925,Treatment,intubation,requiring,246,255,,0,276,2,True,3.307,score.trigger_weight|pair.dist_1_3|pair.same_clause|pair.type_prior
PMC7102447_01,PMC7102447,HAS_DIAGNOSIS,historical,Concept,26,46,C0455458,Finding,past medical history,63,75,C0020538,Diagnosis,hypertension,,,,,0,276,2,True,1.9,pair.no_trigger|pair.dist_1_3|pair.same_clause|pair.type_prior
PMC7102447_01,PMC7102447,COORDINATE_WITH,affirmed,Concept,63,75,C0020538,Diagnosis,hypertension,77,83,C0004096,Diagnosis,asthma,,,,,0,276,0,False,1.0,pair.no_trigger|pair.dist_0|pair.cross_clause|pair.type_prior|pair.coordinate
PMC7102447_01,PMC7102447,REVEALED_BY,affirmed,Concept,285,307,C1623258,Exam,electrocardiogram (EKG,318,330,C0232201,Finding,sinus rhythm,revealed,309,317,REVEAL,277,435,1,True,5.027,score.trigger_weight|pair.dist_1_3|pair.same_clause|pair.type_prior
PMC7102447_01,PMC7102447,REVEALED_BY,affirmed,Concept,285,307,C1623258,Exam,electrocardiogram (EKG,336,366,C0264912,Diagnosis,left anterior fascicular block,revealed,309,317,REVEAL,277,435,4,True,7.027,score.trigger_weight|pair.dist_1_3|pair.same_clause|pair.type_prior|pair.coordinate
PMC7102447_01,PMC7102447,REVEALED_BY,affirmed,Concept,285,307,C1623258,Exam,electrocardiogram (EKG,368,393,C0085615,Diagnosis,right bundle branch block,revealed,309,317,REVEAL,277,435,8,False,7.027,score.trigger_weight|pair.dist_1_3|pair.same_clause|pair.type_prior|pair.coordinate
PMC7102447_01,PMC7102447,COORDINATE_WITH,affirmed,Concept,318,330,C0232201,Finding,sinus rhythm,336,366,C0264912,Diagnosis,left anterior fascicular block,,,,,277,435,1,True,3.9,pair.no_trigger|pair.dist_1_3|pair.same_clause|pair.type_prior|pair.coordinate
PMC7102447_01,PMC7102447,COORDINATE_WITH,affirmed,Concept,336,366,C0264912,Diagnosis,left anterior fascicular block,368,393,C0085615,Diagnosis,right bundle branch block,,,,,277,435,0,False,1.0,pair.no_trigger|pair.dist_0|pair.cross_clause|pair.type_prior|pair.coordinate
PMC7102447_01,PMC7102447,REVEALED_BY,affirmed,Person,,,,Person,,593,596,C0525032,Finding,INR,revealed,581,589,REVEAL,557,635,4,False,2.727,score.trigger_weight|pair.dist_4_10|pair.cross_clause|pair.patient_anchor
PMC7102447_01,PMC7102447,REVEALED_BY,affirmed,Concept,830,835,C0817096,BodyPart,chest,910,928,C0013604,Diagnosis,interstitial edema,revealed,836,844,REVEAL,636,946,9,False,1.227,score.trigger_weight|pair.dist_4_10|pair.cross_clause
PMC7102447_01,PMC7102447,REVEALED_BY,affirmed,Concept,830,835,C0817096,BodyPart,chest,933,945,C0018800,Finding,cardiomegaly,revealed,836,844,REVEAL,636,946,12,False,3.227,score.trigger_weight|pair.dist_4_10|pair.cross_clause|pair.coordinate
PMC7102447_01,PMC7102447,COORDINATE_WITH,affirmed,Concept,722,729,C0019134,Treatment,heparin,730,738,C0574032,Treatment,infusion,,,,,636,946,0,True,3.0,pair.no_trigger|pair.dist_0|pair.same_clause|pair.type_prior|pair.coordinate
PMC7102447_01,PMC7102447,HAS_DIAGNOSIS,affirmed,Concept,730,738,C0574032,Treatment,infusion,756,784,C0948089,Diagnosis,acute coronary syndrome (ACS,,,,,636,946,3,True,1.18,pair.no_trigger|pair.dist_1_3|pair.same_clause|pair.type_prior
PMC7102447_01,PMC7102447,COORDINATE_WITH,affirmed,Concept,787,806,C0040405,Exam,computed tomography,807,816,C0002978,Exam,angiogram,,,,,636,946,0,True,2.9,pair.no_trigger|pair.dist_0|pair.same_clause|pair.type_prior|pair.coordinate
PMC7102447_01,PMC7102447,LOCATED_IN,affirmed,Concept,807,816,C0002978,Exam,angiogram,830,835,C0817096,BodyPart,chest,,,,,636,946,3,True,1.4,pair.no_trigger|pair.dist_1_3|pair.same_clause|pair.type_prior
PMC7102447_01,PMC7102447,COORDINATE_WITH,affirmed,Concept,910,928,C0013604,Diagnosis,interstitial edema,933,945,C0018800,Finding,cardiomegaly,,,,,636,946,1,False,1.8,pair.no_trigger|pair.dist_1_3|pair.cross_clause|pair.type_prior|pair.coordinate
PMC7102447_01,PMC7102447,HAS_DIAGNOSIS,affirmed,Concept,979,982,C0206054,Exam,TEE,1015,1025,C0040053,Diagnosis,thrombosis,performed,988,997,TREAT,947,1184,5,True,4.227,score.trigger_weight|pair.dist_4_10|pair.same_clause|pair.type_prior
PMC7102447_01,PMC7102447,LOCATED_IN,affirmed,Concept,1015,1025,C0040053,Diagnosis,thrombosis,1047,1059,C0026264,BodyPart,mitral valve,,,,,947,1184,3,True,1.81,pair.no_trigger|pair.dist_1_3|pair.same_clause|pair.type_prior
PMC7102447_01,PMC7102447,HAS_DIAGNOSIS,affirmed,Concept,1047,1059,C0026264,BodyPart,mitral valve,1072,1087,C0026269,Diagnosis,mitral stenosis,,,,,947,1184,2,True,1.0,pair.no_trigger|pair.dist_1_3|pair.same_clause
PMC7102447_01,PMC7102447,COORDINATE_WITH,affirmed,Concept,1072,1087,C0026269,Diagnosis,mitral stenosis,1092,1105,C2004489,Symptom,regurgitation,,,,,947,1184,1,False,1.8,pair.no_trigger|pair.dist_1_3|pair.cross_clause|pair.type_prior|pair.coordinate
PMC7102447_01,PMC7102447,TREATED_WITH,affirmed,Person,,,,Person,,1270,1308,C0553895,Treatment,bioprosthetic mitral valve replacement,note,1188,1192,REVEAL,1185,1346,13,False,1.027,score.trigger_weight|pair.dist_gt_10|pair.cross_clause|pair.patient_anchor
PMC7102447_01,PMC7102447,REVEALED_BY,affirmed,Person,,,,Person,,1373,1386,C4489118,Finding,near complete,found to,1359,1367,REVEAL,1347,1517,6,False,2.354,score.trigger_weight|pair.dist_4_10|pair.cross_clause|pair.patient_anchor
PMC7102447_01,PMC7102447,LOCATED_IN,affirmed,Concept,1373,1386,C4489118,Finding,near complete,1447,1459,C0026264,BodyPart,mitral valve,underwent,1423,1432,TREAT,1347,1517,7,False,1.657,score.trigger_weight|pair.dist_4_10|pair.cross_clause|pair.type_prior
PMC7102447_01,PMC7102447,REVEALED_BY,affirmed,Concept,1726,1729,C0206054,Exam,TEE,1746,1772,C5818474,Finding,mitral valve mean gradient,showed,1730,1736,REVEAL,1682,1796,3,True,5.027,score.trigger_weight|pair.dist_1_3|pair.same_clause|pair.type_prior
PMC7519975_01,PMC7519975,TREATED_WITH,historical,Concept,57,85,C0455488,Finding,history of diabetes mellitus,89,96,C0021641,Treatment,insulin,,,,,0,261,1,True,1.26,pair.no_trigger|pair.dist_1_3|pair.same_clause|pair.type_prior
PMC7519975_01,PMC7519975,HAS_DIAGNOSIS,affirmed,Concept,106,116,C0010280,Treatment,craniotomy,121,131,C0025286,Diagnosis,meningioma,,,,,0,261,1,True,1.18,pair.no_trigger|pair.dist_1_3|pair.same_clause|pair.type_prior
PMC7519975_01,PMC7519975,HAS_FINDING,affirmed,Concept,121,131,C0025286,Diagnosis,meningioma,170,175,C1442858,Finding,shunt,,,,,0,261,4,True,1.0,pair.no_trigger|pair.dist_4_10|pair.same_clause|pair.type_prior
PMC7519975_01,PMC7519975,TREATED_WITH,affirmed,Concept,170,175,C1442858,Finding,shunt,176,185,C0021107,Treatment,placement,,,,,0,261,0,True,1.06,pair.no_trigger|pair.dist_0|pair.same_clause|pair.type_prior
PMC7519975_01,PMC7519975,COORDINATE_WITH,affirmed,Concept,239,249,C0013144,Finding,drowsiness,254,260,C0042963,Symptom,emesis,,,,,0,261,1,False,1.0,pair.no_trigger|pair.dist_1_3|pair.cross_clause|pair.coordinate
PMC7519975_01,PMC7519975,LOCATED_IN,affirmed,Concept,294,301,C0000726,BodyPart,abdomen,328,339,C0021852,BodyPart,small bowel,revealed,302,310,REVEAL,262,478,4,True,2.927,score.trigger_weight|pair.dist_4_10|pair.same_clause|pair.type_prior
PMC7519975_01,PMC7519975,LOCATED_IN,affirmed,Concept,283,285,C0040405,Exam,CT,294,301,C0000726,BodyPart,abdomen,,,,,262,478,2,True,1.4,pair.no_trigger|pair.dist_1_3|pair.same_clause|pair.type_prior
PMC7519975_01,PMC7519975,HAS_FINDING,affirmed,Concept,365,372,C0000726,BodyPart,abdomen,378,388,C0205400,Finding,thickening,,,,,262,478,1,True,1.0,pair.no_trigger|pair.dist_1_3|pair.same_clause
PMC7519975_01,PMC7519975,HAS_DIAGNOSIS,hedged,Concept,420,425,C1442858,Finding,shunt,441,453,C0021368,Diagnosis,inflammation,,,,,262,478,2,True,1.9,pair.no_trigger|pair.dist_1_3|pair.same_clause|pair.type_prior
PMC7519975_01,PMC7519975,LOCATED_IN,hedged,Concept,441,453,C0021368,Diagnosis,inflammation,461,466,C0021853,BodyPart,bowel,,,,,262,478,2,True,1.81,pair.no_trigger|pair.dist_1_3|pair.same_clause|pair.type_prior
PMC7519975_01,PMC7519975,REVEALED_BY,affirmed,Concept,479,486,C0202691,Exam,CT head,505,518,C0333548,Diagnosis,acute infarct,revealed areas of,487,504,REVEAL,479,700,3,True,3.669,score.trigger_weight|pair.dist_1_3|pair.same_clause|pair.type_prior
PMC7519975_01,PMC7519975,LOCATED_IN,affirmed,Concept,505,518,C0333548,Diagnosis,acute infarct,538,548,C0006121,BodyPart,brain stem,involving,524,533,LOCATE,479,700,3,True,4.837,score.trigger_weight|pair.dist_1_3|pair.same_clause|pair.type_prior
PMC7519975_01,PMC7519975,HAS_DIAGNOSIS,affirmed,Concept,600,611,C1293134,Treatment,enlargement,654,681,C0240059,Diagnosis,intraventricular hemorrhage,left-sided,643,653,,479,700,6,True,2.687,score.trigger_weight|pair.dist_4_10|pair.same_clause|pair.type_prior
PMC7519975_01,PMC7519975,LOCATED_IN,affirmed,Person,,,,Person,,732,743,C0000726,BodyPart,abdomen and,due to,701,707,CAUSE,701,842,7,False,2.054,score.trigger_weight|pair.dist_4_10|pair.cross_clause|pair.patient_anchor
PMC7519975_01,PMC7519975,HAS_DIAGNOSIS,affirmed,Concept,772,777,C1442858,Finding,shunt,788,813,C1112209,Diagnosis,intra-abdominal infection,,,,,701,842,2,True,1.9,pair.no_trigger|pair.dist_1_3|pair.same_clause|pair.type_prior
PMC7519975_01,PMC7519975,HAS_FINDING,affirmed,Person,,,,Person,,904,909,C1442858,Finding,shunt,underwent externalization of,868,896,TREAT,843,922,8,False,1.369,score.trigger_weight|pair.dist_4_10|pair.cross_clause|pair.patient_anchor
PMC7519975_01,PMC7519975,LOCATED_IN,affirmed,Concept,904,909,C1442858,Finding,shunt,917,921,C0027530,BodyPart,neck,,,,,843,922,2,True,1.43,pair.no_trigger|pair.dist_1_3|pair.same_clause|pair.type_prior
PMC7519975_01,PMC7519975,TREATED_WITH,affirmed,Concept,945,952,C0543467,Treatment,surgery,982,989,C2947996,Treatment,perform,consulted,957,966,,923,1038,5,True,2.707,score.trigger_weight|pair.dist_4_10|pair.same_clause|pair.type_prior
PMC7519975_01,PMC7519975,TREATED_WITH,affirmed,Concept,982,989,C2947996,Treatment,perform,1005,1015,C0023038,Treatment,laparotomy,,,,,923,1038,2,True,1.2,pair.no_trigger|pair.dist_1_3|pair.same_clause|pair.type_prior
PMC7519975_01,PMC7519975,HAS_SYMPTOM,affirmed,Concept,1005,1015,C0023038,Treatment,laparotomy,1024,1037,C0000727,Symptom,acute abdomen,,,,,923,1038,2,True,1.0,pair.no_trigger|pair.dist_1_3|pair.same_clause
PMC7519975_01,PMC7519975,REVEALED_BY,affirmed,Person,,,,Person,,1081,1104,C1272641,Finding,arterial blood pressure,showed,1060,1066,REVEAL,1039,1267,6,False,2.727,score.trigger_weight|pair.dist_4_10|pair.cross_clause|pair.patient_anchor
PMC7519975_01,PMC7519975,HAS_FINDING,affirmed,Concept,1137,1142,C0018787,BodyPart,heart,1174,1193,C0232202,Finding,normal sinus rhythm,ranging from,1152,1164,,1039,1267,7,True,2.314,score.trigger_weight|pair.dist_4_10|pair.same_clause
PMC7519975_01,PMC7519975,REVEALED_BY,affirmed,Concept,1304,1307,C1623258,Exam,ECG,1316,1335,C0232202,Finding,normal sinus rhythm,showed,1309,1315,REVEAL,1268,1379,1,True,5.027,score.trigger_weight|pair.dist_1_3|pair.same_clause|pair.type_prior
PMC7519975_01,PMC7519975,HAS_FINDING,affirmed,Person,,,,Person,,1969,1978,C4319571,Finding,high risk,deemed to,1953,1962,,1937,2124,7,False,1.994,score.trigger_weight|pair.dist_4_10|pair.cross_clause|pair.patient_anchor
PMC7519975_01,PMC7519975,HAS_DIAGNOSIS,affirmed,Concept,1969,1978,C4319571,Finding,high risk,1993,2006,C0741923,Diagnosis,cardiac event,,,,,1937,2124,3,True,1.9,pair.no_trigger|pair.dist_1_3|pair.same_clause|pair.type_prior
PMC7519975_01,PMC7519975,TREATED_WITH,affirmed,Concept,1993,2006,C0741923,Diagnosis,cardiac event,2017,2024,C0543467,Treatment,surgery,,,,,1937,2124,2,True,2.0,pair.no_trigger|pair.dist_1_3|pair.same_clause|pair.type_prior
PMC7519975_01,PMC7519975,COORDINATE_WITH,affirmed,Concept,2043,2064,C0027051,Diagnosis,myocardial infarction,2069,2083,C0018790,Diagnosis,cardiac arrest,,,,,1937,2124,1,False,1.2,pair.no_trigger|pair.dist_1_3|pair.cross_clause|pair.type_prior|pair.coordinate
PMC7519975_01,PMC7519975,COORDINATE_WITH,affirmed,Concept,2069,2083,C0018790,Diagnosis,cardiac arrest,2084,2098,C3845590,Finding,within 30 days,,,,,1937,2124,0,True,3.6,pair.no_trigger|pair.dist_0|pair.same_clause|pair.type_prior|pair.coordinate
PMC7519975_01,PMC7519975,TREATED_WITH,affirmed,Concept,2084,2098,C3845590,Finding,within 30 days,2116,2123,C0543467,Treatment,surgery,,,,,1937,2124,2,True,1.26,pair.no_trigger|pair.dist_1_3|pair.same_clause|pair.type_prior
PMC7519975_01,PMC7519975,HAS_FINDING,affirmed,Person,,,,Person,,2137,2149,C3176821,Finding,Cardiac Risk,revised,2129,2136,,2125,2326,2,False,2.807,score.trigger_weight|pair.dist_1_3|pair.cross_clause|pair.patient_anchor
PMC7519975_01,PMC7519975,HAS_FINDING,affirmed,Concept,2199,2207,C1319796,Finding,class IV,2236,2251,C4760449,Finding,intraperitoneal,based on,2214,2222,,2125,2326,5,True,2.694,score.trigger_weight|pair.dist_4_10|pair.same_clause|pair.type_prior
PMC7519975_01,PMC7519975,TREATED_WITH,affirmed,Concept,2236,2251,C4760449,Finding,intraperitoneal,2252,2259,C0543467,Treatment,surgery,,,,,2125,2326,0,True,1.06,pair.no_trigger|pair.dist_0|pair.same_clause|pair.type_prior
PMC7519975_01,PMC7519975,CAUSED_BY,affirmed,Person,,,,Person,,2370,2377,C0543467,Treatment,surgery,due to,2327,2333,CAUSE,2327,2482,8,False,2.054,score.trigger_weight|pair.dist_4_10|pair.cross_clause|pair.patient_anchor
PMC7519975_01,PMC7519975,HAS_FINDING,affirmed,Concept,2392,2402,C0557061,Treatment,discussion,2421,2442,C0421492,Finding,patient's next of kin,done with,2407,2416,,2327,2482,4,True,2.314,score.trigger_weight|pair.dist_4_10|pair.same_clause
PMC7519975_01,PMC7519975,TREATED_WITH,affirmed,Concept,2421,2442,C0421492,Finding,patient's next of kin,2474,2481,C0543467,Treatment,surgery,agreed to,2447,2456,,2327,2482,6,True,2.754,score.trigger_weight|pair.dist_4_10|pair.same_clause|pair.type_prior
PMC7519975_01,PMC7519975,HAS_DIAGNOSIS,affirmed,Person,,,,Person,,2700,2708,C0018790,Diagnosis,asystole,started,2657,2664,TREAT,2618,2709,10,False,2.727,score.trigger_weight|pair.dist_4_10|pair.cross_clause|pair.patient_anchor
PMC7519975_01,PMC7519975,TREATED_WITH,affirmed,Concept,2751,2754,C0007203,Treatment,CPR,2823,2835,C0521300,Treatment,life support,initiated as per,2769,2785,TREAT,2710,2853,9,True,2.929,score.trigger_weight|pair.dist_4_10|pair.same_clause|pair.type_prior
PMC7519975_01,PMC7519975,TREATED_WITH,affirmed,Concept,3053,3059,C0458827,BodyPart,airway,3073,3080,C0543467,Treatment,surgery,place for,3063,3072,TREAT,3017,3081,3,True,3.294,score.trigger_weight|pair.dist_1_3|pair.same_clause
PMC7519975_01,PMC7519975,HAS_FINDING,negated,Person,,,,Person,,3298,3304,C0871269,Finding,rhythm,have,3281,3285,PRESENT,3261,3335,7,False,1.227,score.trigger_weight|pair.dist_4_10|pair.cross_clause|pair.patient_anchor
PMC7519975_01,PMC7519975,HAS_DIAGNOSIS,negated,Concept,3298,3304,C0871269,Finding,rhythm,3320,3334,C0018790,Diagnosis,cardiac arrest,,,,,3261,3335,2,True,1.9,pair.no_trigger|pair.dist_1_3|pair.same_clause|pair.type_prior
PMC7519975_01,PMC7519975,HAS_FINDING,affirmed,Person,,,,Person,,3478,3482,C1546956,Finding,dead,pronounced,3467,3477,,3445,3525,5,False,2.007,score.trigger_weight|pair.dist_4_10|pair.cross_clause|pair.patient_anchor
PMC7519975_01,PMC7519975,TREATED_WITH,negated,Concept,3795,3818,C1272641,Finding,arterial blood pressure,3855,3873,C0042397,Treatment,vasopressor agents,noted to,3823,3831,REVEAL,3776,3978,8,True,3.114,score.trigger_weight|pair.dist_4_10|pair.same_clause|pair.type_prior
PMC7519975_01,PMC7519975,COORDINATE_WITH,affirmed,Concept,3901,3913,C0232201,Finding,sinus rhythm,3919,3942,C0412771,Finding,spontaneous respiration,,,,,3776,3978,1,True,3.2,pair.no_trigger|pair.dist_1_3|pair.same_clause|pair.type_prior|pair.coordinate
PMC7519975_01,PMC7519975,TREATED_WITH,affirmed,Concept,4069,4076,C0543467,Treatment,Surgery,4128,4141,C1293095,Exam,reexploration,underwent,4118,4127,TREAT,4069,4142,7,False,1.227,score.trigger_weight|pair.dist_4_10|pair.cross_clause
PMC7519975_01,PMC7519975,LOCATED_IN,affirmed,Person,,,,Person,,4190,4195,C0020885,BodyPart,ileum,found to,4159,4167,REVEAL,4143,4287,8,False,2.354,score.trigger_weight|pair.dist_4_10|pair.cross_clause|pair.patient_anchor
PMC7519975_01,PMC7519975,LOCATED_IN,affirmed,Person,,,,Person,,4200,4211,C1305188,BodyPart,right colon,found to,4159,4167,REVEAL,4143,4287,10,False,4.354,score.trigger_weight|pair.dist_4_10|pair.cross_clause|pair.patient_anchor|pair.coordinate
PMC7519975_01,PMC7519975,CAUSED_BY,affirmed,Concept,4200,4211,C1305188,BodyPart,right colon,4233,4241,C0001511,Diagnosis,adhesion,secondary to,4212,4224,CAUSE,4143,4287,3,True,3.204,score.trigger_weight|pair.dist_1_3|pair.same_clause
PMC7519975_01,PMC7519975,HAS_FINDING,affirmed,Concept,4233,4241,C0001511,Diagnosis,adhesion,4281,4286,C1442858,Finding,shunt,involving,4268,4277,LOCATE,4143,4287,5,False,2.027,score.trigger_weight|pair.dist_4_10|pair.cross_clause|pair.type_prior
PMC7519975_01,PMC7519975,HAS_FINDING,affirmed,Person,,,,Person,,4661,4675,C0278252,Finding,poor prognosis,considering,4635,4646,,4635,4747,3,False,2.447,score.trigger_weight|pair.dist_1_3|pair.cross_clause|pair.patient_anchor
PMC7519975_01,PMC7519975,HAS_FINDING,affirmed,Concept,4719,4723,C1546956,Finding,died,4741,4746,C3842672,Finding,day 7,,,,,4635,4747,2,True,1.2,pair.no_trigger|pair.dist_1_3|pair.same_clause|pair.type_prior
PMC7718649_01,PMC7718649,HAS_DIAGNOSIS,affirmed,Person,,,,Person,,56,59,C0024141,Diagnosis,SLE,well-controlled,40,55,,0,60,9,False,2.007,score.trigger_weight|pair.dist_4_10|pair.cross_clause|pair.patient_anchor
PMC7718649_01,PMC7718649,TREATED_WITH,affirmed,Concept,89,92,C0024141,Diagnosis,SLE,96,113,C0993472,Treatment,prednisone (10 mg,,,,,61,181,1,True,2.0,pair.no_trigger|pair.dist_1_3|pair.same_clause|pair.type_prior
PMC7718649_01,PMC7718649,HAS_DIAGNOSIS,hedged,Person,,,,Person,,377,395,C5203671,Finding,suspected COVID-19,confirmed,364,373,DIAGNOSE,302,405,13,False,1.027,score.trigger_weight|pair.dist_gt_10|pair.cross_clause|pair.patient_anchor
PMC7718649_01,PMC7718649,HAS_SYMPTOM,affirmed,Person,,,,Person,,449,454,C0015967,Symptom,fever,presented,439,448,PRESENT,406,524,7,False,2.727,score.trigger_weight|pair.dist_4_10|pair.cross_clause|pair.patient_anchor
PMC7718649_01,PMC7718649,HAS_SYMPTOM,affirmed,Concept,468,472,C0610536,Treatment,39 C,479,485,C0085593,Symptom,chills,,,,,406,524,1,True,1.0,pair.no_trigger|pair.dist_1_3|pair.same_clause
PMC7718649_01,PMC7718649,COORDINATE_WITH,affirmed,Concept,479,485,C0085593,Symptom,chills,487,492,C0424790,Symptom,rigor,,,,,406,524,0,False,1.0,pair.no_trigger|pair.dist_0|pair.cross_clause|pair.type_prior|pair.coordinate
PMC7718649_01,PMC7718649,COORDINATE_WITH,affirmed,Concept,503,511,C0234233,Symptom,soreness,516,523,C0015672,Symptom,fatigue,,,,,406,524,1,False,1.2,pair.no_trigger|pair.dist_1_3|pair.cross_clause|pair.type_prior|pair.coordinate
PMC7718649_01,PMC7718649,HAS_FINDING,affirmed,Person,,,,Person,,558,570,C1997237,Finding,white sputum,coughed with,529,541,,525,584,6,False,1.994,score.trigger_weight|pair.dist_4_10|pair.cross_clause|pair.patient_anchor
PMC7718649_01,PMC7718649,HAS_SYMPTOM,affirmed,Person,,,,Person,,661,667,C0027497,Symptom,nausea,developed,651,660,PRESENT,633,738,5,False,2.727,score.trigger_weight|pair.dist_4_10|pair.cross_clause|pair.patient_anchor
PMC7718649_01,PMC7718649,HAS_FINDING,affirmed,Person,,,,Person,,669,677,C1971624,Finding,anorexia,developed,651,660,PRESENT,633,738,6,False,4.727,score.trigger_weight|pair.dist_4_10|pair.cross_clause|pair.patient_anchor|pair.coordinate
PMC7718649_01,PMC7718649,HAS_SYMPTOM,affirmed,Person,,,,Person,,679,688,C0018834,Symptom,heartburn,developed,651,660,PRESENT,633,738,7,False,4.727,score.trigger_weight|pair.dist_4_10|pair.cross_clause|pair.patient_anchor|pair.coordinate
PMC7718649_01,PMC7718649,HAS_SYMPTOM,affirmed,Person,,,,Person,,693,701,C0011991,Symptom,diarrhea,developed,651,660,PRESENT,633,738,9,False,4.727,score.trigger_weight|pair.dist_4_10|pair.cross_clause|pair.patient_anchor|pair.coordinate
PMC7718649_01,PMC7718649,COORDINATE_WITH,affirmed,Concept,679,688,C0018834,Symptom,heartburn,693,701,C0011991,Symptom,diarrhea,,,,,633,738,1,False,1.2,pair.no_trigger|pair.dist_1_3|pair.cross_clause|pair.type_prior|pair.coordinate
PMC7718649_01,PMC7718649,HAS_SYMPTOM,affirmed,Concept,693,701,C0011991,Symptom,diarrhea,703,715,C2129214,Symptom,liquid stool,,,,,633,738,0,True,1.0,pair.no_trigger|pair.dist_0|pair.same_clause|pair.type_prior
PMC7718649_01,PMC7718649,HAS_FINDING,affirmed,Person,,,,Person,,785,795,C6068191,Finding,first time,visited,758,765,,739,967,9,False,2.007,score.trigger_weight|pair.dist_4_10|pair.cross_clause|pair.patient_anchor
PMC7718649_01,PMC7718649,TREATED_WITH,affirmed,Concept,785,795,C6068191,Finding,first time,826,843,C1126043,Treatment,oseltamivir 75 mg,given,804,809,TREAT,739,967,5,False,1.487,score.trigger_weight|pair.dist_4_10|pair.cross_clause|pair.type_prior
PMC7718649_01,PMC7718649,HAS_FINDING,affirmed,Concept,997,1015,C0020336,Treatment,hydroxychloroquine,1041,1048,C3888388,Finding,usually,remained,1016,1024,,968,1054,5,True,2.507,score.trigger_weight|pair.dist_4_10|pair.same_clause
PMC7718649_01,PMC7718649,COORDINATE_WITH,affirmed,Concept,982,992,C0032952,Treatment,prednisone,997,1015,C0020336,Treatment,hydroxychloroquine,,,,,968,1054,1,False,1.2,pair.no_trigger|pair.dist_1_3|pair.cross_clause|pair.type_prior|pair.coordinate
PMC7718649_01,PMC7718649,TREATED_WITH,affirmed,Person,,,,Person,,1087,1092,C0013227,Treatment,drugs,taking,1061,1067,,1055,1171,4,False,1.647,score.trigger_weight|pair.dist_4_10|pair.cross_clause|pair.patient_anchor
PMC7718649_01,PMC7718649,TREATED_WITH,affirmed,Concept,1696,1722,C0085297,Treatment,Intravenous immunoglobulin,1726,1742,C0020852,Treatment,immunoglobulin G,,,,,1696,1877,1,True,1.2,pair.no_trigger|pair.dist_1_3|pair.same_clause|pair.type_prior
PMC7718649_01,PMC7718649,REVEALED_BY,affirmed,Concept,1964,1966,C0040405,Exam,CT,1974,1983,C4522268,Finding,pulmonary,showed,1967,1973,REVEAL,1878,2059,1,True,5.027,score.trigger_weight|pair.dist_1_3|pair.same_clause|pair.type_prior
PMC7718649_01,PMC7718649,REVEALED_BY,affirmed,Person,,,,Person,,2083,2095,C0023518,Diagnosis,leucocytosis,found,2077,2082,REVEAL,2060,2207,3,False,3.527,score.trigger_weight|pair.dist_1_3|pair.cross_clause|pair.patient_anchor
PMC7718649_01,PMC7718649,HAS_SYMPTOM,affirmed,Person,,,,Person,,2242,2247,C0015967,Symptom,fever,admitted to,2230,2241,PRESENT,2208,2375,6,False,2.354,score.trigger_weight|pair.dist_4_10|pair.cross_clause|pair.patient_anchor
PMC7718649_01,PMC7718649,HAS_SYMPTOM,affirmed,Person,,,,Person,,2422,2430,C0010200,Symptom,coughing,presented with,2402,2416,PRESENT,2376,2431,7,False,2.354,score.trigger_weight|pair.dist_4_10|pair.cross_clause|pair.patient_anchor
PMC7718649_01,PMC7718649,REVEALED_BY,affirmed,Person,,,,Person,,2531,2545,C1271104,Finding,blood pressure,revealed,2453,2461,REVEAL,2432,2740,15,False,1.027,score.trigger_weight|pair.dist_gt_10|pair.cross_clause|pair.patient_anchor
PMC7718649_01,PMC7718649,TREATED_WITH,affirmed,Concept,2657,2663,C0030054,Treatment,oxygen,2681,2687,C0030054,Treatment,oxygen,,,,,2432,2740,2,True,1.2,pair.no_trigger|pair.dist_1_3|pair.same_clause|pair.type_prior
PMC7718649_01,PMC7718649,COORDINATE_WITH,affirmed,Concept,2844,2861,C0857490,Exam,granulocyte count,2866,2882,C0200635,Exam,lymphocyte count,,,,,2807,2895,1,False,1.1,pair.no_trigger|pair.dist_1_3|pair.cross_clause|pair.type_prior|pair.coordinate
PMC7718649_01,PMC7718649,LOCATED_IN,affirmed,Concept,2944,2952,C3263723,Diagnosis,injuries,2956,2962,C0022646,BodyPart,kidney,,,,,2939,3021,1,True,1.81,pair.no_trigger|pair.dist_1_3|pair.same_clause|pair.type_prior
PMC7718649_01,PMC7718649,TREATED_WITH,affirmed,Person,,,,Person,,3137,3142,C0242209,Treatment,sugar,glycosylated,3080,3092,,3080,3225,7,False,2.007,score.trigger_weight|pair.dist_4_10|pair.cross_clause|pair.patient_anchor
PMC7718649_01,PMC7718649,HAS_DIAGNOSIS,affirmed,Person,,,,Person,,3255,3258,C0024141,Diagnosis,SLE,diagnosed of,3242,3254,DIAGNOSE,3226,3342,5,False,2.354,score.trigger_weight|pair.dist_4_10|pair.cross_clause|pair.patient_anchor
PMC7718649_01,PMC7718649,HAS_DIAGNOSIS,affirmed,Concept,3255,3258,C0024141,Diagnosis,SLE,3273,3281,C5203670,Diagnosis,COVID-19,,,,,3226,3342,2,True,1.2,pair.no_trigger|pair.dist_1_3|pair.same_clause|pair.type_prior
PMC7718649_01,PMC7718649,COORDINATE_WITH,affirmed,Concept,3273,3281,C5203670,Diagnosis,COVID-19,3283,3294,C2062441,Diagnosis,influenza A,,,,,3226,3342,0,False,1.0,pair.no_trigger|pair.dist_0|pair.cross_clause|pair.type_prior|pair.coordinate
PMC7718649_01,PMC7718649,COORDINATE_WITH,affirmed,Concept,3310,3319,C0009450,Diagnosis,infection,3324,3341,C0011849,Diagnosis,diabetes mellitus,,,,,3226,3342,1,False,1.2,pair.no_trigger|pair.dist_1_3|pair.cross_clause|pair.type_prior|pair.coordinate
PMC7718649_01,PMC7718649,COORDINATE_WITH,affirmed,Concept,3467,3470,C0024141,Diagnosis,SLE,3475,3483,C5203670,Diagnosis,COVID-19,,,,,3343,3484,1,False,1.2,pair.no_trigger|pair.dist_1_3|pair.cross_clause|pair.type_prior|pair.coordinate
PMC7718649_01,PMC7718649,CAUSED_BY,affirmed,Concept,3559,3565,C3263722,Diagnosis,injury,3576,3586,C0032952,Treatment,prednisone,caused by,3566,3575,CAUSE,3485,3587,2,True,4.654,score.trigger_weight|pair.dist_1_3|pair.same_clause|pair.type_prior
PMC7718649_01,PMC7718649,HAS_FINDING,affirmed,Concept,4198,4208,C0032952,Treatment,prednisone,4213,4220,C0392756,Finding,reduced,,,,,4188,4263,1,True,1.0,pair.no_trigger|pair.dist_1_3|pair.same_clause
PMC7718649_01,PMC7718649,HAS_DIAGNOSIS,affirmed,Concept,4213,4220,C0392756,Finding,reduced,4244,4253,C0032285,Diagnosis,pneumonia,,,,,4188,4263,6,True,1.1,pair.no_trigger|pair.dist_4_10|pair.same_clause|pair.type_prior
PMC7718649_01,PMC7718649,TREATED_WITH,affirmed,Person,,,,Person,,4590,4599,C0439775,Treatment,elevation,represented,4578,4589,,4547,4666,5,False,2.007,score.trigger_weight|pair.dist_4_10|pair.cross_clause|pair.patient_anchor
PMC7718649_01,PMC7718649,HAS_FINDING,affirmed,Concept,4590,4599,C0439775,Treatment,elevation,4603,4605,C0332140,Finding,CD,,,,,4547,4666,1,True,1.0,pair.no_trigger|pair.dist_1_3|pair.same_clause
PMC7718649_01,PMC7718649,HAS_DIAGNOSIS,affirmed,Concept,4861,4868,C0392756,Finding,reduced,4892,4901,C0032285,Diagnosis,pneumonia,,,,,4827,4911,6,True,1.1,pair.no_trigger|pair.dist_4_10|pair.same_clause|pair.type_prior
PMC7718649_01,PMC7718649,HAS_SYMPTOM,affirmed,Person,,,,Person,,5068,5078,C5970507,Symptom,wrist pain,developed,5058,5067,PRESENT,5021,5146,8,False,2.727,score.trigger_weight|pair.dist_4_10|pair.cross_clause|pair.patient_anchor
PMC8627357_01,PMC8627357,LOCATED_IN,affirmed,Concept,82,88,C0011892,Treatment,heroin,141,161,C0230330,BodyPart,left upper extremity,presented to,103,115,PRESENT,0,213,8,True,3.454,score.trigger_weight|pair.dist_4_10|pair.same_clause|pair.type_prior
PMC8627357_01,PMC8627357,COORDINATE_WITH,affirmed,Concept,162,172,C0007642,Diagnosis,cellulitis,177,184,C0013404,Symptom,dyspnea,,,,,0,213,1,False,1.8,pair.no_trigger|pair.dist_1_3|pair.cross_clause|pair.type_prior|pair.coordinate
PMC8627357_01,PMC8627357,LOCATED_IN,affirmed,Concept,262,264,C0040405,Exam,CT,273,293,C0230330,BodyPart,left upper extremity,,,,,214,354,2,True,1.4,pair.no_trigger|pair.dist_1_3|pair.same_clause|pair.type_prior
PMC8627357_01,PMC8627357,CAUSED_BY,affirmed,Person,,,,Person,,403,416,C1547668,Finding,level of care,transferred due to,362,380,CAUSE,355,417,10,False,1.989,score.trigger_weight|pair.dist_4_10|pair.cross_clause|pair.patient_anchor
PMC8627357_01,PMC8627357,COORDINATE_WITH,affirmed,Concept,536,541,C0013604,Diagnosis,edema,547,555,C0041834,Diagnosis,erythema,,,,,418,601,1,False,1.2,pair.no_trigger|pair.dist_1_3|pair.cross_clause|pair.type_prior|pair.coordinate
PMC8627357_01,PMC8627357,LOCATED_IN,affirmed,Concept,547,555,C0041834,Diagnosis,erythema,563,583,C0230330,BodyPart,left upper extremity,,,,,418,601,2,True,1.81,pair.no_trigger|pair.dist_1_3|pair.same_clause|pair.type_prior
PMC8627357_01,PMC8627357,TREATED_WITH,affirmed,Concept,679,694,C5978151,Exam,screen positive,699,711,C0002667,Treatment,amphetamines,,,,,602,802,1,True,1.0,pair.no_trigger|pair.dist_1_3|pair.same_clause
PMC8627357_01,PMC8627357,COORDINATE_WITH,affirmed,Concept,699,711,C0002667,Treatment,amphetamines,716,723,C0221793,Treatment,opiates,,,,,602,802,1,False,1.2,pair.no_trigger|pair.dist_1_3|pair.cross_clause|pair.type_prior|pair.coordinate
PMC8627357_01,PMC8627357,REVEALED_BY,affirmed,Concept,820,840,C0230330,BodyPart,left upper extremity,850,870,C0037580,Diagnosis,soft tissue swelling,revealed,841,849,REVEAL,803,898,1,True,4.027,score.trigger_weight|pair.dist_1_3|pair.same_clause
PMC8627357_01,PMC8627357,LOCATED_IN,affirmed,Concept,810,812,C0040405,Exam,CT,820,840,C0230330,BodyPart,left upper extremity,,,,,803,898,2,True,1.4,pair.no_trigger|pair.dist_1_3|pair.same_clause|pair.type_prior
PMC8627357_01,PMC8627357,CAUSED_BY,affirmed,Person,,,,Person,,1059,1079,C0476273,Symptom,respiratory distress,due to,1041,1047,CAUSE,1032,1184,4,False,2.054,score.trigger_weight|pair.dist_4_10|pair.cross_clause|pair.patient_anchor
PMC8627357_01,PMC8627357,HAS_FINDING,affirmed,Concept,1109,1123,C0034108,Exam,pulse oximetry,1162,1175,C2603364,Finding,on ventilator,intubated,1141,1150,,1032,1184,6,False,1.507,score.trigger_weight|pair.dist_4_10|pair.cross_clause|pair.type_prior
PMC8627357_01,PMC8627357,REVEALED_BY,affirmed,Concept,1109,1123,C0034108,Exam,pulse oximetry,1090,1097,C0242184,Diagnosis,hypoxia,,,,,1032,1184,3,True,1.0,pair.no_trigger|pair.dist_1_3|pair.same_clause|orient.swapped
PMC8627357_01,PMC8627357,REVEALED_BY,affirmed,Concept,1187,1195,C0202823,Exam,CT chest,1266,1270,C4321394,Finding,foci,revealed,1213,1221,REVEAL,1185,1395,7,False,2.227,score.trigger_weight|pair.dist_4_10|pair.cross_clause|pair.type_prior
PMC8627357_01,PMC8627357,COORDINATE_WITH,affirmed,Concept,1296,1320,C0578735,Diagnosis,axillary lymphadenopathy,1322,1339,C0032227,Diagnosis,pleural effusions,,,,,1185,1395,0,False,1.0,pair.no_trigger|pair.dist_0|pair.cross_clause|pair.type_prior|pair.coordinate
PMC8627357_01,PMC8627357,TREATED_WITH,affirmed,Concept,1396,1414,C0162439,Treatment,Orthopedic surgery,1433,1444,C0011079,Treatment,debridement,consulted for,1419,1432,,1396,1534,3,True,3.494,score.trigger_weight|pair.dist_1_3|pair.same_clause|pair.type_prior
PMC8627357_01,PMC8627357,CAUSED_BY,affirmed,Concept,1483,1494,C0011079,Treatment,debridement,1522,1533,C1444783,Finding,instability,delayed due to,1499,1513,CAUSE,1396,1534,5,True,2.489,score.trigger_weight|pair.dist_4_10|pair.same_clause
PMC8627357_01,PMC8627357,LOCATED_IN,affirmed,Concept,1433,1444,C0011079,Treatment,debridement,1452,1472,C0230330,BodyPart,left upper extremity,,,,,1396,1534,2,True,1.6,pair.no_trigger|pair.dist_1_3|pair.same_clause|pair.type_prior
PMC8627357_01,PMC8627357,CAUSED_BY,affirmed,Concept,2057,2082,C3649547,Treatment,renal replacement therapy,2100,2108,C0001122,Diagnosis,acidosis,due to,2083,2089,CAUSE,1903,2120,3,True,3.534,score.trigger_weight|pair.dist_1_3|pair.same_clause|pair.type_prior
PMC8627357_01,PMC8627357,CAUSED_BY,affirmed,Concept,2057,2082,C3649547,Treatment,renal replacement therapy,2113,2119,C0041948,Diagnosis,uremia,due to,2083,2089,CAUSE,1903,2120,5,False,5.534,score.trigger_weight|pair.dist_1_3|pair.same_clause|pair.type_prior|pair.coordinate
PMC8627357_01,PMC8627357,COORDINATE_WITH,affirmed,Concept,2100,2108,C0001122,Diagnosis,acidosis,2113,2119,C0041948,Diagnosis,uremia,,,,,1903,2120,1,False,1.2,pair.no_trigger|pair.dist_1_3|pair.cross_clause|pair.type_prior|pair.coordinate
PMC8627357_01,PMC8627357,LOCATED_IN,affirmed,Concept,2143,2152,C0021107,Treatment,placement,2169,2174,C0817096,BodyPart,chest,,,,,2121,2311,3,True,1.6,pair.no_trigger|pair.dist_1_3|pair.same_clause|pair.type_prior
PMC8627357_01,PMC8627357,TREATED_WITH,affirmed,Concept,2472,2478,C0817096,BodyPart,thorax,2522,2529,C0038638,Treatment,suction,improved with,2488,2501,,2312,2572,7,True,2.494,score.trigger_weight|pair.dist_4_10|pair.same_clause
PMC8627357_01,PMC8627357,LOCATED_IN,affirmed,Concept,2335,2342,C0015252,Treatment,removal,2356,2361,C0817096,BodyPart,chest,,,,,2312,2572,3,True,1.6,pair.no_trigger|pair.dist_1_3|pair.same_clause|pair.type_prior
PMC8627357_01,PMC8627357,LOCATED_IN,affirmed,Concept,2423,2445,C0038536,Diagnosis,subcutaneous emphysema,2472,2478,C0817096,BodyPart,thorax,,,,,2312,2572,4,True,1.01,pair.no_trigger|pair.dist_4_10|pair.same_clause|pair.type_prior
PMC8627357_01,PMC8627357,LOCATED_IN,affirmed,Concept,2522,2529,C0038638,Treatment,suction,2546,2551,C0817096,BodyPart,chest,,,,,2312,2572,3,True,1.6,pair.no_trigger|pair.dist_1_3|pair.same_clause|pair.type_prior
PMC8627357_01,PMC8627357,COORDINATE_WITH,affirmed,Concept,2687,2699,C0040590,Treatment,tracheostomy,2704,2739,C0176751,Treatment,percutaneous endoscopic gastrostomy,,,,,2573,2867,1,False,1.2,pair.no_trigger|pair.dist_1_3|pair.cross_clause|pair.type_prior|pair.coordinate
PMC8627357_01,PMC8627357,TREATED_WITH,affirmed,Concept,2841,2846,C0817096,BodyPart,chest,2856,2861,C0043047,Treatment,water,,,,,2573,2867,2,True,1.0,pair.no_trigger|pair.dist_1_3|pair.same_clause
PMC8627357_01,PMC8627357,TREATED_WITH,affirmed,Person,,,,Person,,2913,2927,C0034991,Treatment,rehabilitation,discharged to,2897,2910,,2868,2937,7,False,1.994,score.trigger_weight|pair.dist_4_10|pair.cross_clause|pair.patient_anchor
PMC9387390_01,PMC9387390,REVEALED_BY,affirmed,Concept,167,174,C0011923,Exam,imaging,205,210,C0013604,Diagnosis,edema,showed,175,181,REVEAL,142,211,3,True,5.027,score.trigger_weight|pair.dist_1_3|pair.same_clause|pair.type_prior
PMC9387390_01,PMC9387390,LOCATED_IN,affirmed,Concept,348,355,C0000726,BodyPart,abdomen,408,416,C0030274,BodyPart,pancreas,demonstrated,356,368,REVEAL,295,526,7,True,2.927,score.trigger_weight|pair.dist_4_10|pair.same_clause|pair.type_prior
PMC9387390_01,PMC9387390,LOCATED_IN,affirmed,Concept,338,340,C0040405,Exam,CT,348,355,C0000726,BodyPart,abdomen,,,,,295,526,2,True,1.4,pair.no_trigger|pair.dist_1_3|pair.same_clause|pair.type_prior
PMC9387390_01,PMC9387390,TREATED_WITH,affirmed,Person,,,,Person,,549,565,C0456853,Exam,CT guided biopsy,underwent,539,548,TREAT,527,758,3,False,3.527,score.trigger_weight|pair.dist_1_3|pair.cross_clause|pair.patient_anchor
PMC9387390_01,PMC9387390,TREATED_WITH,affirmed,Person,,,,Person,,829,841,C3665472,Treatment,chemotherapy,given,759,764,TREAT,759,842,11,False,1.027,score.trigger_weight|pair.dist_gt_10|pair.cross_clause|pair.patient_anchor
PMC9387390_01,PMC9387390,COORDINATE_WITH,affirmed,Concept,939,945,C0027497,Symptom,nausea,947,953,C0042963,Symptom,emesis,,,,,843,980,0,False,1.0,pair.no_trigger|pair.dist_0|pair.cross_clause|pair.type_prior|pair.coordinate
PMC9387390_01,PMC9387390,HAS_DIAGNOSIS,hedged,Concept,985,992,C0011923,Exam,imaging,1035,1046,C0028778,Finding,obstruction,consistent with,997,1012,DIAGNOSE,981,1091,5,True,3.494,score.trigger_weight|pair.dist_4_10|pair.same_clause|pair.type_prior
PMC9387390_01,PMC9387390,CAUSED_BY,hedged,Concept,1035,1046,C0028778,Finding,obstruction,1064,1079,C0877425,Finding,pancreatic mass,secondary to,1047,1059,CAUSE,981,1091,3,True,3.404,score.trigger_weight|pair.dist_1_3|pair.same_clause|pair.type_prior
PMC9387390_01,PMC9387390,TREATED_WITH,affirmed,Person,,,,Person,,1127,1144,C0399839,Treatment,gastrojejunostomy,underwent,1104,1113,TREAT,1092,1194,4,False,2.727,score.trigger_weight|pair.dist_4_10|pair.cross_clause|pair.patient_anchor
PMC9387390_01,PMC9387390,TREATED_WITH,affirmed,Concept,1127,1144,C0399839,Treatment,gastrojejunostomy,1165,1171,C0813207,Treatment,bypass,,,,,1092,1194,3,True,1.2,pair.no_trigger|pair.dist_1_3|pair.same_clause|pair.type_prior
PMC9387390_01,PMC9387390,HAS_DIAGNOSIS,affirmed,Person,,,,Person,,1222,1238,C0919691,Diagnosis,anastomotic leak,complicated by,1204,1218,,1195,1299,5,False,1.994,score.trigger_weight|pair.dist_4_10|pair.cross_clause|pair.patient_anchor
PMC9387390_01,PMC9387390,REVEALED_BY,affirmed,Concept,1712,1721,C0543467,Treatment,operation,1732,1742,C0012359,Diagnosis,distension,revealed,1723,1731,REVEAL,1662,1821,1,True,4.207,score.trigger_weight|pair.dist_1_3|pair.same_clause|pair.type_prior
PMC9387390_01,PMC9387390,LOCATED_IN,affirmed,Concept,1732,1742,C0012359,Diagnosis,distension,1750,1757,C3714551,BodyPart,stomach,,,,,1662,1821,2,True,1.81,pair.no_trigger|pair.dist_1_3|pair.same_clause|pair.type_prior
PMC9387390_01,PMC9387390,TREATED_WITH,affirmed,Concept,1826,1837,C3282907,BodyPart,nasogastric,1877,1885,C0013103,Treatment,drainage,replaced with,1852,1865,TREAT,1822,1909,6,True,2.854,score.trigger_weight|pair.dist_4_10|pair.same_clause
PMC9387390_01,PMC9387390,LOCATED_IN,affirmed,Person,,,,Person,,2068,2075,C3714551,BodyPart,stomach,noted in,2055,2063,REVEAL,2037,2076,6,False,2.354,score.trigger_weight|pair.dist_4_10|pair.cross_clause|pair.patient_anchor
PMC9387390_01,PMC9387390,HAS_FINDING,affirmed,Person,,,,Person,,2207,2231,C0740411,Finding,delayed gastric emptying,given,2179,2184,TREAT,2179,2430,4,False,2.727,score.trigger_weight|pair.dist_4_10|pair.cross_clause|pair.patient_anchor
PMC9387390_01,PMC9387390,CAUSED_BY,affirmed,Concept,2207,2231,C0740411,Finding,delayed gastric emptying,2269,2280,C0028778,Finding,obstruction,secondary to,2232,2244,CAUSE,2179,2430,4,True,2.604,score.trigger_weight|pair.dist_4_10|pair.same_clause|pair.type_prior
PMC9387390_01,PMC9387390,TREATED_WITH,affirmed,Concept,2269,2280,C0028778,Finding,obstruction,2317,2341,C0344093,Treatment,interventional radiology,placed by,2307,2316,TREAT,2179,2430,6,False,1.114,score.trigger_weight|pair.dist_4_10|pair.cross_clause|pair.type_prior
PMC9387390_01,PMC9387390,HAS_FINDING,affirmed,Concept,2443,2447,C0015385,BodyPart,limb,2452,2458,C1299582,Finding,unable,,,,,2431,2560,1,True,1.0,pair.no_trigger|pair.dist_1_3|pair.same_clause
PMC9387390_01,PMC9387390,TREATED_WITH,affirmed,Person,,,,Person,,2734,2742,C0013103,Treatment,drainage,revealed,2712,2720,REVEAL,2700,2813,5,False,2.727,score.trigger_weight|pair.dist_4_10|pair.cross_clause|pair.patient_anchor
PMC9387390_01,PMC9387390,TREATED_WITH,affirmed,Person,,,,Person,,2907,2916,C0021107,Treatment,placement,given,2814,2819,TREAT,2814,3021,14,False,1.027,score.trigger_weight|pair.dist_gt_10|pair.cross_clause|pair.patient_anchor
PMC9387390_01,PMC9387390,TREATED_WITH,affirmed,Concept,2962,2966,C0015385,BodyPart,limb,3007,3020,C1829459,Treatment,decompression,complete,2990,2998,,2814,3021,8,True,2.147,score.trigger_weight|pair.dist_4_10|pair.same_clause
PMC9387390_01,PMC9387390,LOCATED_IN,affirmed,Person,,,,Person,,3076,3080,C0015385,BodyPart,limb,demonstrated,3037,3049,REVEAL,3022,3173,6,False,2.727,score.trigger_weight|pair.dist_4_10|pair.cross_clause|pair.patient_anchor
PMC9387390_01,PMC9387390,LOCATED_IN,affirmed,Concept,3082,3098,C0399620,Exam,push enteroscopy,3118,3122,C0015385,BodyPart,limb,showed,3099,3105,REVEAL,3022,3173,3,True,4.427,score.trigger_weight|pair.dist_1_3|pair.same_clause|pair.type_prior
PMC9387390_01,PMC9387390,COORDINATE_WITH,affirmed,Concept,3336,3347,C0028778,Finding,obstruction,3352,3376,C0740411,Finding,delayed gastric emptying,,,,,3246,3377,1,False,1.2,pair.no_trigger|pair.dist_1_3|pair.cross_clause|pair.type_prior|pair.coordinate
PMC9387390_01,PMC9387390,TREATED_WITH,affirmed,Person,,,,Person,,3418,3431,C1829459,Treatment,decompression,discharged with,3394,3409,,3378,3445,6,False,1.994,score.trigger_weight|pair.dist_4_10|pair.cross_clause|pair.patient_anchor
PMC9387390_01,PMC9387390,TREATED_WITH,affirmed,Person,,,,Person,,3458,3469,C0035139,Treatment,replacement,required,3449,3457,,3446,3648,2,False,2.807,score.trigger_weight|pair.dist_1_3|pair.cross_clause|pair.patient_anchor
PMC9387390_01,PMC9387390,TREATED_WITH,affirmed,Concept,3535,3544,C0014245,Exam,endoscopy,3560,3575,C2348535,Treatment,stent placement,considered,3549,3559,,3446,3648,2,False,1.307,score.trigger_weight|pair.dist_1_3|pair.cross_clause
PMC9387390_01,PMC9387390,TREATED_WITH,affirmed,Concept,3594,3598,C0015385,BodyPart,limb,3639,3647,C0013103,Treatment,drainage,attempt to,3605,3615,,3446,3648,6,True,2.314,score.trigger_weight|pair.dist_4_10|pair.same_clause
PMC9387390_01,PMC9387390,LOCATED_IN,affirmed,Concept,3560,3575,C2348535,Treatment,stent placement,3594,3598,C0015385,BodyPart,limb,,,,,3446,3648,3,True,1.6,pair.no_trigger|pair.dist_1_3|pair.same_clause|pair.type_prior
PMC9387390_01,PMC9387390,LOCATED_IN,affirmed,Person,,,,Person,,4179,4183,C0015385,BodyPart,limb,revealed,4117,4125,REVEAL,4087,4202,12,False,1.027,score.trigger_weight|pair.dist_gt_10|pair.cross_clause|pair.patient_anchor
PMC9529523_01,PMC9529523,HAS_DIAGNOSIS,historical,Concept,108,125,C2700378,Finding,ejection fraction,208,211,C0024141,Diagnosis,SLE,referred to,141,152,PRESENT,0,212,15,True,2.054,score.trigger_weight|pair.dist_gt_10|pair.same_clause|pair.type_prior
PMC9529523_01,PMC9529523,HAS_FINDING,historical,Concept,72,97,C0269972,Diagnosis,postpartum cardiomyopathy,108,125,C2700378,Finding,ejection fraction,,,,,0,212,1,True,1.8,pair.no_trigger|pair.dist_1_3|pair.same_clause|pair.type_prior
PMC9529523_01,PMC9529523,LOCATED_IN,historical,Concept,217,234,C0035435,Diagnosis,rheumatic disease,289,305,C0947123,BodyPart,bilateral finger,developed,279,288,PRESENT,213,333,8,True,4.037,score.trigger_weight|pair.dist_4_10|pair.same_clause|pair.type_prior
PMC9529523_01,PMC9529523,COORDINATE_WITH,affirmed,Concept,306,310,C0030193,Symptom,pain,312,318,C0041582,Diagnosis,ulcers,,,,,213,333,0,False,1.6,pair.no_trigger|pair.dist_0|pair.cross_clause|pair.type_prior|pair.coordinate
PMC9529523_01,PMC9529523,REVEALED_BY,affirmed,Person,,,,Person,,389,403,C0013516,Exam,echocardiogram,evaluated,350,359,,334,581,7,False,2.007,score.trigger_weight|pair.dist_4_10|pair.cross_clause|pair.patient_anchor
PMC9529523_01,PMC9529523,REVEALED_BY,negated,Concept,389,403,C0013516,Exam,echocardiogram,429,451,C1541923,Diagnosis,infective endocarditis,show evidence of,412,428,REVEAL,334,581,5,True,2.869,score.trigger_weight|pair.dist_4_10|pair.same_clause|pair.type_prior
PMC9529523_01,PMC9529523,LOCATED_IN,affirmed,Concept,475,484,C0002978,Exam,angiogram,534,541,C0016129,BodyPart,fingers,showed scattered,485,501,REVEAL,334,581,6,True,2.714,score.trigger_weight|pair.dist_4_10|pair.same_clause|pair.type_prior
PMC9529523_01,PMC9529523,HAS_DIAGNOSIS,affirmed,Person,,,,Person,,627,634,C0000833,Diagnosis,abscess,developed,594,603,PRESENT,582,706,7,False,2.727,score.trigger_weight|pair.dist_4_10|pair.cross_clause|pair.patient_anchor
PMC9529523_01,PMC9529523,REVEALED_BY,affirmed,Concept,763,771,C0003241,Treatment,Antibody,781,805,C0079603,Exam,immunofluorescence assay,,,,,707,1048,2,True,1.0,pair.no_trigger|pair.dist_1_3|pair.same_clause
PMC9529523_01,PMC9529523,REVEALED_BY,affirmed,Concept,887,897,C0003241,Treatment,antibodies,912,915,C0202087,Exam,IgG,,,,,707,1048,2,True,1.0,pair.no_trigger|pair.dist_1_3|pair.same_clause
PMC9529523_01,PMC9529523,HAS_DIAGNOSIS,affirmed,Concept,1232,1242,C0003241,Treatment,antibodies,1253,1272,C0311370,Diagnosis,lupus anticoagulant,,,,,1215,1547,1,True,1.18,pair.no_trigger|pair.dist_1_3|pair.same_clause|pair.type_prior
PMC9529523_01,PMC9529523,CAUSED_BY,affirmed,Concept,1595,1605,C0042384,Diagnosis,vasculitis,1619,1647,C0024141,Diagnosis,systemic lupus erythematosus,secondary to,1606,1618,CAUSE,1548,1648,2,True,3.404,score.trigger_weight|pair.dist_1_3|pair.same_clause|pair.type_prior
PMC9529523_01,PMC9529523,HAS_DIAGNOSIS,affirmed,Concept,1587,1594,C0442015,Exam,digital,1595,1605,C0042384,Diagnosis,vasculitis,,,,,1548,1648,0,True,1.8,pair.no_trigger|pair.dist_0|pair.same_clause|pair.type_prior
PMC9529523_01,PMC9529523,TREATED_WITH,affirmed,Person,,,,Person,,1676,1694,C0020336,Treatment,hydroxychloroquine,started on,1665,1675,TREAT,1649,1776,5,False,2.354,score.trigger_weight|pair.dist_4_10|pair.cross_clause|pair.patient_anchor
PMC9529523_01,PMC9529523,HAS_FINDING,affirmed,Person,,,,Person,,1846,1863,C1302313,Finding,lost to follow-up,start,1811,1816,TREAT,1777,1944,12,False,1.027,score.trigger_weight|pair.dist_gt_10|pair.cross_clause|pair.patient_anchor
PMC9529523_01,PMC9529523,TREATED_WITH,negated,Concept,1901,1911,C0557061,Treatment,discussion,1924,1935,C0087111,Treatment,therapeutic,,,,,1777,1944,2,True,1.2,pair.no_trigger|pair.dist_1_3|pair.same_clause|pair.type_prior
PMC9529523_01,PMC9529523,HAS_FINDING,affirmed,Person,,,,Person,,2012,2023,C1262477,Finding,weight loss,represented to,1949,1963,,1945,2054,10,False,1.994,score.trigger_weight|pair.dist_4_10|pair.cross_clause|pair.patient_anchor
PMC9529523_01,PMC9529523,REVEALED_BY,affirmed,Person,,,,Person,,2087,2107,C1851885,Diagnosis,progressive alopecia,showed,2080,2086,REVEAL,2055,2150,4,False,2.727,score.trigger_weight|pair.dist_4_10|pair.cross_clause|pair.patient_anchor
PMC9529523_01,PMC9529523,HAS_DIAGNOSIS,affirmed,Concept,2087,2107,C1851885,Diagnosis,progressive alopecia,2128,2132,C5779629,Diagnosis,rash,hypopigmented,2114,2127,,2055,2150,3,False,1.507,score.trigger_weight|pair.dist_1_3|pair.cross_clause|pair.type_prior
PMC9529523_01,PMC9529523,LOCATED_IN,affirmed,Concept,2128,2132,C5779629,Diagnosis,rash,2144,2149,C0817096,BodyPart,chest,,,,,2055,2150,2,True,1.81,pair.no_trigger|pair.dist_1_3|pair.same_clause|pair.type_prior
PMC9529523_01,PMC9529523,REVEALED_BY,affirmed,Person,,,,Person,,2215,2231,C0201976,Exam,serum creatinine,showed,2182,2188,REVEAL,2151,2367,11,False,1.027,score.trigger_weight|pair.dist_gt_10|pair.cross_clause|pair.patient_anchor
PMC9529523_01,PMC9529523,TREATED_WITH,affirmed,Person,,,,Person,,2592,2610,C0020336,Treatment,hydroxychloroquine,referred to,2561,2572,PRESENT,2545,2660,8,False,2.354,score.trigger_weight|pair.dist_4_10|pair.cross_clause|pair.patient_anchor
PMC9529523_01,PMC9529523,LOCATED_IN,affirmed,Person,,,,Person,,2680,2686,C0022646,BodyPart,kidney,due to,2661,2667,CAUSE,2661,2888,3,False,2.854,score.trigger_weight|pair.dist_1_3|pair.cross_clause|pair.patient_anchor
PMC9529523_01,PMC9529523,HAS_DIAGNOSIS,hedged,Concept,2748,2761,C0194073,Exam,kidney biopsy,2820,2842,C0020540,Diagnosis,malignant hypertension,conducted,2766,2775,,2661,2888,8,False,1.507,score.trigger_weight|pair.dist_4_10|pair.cross_clause|pair.type_prior
PMC9529523_01,PMC9529523,HAS_DIAGNOSIS,historical,Concept,2748,2761,C0194073,Exam,kidney biopsy,2847,2881,C3808622,Diagnosis,chronic thrombotic microangiopathy,conducted,2766,2775,,2661,2888,11,False,3.507,score.trigger_weight|pair.dist_4_10|pair.cross_clause|pair.type_prior|pair.coordinate
PMC9529523_01,PMC9529523,COORDINATE_WITH,historical,Concept,2820,2842,C0020540,Diagnosis,malignant hypertension,2847,2881,C3808622,Diagnosis,chronic thrombotic microangiopathy,,,,,2661,2888,1,False,1.2,pair.no_trigger|pair.dist_1_3|pair.cross_clause|pair.type_prior|pair.coordinate
PMC9529523_01,PMC9529523,REVEALED_BY,affirmed,Concept,2916,2942,C0024119,Exam,pulmonary function testing,2955,2981,C3714541,Exam,forced vital capacity (FVC,revealed,2944,2952,REVEAL,2889,3067,2,False,2.127,score.trigger_weight|pair.dist_1_3|pair.cross_clause|pair.type_prior
PMC9529523_01,PMC9529523,TREATED_WITH,affirmed,Concept,3072,3090,C1280474,Finding,diffusing capacity,3095,3101,C0007009,Treatment,carbon,,,,,3068,3163,1,True,1.26,pair.no_trigger|pair.dist_1_3|pair.same_clause|pair.type_prior
PMC9529523_01,PMC9529523,REVEALED_BY,negated,Concept,3219,3224,C0817096,BodyPart,chest,3250,3280,C0206062,Diagnosis,interstitial lung disease (ILD,show evidence of,3233,3249,REVEAL,3164,3282,5,True,1.869,score.trigger_weight|pair.dist_4_10|pair.same_clause
PMC9529523_01,PMC9529523,LOCATED_IN,affirmed,Concept,3164,3205,C0412612,Exam,High-resolution computed tomography (HRCT,3219,3224,C0817096,BodyPart,chest,,,,,3164,3282,3,True,1.4,pair.no_trigger|pair.dist_1_3|pair.same_clause|pair.type_prior
PMC9529523_01,PMC9529523,HAS_DIAGNOSIS,affirmed,Person,,,,Person,,3321,3327,C0243026,Diagnosis,sepsis,complicated by,3306,3320,,3283,3414,6,False,1.994,score.trigger_weight|pair.dist_4_10|pair.cross_clause|pair.patient_anchor
PMC9529523_01,PMC9529523,TREATED_WITH,affirmed,Person,,,,Person,,3506,3527,C0209368,Treatment,Mycophenolate mofetil,showed,3433,3439,REVEAL,3415,3645,14,False,1.027,score.trigger_weight|pair.dist_gt_10|pair.cross_clause|pair.patient_anchor
PMC9529523_01,PMC9529523,HAS_DIAGNOSIS,affirmed,Concept,3506,3527,C0209368,Treatment,Mycophenolate mofetil,3562,3567,C0409974,Diagnosis,lupus,prescribed for,3538,3552,TREAT,3415,3645,5,True,3.034,score.trigger_weight|pair.dist_4_10|pair.same_clause|pair.type_prior
PMC9529523_01,PMC9529523,HAS_DIAGNOSIS,affirmed,Concept,3506,3527,C0209368,Treatment,Mycophenolate mofetil,3573,3590,C0015544,Diagnosis,failure to thrive,prescribed for,3538,3552,TREAT,3415,3645,7,True,5.034,score.trigger_weight|pair.dist_4_10|pair.same_clause|pair.type_prior|pair.coordinate
PMC9529523_01,PMC9529523,COORDINATE_WITH,affirmed,Concept,3562,3567,C0409974,Diagnosis,lupus,3573,3590,C0015544,Diagnosis,failure to thrive,,,,,3415,3645,1,True,3.2,pair.no_trigger|pair.dist_1_3|pair.same_clause|pair.type_prior|pair.coordinate
PMC9529523_01,PMC9529523,REVEALED_BY,affirmed,Person,,,,Person,,3772,3802,C0430462,Exam,transthoracic echocardiography,showed,3747,3753,REVEAL,3712,3939,8,False,2.727,score.trigger_weight|pair.dist_4_10|pair.cross_clause|pair.patient_anchor
PMC9529523_01,PMC9529523,REVEALED_BY,affirmed,Concept,3772,3802,C0430462,Exam,transthoracic echocardiography,3817,3842,C0281788,Diagnosis,biventricular hypertrophy,showed,3803,3809,REVEAL,3712,3939,2,True,5.027,score.trigger_weight|pair.dist_1_3|pair.same_clause|pair.type_prior
PMC9529523_01,PMC9529523,REVEALED_BY,negated,Concept,3856,3887,C0024485,Exam,magnetic resonance imaging (MRI,3911,3938,C0264839,Diagnosis,infiltrative cardiomyopathy,showed,3889,3895,REVEAL,3712,3939,4,True,4.227,score.trigger_weight|pair.dist_4_10|pair.same_clause|pair.type_prior
PMC9529523_01,PMC9529523,HAS_SYMPTOM,affirmed,Person,,,,Person,,4038,4057,C0013404,Symptom,shortness of breath,continued to,4013,4025,TREAT,3983,4084,9,False,2.354,score.trigger_weight|pair.dist_4_10|pair.cross_clause|pair.patient_anchor
PMC9529523_01,PMC9529523,HAS_SYMPTOM,affirmed,Person,,,,Person,,4062,4069,C0013404,Symptom,dyspnea,continued to,4013,4025,TREAT,3983,4084,13,False,4.354,score.trigger_weight|pair.dist_4_10|pair.cross_clause|pair.patient_anchor|pair.coordinate
PMC9529523_01,PMC9529523,COORDINATE_WITH,affirmed,Concept,4038,4057,C0013404,Symptom,shortness of breath,4062,4069,C0013404,Symptom,dyspnea,,,,,3983,4084,1,False,1.2,pair.no_trigger|pair.dist_1_3|pair.cross_clause|pair.type_prior|pair.coordinate
PMC9529523_01,PMC9529523,LOCATED_IN,negated,Concept,4106,4111,C0817096,BodyPart,chest,4122,4134,C0596790,BodyPart,interstitial,showed,4112,4118,REVEAL,4085,4222,2,True,3.727,score.trigger_weight|pair.dist_1_3|pair.same_clause|pair.type_prior
PMC9529523_01,PMC9529523,REVEALED_BY,affirmed,Concept,4122,4134,C0596790,BodyPart,interstitial,4166,4186,C0031039,Diagnosis,pericardial effusion,noted,4147,4152,REVEAL,4085,4222,6,False,1.227,score.trigger_weight|pair.dist_4_10|pair.cross_clause
PMC9529523_01,PMC9529523,TREATED_WITH,affirmed,Person,,,,Person,,4268,4289,C0209368,Treatment,mycophenolate mofetil,noted missing about,4235,4254,REVEAL,4223,4326,8,False,1.369,score.trigger_weight|pair.dist_4_10|pair.cross_clause|pair.patient_anchor
PMC9529523_01,PMC9529523,CAUSED_BY,negated,Concept,4268,4289,C0209368,Treatment,mycophenolate mofetil,4299,4316,C4534517,Finding,lack of insurance,due to,4290,4296,CAUSE,4223,4326,3,True,3.354,score.trigger_weight|pair.dist_1_3|pair.same_clause
PMC9529523_01,PMC9529523,REVEALED_BY,affirmed,Concept,4327,4349,C1623258,Exam,Electrocardiogram (EKG,4358,4377,C0232202,Finding,normal sinus rhythm,showed,4351,4357,REVEAL,4327,4653,1,True,5.027,score.trigger_weight|pair.dist_1_3|pair.same_clause|pair.type_prior
PMC9529523_01,PMC9529523,REVEALED_BY,affirmed,Concept,4432,4446,C0013516,Exam,echocardiogram,4469,4498,C0042508,Exam,ventricular ejection fraction,showed worsening,4447,4463,REVEAL,4327,4653,3,True,3.214,score.trigger_weight|pair.dist_1_3|pair.same_clause|pair.type_prior
PMC9529523_01,PMC9529523,REVEALED_BY,affirmed,Concept,4514,4532,C0191234,Treatment,pericardiocentesis,4589,4597,C0010818,Exam,cytology,yielded,4533,4540,REVEAL,4327,4653,9,False,1.227,score.trigger_weight|pair.dist_4_10|pair.cross_clause
PMC9529523_01,PMC9529523,HAS_DIAGNOSIS,negated,Concept,4718,4739,C0189785,Exam,endomyocardial biopsy,4765,4787,C0020542,Diagnosis,pulmonary hypertension,done,4744,4748,,4654,4798,5,False,1.147,score.trigger_weight|pair.dist_4_10|pair.cross_clause|pair.type_prior
PMC9529523_01,PMC9529523,COORDINATE_WITH,affirmed,Concept,4685,4712,C0189896,Exam,Right heart catheterization,4718,4739,C0189785,Exam,endomyocardial biopsy,,,,,4654,4798,1,True,3.1,pair.no_trigger|pair.dist_1_3|pair.same_clause|pair.type_prior|pair.coordinate
PMC9529523_01,PMC9529523,REVEALED_BY,negated,Concept,4799,4820,C0189785,Exam,Endomyocardial biopsy,4843,4854,C0027059,Diagnosis,myocarditis,showed,4821,4827,REVEAL,4799,5053,4,True,4.227,score.trigger_weight|pair.dist_4_10|pair.same_clause|pair.type_prior
PMC9529523_01,PMC9529523,REVEALED_BY,hedged,Concept,5033,5052,C0026019,Exam,electron microscopy,5015,5029,C0878544,Diagnosis,cardiomyopathy,,,,,4799,5053,1,True,1.0,pair.no_trigger|pair.dist_1_3|pair.same_clause|orient.swapped
PMC9532611_01,PMC9532611,HAS_SYMPTOM,affirmed,Concept,55,59,C0620347,Treatment,a 12,138,146,C3714552,Symptom,weakness,presented with,98,112,PRESENT,0,198,10,True,2.854,score.trigger_weight|pair.dist_4_10|pair.same_clause
PMC9532611_01,PMC9532611,HAS_DIAGNOSIS,affirmed,Concept,138,146,C3714552,Symptom,weakness,171,183,C0020538,Diagnosis,hypertension,accompanied by,156,170,,0,198,4,True,3.294,score.trigger_weight|pair.dist_4_10|pair.same_clause|pair.type_prior
PMC9532611_01,PMC9532611,HAS_FINDING,affirmed,Concept,546,556,C2597943,Finding,index case,562,574,C0231221,Finding,asymptomatic,,,,,526,663,1,True,1.2,pair.no_trigger|pair.dist_1_3|pair.same_clause|pair.type_prior
PMC9532611_01,PMC9532611,HAS_FINDING,family,Concept,582,601,C3845474,Finding,other family member,616,639,C0455527,Finding,history of hypertension,,,,,526,663,3,True,1.2,pair.no_trigger|pair.dist_1_3|pair.same_clause|pair.type_prior
PMC9532611_01,PMC9532611,COORDINATE_WITH,affirmed,Concept,616,639,C0455527,Finding,history of hypertension,644,662,C1279412,Diagnosis,periodic paralysis,,,,,526,663,1,False,1.9,pair.no_trigger|pair.dist_1_3|pair.cross_clause|pair.type_prior|pair.coordinate
PMC9532611_01,PMC9532611,TREATED_WITH,affirmed,Person,,,,Person,,866,873,C0543467,Treatment,surgery,undergone,856,865,TREAT,817,936,10,False,2.007,score.trigger_weight|pair.dist_4_10|pair.cross_clause|pair.patient_anchor
PMC9532611_02,PMC9532611,HAS_FINDING,affirmed,Concept,66,75,C1285572,Exam,phenotype,113,137,C0497247,Finding,increased blood pressure,presented for,76,89,PRESENT,0,167,4,True,3.854,score.trigger_weight|pair.dist_4_10|pair.same_clause|pair.type_prior
PMC9532611_02,PMC9532611,HAS_FINDING,family,Person,,,,Person,,375,384,C5571033,Finding,the child,kindred,329,336,,326,417,9,False,2.007,score.trigger_weight|pair.dist_4_10|pair.cross_clause|pair.patient_anchor
PMC9532611_02,PMC9532611,LOCATED_IN,family,Concept,375,384,C5571033,Finding,the child,396,401,C0042993,BodyPart,vulva,had with,385,393,PRESENT,326,417,3,True,3.334,score.trigger_weight|pair.dist_1_3|pair.same_clause|pair.type_prior
PMC9532611_02,PMC9532611,TREATED_WITH,affirmed,Concept,495,504,C5571033,Finding,The child,515,535,C0184899,Exam,surgical exploration,underwent,505,514,TREAT,495,631,1,True,4.027,score.trigger_weight|pair.dist_1_3|pair.same_clause
PMC9532611_02,PMC9532611,LOCATED_IN,affirmed,Concept,515,535,C0184899,Exam,surgical exploration,559,565,C0042232,BodyPart,vagina,revealed,543,551,REVEAL,495,631,4,False,1.627,score.trigger_weight|pair.dist_4_10|pair.cross_clause|pair.type_prior
PMC9532611_02,PMC9532611,TREATED_WITH,affirmed,Concept,830,852,C0066928,Treatment,anti-Mullerian hormone,911,919,C0020268,Treatment,cortisol,measured by,880,891,REVEAL,690,1309,8,False,1.054,score.trigger_weight|pair.dist_4_10|pair.cross_clause|pair.type_prior
PMC9532611_02,PMC9532611,TREATED_WITH,affirmed,Concept,911,919,C0020268,Treatment,cortisol,966,985,C0038148,Treatment,dihydrotestosterone,measured by,928,939,REVEAL,690,1309,5,False,1.054,score.trigger_weight|pair.dist_4_10|pair.cross_clause|pair.type_prior
PMC9532611_02,PMC9532611,REVEALED_BY,affirmed,Concept,1035,1074,C0872318,Exam,liquid chromatography-mass spectrometry,1014,1016,C0332133,Finding,AD,measured by,1023,1034,REVEAL,690,1309,0,True,3.654,score.trigger_weight|pair.dist_1_3|pair.same_clause|orient.swapped
PMC9532611_02,PMC9532611,REVEALED_BY,affirmed,Concept,1225,1239,C0033371,Treatment,prolactin (PRL,1265,1298,C0014441,Exam,enzyme-linked immunosorbent assay,measured by,1253,1264,REVEAL,690,1309,4,True,2.854,score.trigger_weight|pair.dist_4_10|pair.same_clause
PMC9532611_02,PMC9532611,HAS_DIAGNOSIS,affirmed,Concept,789,816,C0045010,Treatment,17alpha-hydroxyprogesterone,825,828,C4085344,Diagnosis,AMH,,,,,690,1309,2,True,1.18,pair.no_trigger|pair.dist_1_3|pair.same_clause|pair.type_prior
PMC9532611_02,PMC9532611,TREATED_WITH,affirmed,Concept,825,828,C4085344,Diagnosis,AMH,830,852,C0066928,Treatment,anti-Mullerian hormone,,,,,690,1309,0,True,1.8,pair.no_trigger|pair.dist_0|pair.same_clause|pair.type_prior
PMC9532611_02,PMC9532611,REVEALED_BY,affirmed,Concept,1035,1074,C0872318,Exam,liquid chromatography-mass spectrometry,1014,1016,C0332133,Finding,AD,,,,,690,1309,3,True,1.0,pair.no_trigger|pair.dist_1_3|pair.same_clause|orient.swapped
PMC9532611_02,PMC9532611,HAS_DIAGNOSIS,affirmed,Person,,,,Person,,1940,1970,C0001627,Diagnosis,congenital adrenal hyperplasia,associated with,1924,1939,,1905,2393,6,False,1.994,score.trigger_weight|pair.dist_4_10|pair.cross_clause|pair.patient_anchor
PMC9532611_02,PMC9532611,TREATED_WITH,affirmed,Concept,2041,2043,C0045550,Treatment,B2,2047,2050,C0050288,Treatment,17A,,,,,1905,2393,1,True,1.2,pair.no_trigger|pair.dist_1_3|pair.same_clause|pair.type_prior
PMC9969157_01,PMC9969157,HAS_DIAGNOSIS,affirmed,Concept,171,180,C0549206,Finding,pregnancy,222,242,C0085207,Diagnosis,gestational diabetes,complicated by,185,199,,0,332,4,True,3.394,score.trigger_weight|pair.dist_4_10|pair.same_clause|pair.type_prior
PMC9969157_01,PMC9969157,HAS_DIAGNOSIS,affirmed,Concept,171,180,C0549206,Finding,pregnancy,247,271,C0852036,Diagnosis,gestational hypertension,complicated by,185,199,,0,332,7,False,5.394,score.trigger_weight|pair.dist_4_10|pair.same_clause|pair.type_prior|pair.coordinate
PMC9969157_01,PMC9969157,COORDINATE_WITH,affirmed,Concept,72,81,C1277583,Finding,gravida 3,83,89,C0233072,Finding,para 3,,,,,0,332,0,False,1.0,pair.no_trigger|pair.dist_0|pair.cross_clause|pair.type_prior|pair.coordinate
PMC9969157_01,PMC9969157,COORDINATE_WITH,affirmed,Concept,222,242,C0085207,Diagnosis,gestational diabetes,247,271,C0852036,Diagnosis,gestational hypertension,,,,,0,332,1,False,1.2,pair.no_trigger|pair.dist_1_3|pair.cross_clause|pair.type_prior|pair.coordinate
PMC9969157_01,PMC9969157,HAS_FINDING,family,Concept,279,293,C0241889,Finding,family history,310,319,C5571115,Finding,a sibling,,,,,0,332,2,True,1.2,pair.no_trigger|pair.dist_1_3|pair.same_clause|pair.type_prior
PMC9969157_01,PMC9969157,TREATED_WITH,affirmed,Person,,,,Person,,362,378,C0007876,Treatment,cesarean section,delivered by,349,361,,333,506,5,False,1.994,score.trigger_weight|pair.dist_4_10|pair.cross_clause|pair.patient_anchor
PMC9969157_01,PMC9969157,CAUSED_BY,family,Concept,362,378,C0007876,Treatment,cesarean section,429,447,C3656218,Finding,maternal morbidity,due to,402,408,CAUSE,333,506,9,True,2.554,score.trigger_weight|pair.dist_4_10|pair.same_clause
PMC9969157_01,PMC9969157,HAS_DIAGNOSIS,family,Concept,429,447,C3656218,Finding,maternal morbidity,464,476,C0032914,Diagnosis,preeclampsia,associated with,448,463,,333,506,2,True,4.194,score.trigger_weight|pair.dist_1_3|pair.same_clause|pair.type_prior
PMC9969157_01,PMC9969157,COORDINATE_WITH,family,Concept,1025,1033,C1858460,Finding,maternal,1034,1048,C0162739,Diagnosis,HELLP syndrome,,,,,955,1229,0,True,3.7,pair.no_trigger|pair.dist_0|pair.same_clause|pair.type_prior|pair.coordinate
PMC9969157_01,PMC9969157,REVEALED_BY,affirmed,Concept,1474,1488,C0013516,Exam,Echocardiogram,1555,1575,C0016522,Diagnosis,patent foramen ovale,showed,1511,1517,REVEAL,1474,1576,10,False,2.227,score.trigger_weight|pair.dist_4_10|pair.cross_clause|pair.type_prior
PMC9969157_01,PMC9969157,HAS_FINDING,affirmed,Concept,2138,2143,C3842672,Finding,day 7,2185,2196,C0428977,Finding,bradycardia,started to,2165,2175,TREAT,2135,2284,8,False,1.054,score.trigger_weight|pair.dist_4_10|pair.cross_clause|pair.type_prior
PMC9969157_01,PMC9969157,REVEALED_BY,affirmed,Concept,2401,2406,C1962945,Exam,x-ray,2431,2442,C0333139,Finding,pneumatosis,demonstrated,2418,2430,REVEAL,2388,2525,1,True,5.027,score.trigger_weight|pair.dist_1_3|pair.same_clause|pair.type_prior
PMC9969157_01,PMC9969157,LOCATED_IN,affirmed,Person,,,,Person,,2561,2566,C0021853,BodyPart,bowel,managed conservatively with,2533,2560,TREAT,2526,2656,5,False,1.369,score.trigger_weight|pair.dist_4_10|pair.cross_clause|pair.patient_anchor
PMC9969157_01,PMC9969157,TREATED_WITH,affirmed,Person,,,,Person,,2678,2702,C0030548,Treatment,total parental nutrition,maintained on,2664,2677,,2657,2804,4,False,1.994,score.trigger_weight|pair.dist_4_10|pair.cross_clause|pair.patient_anchor
PMC9969157_01,PMC9969157,TREATED_WITH,affirmed,Concept,2678,2702,C0030548,Treatment,total parental nutrition,2704,2707,C0030548,Treatment,TPN,,,,,2657,2804,0,True,1.0,pair.no_trigger|pair.dist_0|pair.same_clause|pair.type_prior
PMC9969157_01,PMC9969157,COORDINATE_WITH,affirmed,Concept,2725,2735,C0147020,Treatment,TrophAmine,2737,2744,C0017725,Treatment,glucose,,,,,2657,2804,0,False,1.0,pair.no_trigger|pair.dist_0|pair.cross_clause|pair.type_prior|pair.coordinate
PMC9969157_01,PMC9969157,COORDINATE_WITH,affirmed,Concept,2737,2744,C0017725,Treatment,glucose,2745,2753,C0574032,Treatment,infusion,,,,,2657,2804,0,True,3.0,pair.no_trigger|pair.dist_0|pair.same_clause|pair.type_prior|pair.coordinate
